# Sign values from the Oracc Sign List (osl.asl), CC0, https://github.com/oracc/osl
# commit 193cadfb13bccae6f1f36a8e100ce5660b9e1605, osl.asl sha256 8a67f2bc17967459098e4bdb913586d07a3120b04f7a72750d78523c2134ad47
# Built by weft.akkadian.build_sign_table. value<TAB>sign<TAB>cuneiform
%akk	|AN.SAG@g|	𒀭𒊨
%akk/n	DU@s	𒁽
%elx	ANŠE	𒀲
/	P₁	𒑰
:	P₂	𒑱
:"	P₃	𒑲
:.	P₄	𒑳
::	P₅	𒑴
a	A	𒀀
a-gar₃	|A.GAR₃|	𒀀𒃼
a-gar₅	|A.LU₃|	𒀀𒈖
a-ra₂	|A.DU|	𒀀𒁺
a-rin₄-na	|A.LU₂@s.NA|	𒀀𒈕𒈾
ab	AB	𒀊
aba	AB	𒀊
aba₃	AD	𒀜
aba₄	AB@g	𒀕
abba	AB	𒀊
abbar	|LAGAB×A|	𒆹
abbaraₓ	|LAGAB×A|	𒆹
abbarₓ	|LAGAB×GAR|	𒇅
abba₂	|AB×AŠ₂|	𒀋
abbununna	|UD.HU.HI.NUN|	𒌓𒄷𒄭𒉣
abbununnu	|UD.HU.HI.NUN|	𒌓𒄷𒄭𒉣
abgal	|NUN.ME|	𒉣𒈨
ablal	|LAGAB×(A.LAL)|	𒆼
ablal₂	|LAGAB×A|	𒆹
ablal₃	|LAGAB×(U.A)|	𒇦
ablalₓ	|LAGAB×KIN|	𒇐
abni₂	|KI.NE|	𒆠𒉈
abrig	|NUN.ME.DU|	𒉣𒈨𒁺
absin	|KI.AŠ.AŠ|	𒆠𒀸𒀸
absin₂	|AB.NAM|	𒀊𒉆
absin₃	APIN	𒀳
absu	|ZU.AB|	𒍪𒀊
abul	|KA₂.GAL|	𒆍𒃲
abula	|KA₂.GAL|	𒆍𒃲
abulla	|KA₂.GAL|	𒆍𒃲
abzu	|ZU.AB|	𒍪𒀊
abšin₃	APIN	𒀳
ab₂	AB₂	𒀖
ab₃	AD	𒀜
ab₄	AB@g	𒀕
abₓ	|AN.AN|	𒀭𒀭
ad	AD	𒀜
ad-kid	|AD.KID|	𒀜𒆤
ad-kidₓ	|AD.E₂|	𒀜𒂍
ada	AD	𒀜
adab	|UD.NUN|	𒌓𒉣
adaba	|UD.NUN|	𒌓𒉣
adabₓ	|KA×ŠU|	𒆃
adad	IM	𒅎
adama	|BAD.MI|	𒁁𒈪
adamen	|LU₂@LU₂|	𒈓
adamen₂	|LUGAL&LUGAL|	𒈘
adamen₃	|GIŠ%GIŠ|	𒄒
adamen₄	|NUN%NUN|	𒉫
adamen₅	|EN%EN|	𒂛
adamin	|LU₂@LU₂|	𒈓
adamin₂	|LUGAL&LUGAL|	𒈘
adamin₃	|GIŠ%GIŠ|	𒄒
adamin₄	|NUN%NUN|	𒉫
adamin₅	|EN%EN|	𒂛
adaminₓ	|EN@EN|	𒂜
adamu	|BAD.MI|	𒁁𒈪
adaₓ	|LU₂×BAD|	𒇿
adda	|LU₂×BAD|	𒇿
adda₂	|LU×BAD|	𒇼
adda₃	|U₂.GIR₂@g|	𒌑𒄉
adda₄	GIR₂@g	𒄉
addaₓ	|BAD.LU₂|	𒁁𒇽
addir	|A.PA.GISAL.PAD.SI.A|	𒀀𒉺𒄐𒉻𒋛𒀀
addir₃	|PA.GISAL.PAD|	𒉺𒄐𒉻
addirₓ	|A.GISAL.GAD.GAR.A.SI|	𒀀𒄐𒃰𒃻𒀀𒋛
addu₂	|U₂.GIR₂@g|	𒌑𒄉
addu₃	GIR₂@g	𒄉
addu₄	ZA@t	𒍞
adgub	|AD.KID|	𒀜𒆤
adgubₓ	KID	𒆤
adkin	|SIK₂.LAM|	𒋠𒇴
adkinₓ	ŠEŠ₂	𒋁
ad₂	GIR₂@g	𒄉
ad₃	|LU×BAD|	𒇼
ad₄	ZA@t	𒍞
ad₅	|U₂.GIR₂@g|	𒌑𒄉
ad₆	|LU₂×BAD|	𒇿
ad₇	LU₂@s	𒈕
ad₈	|LU₂@s×BAD|	𒎉
adₓ	|BAD.LU₂|	𒁁𒇽
ag	AK	𒀝
aga	DUN₃@g@g	𒂇
aga-us₂	|DUN₃@g.UŠ|	𒂆𒍑
agal	|KA×GAL|	𒅣
agam	|A×BAD|	𒀂
aganₓ	KA₂	𒆍
agargara	NUN@t	𒉩
agarim	|GA₂×AN.AN.MUŠ₃|	𒂼𒀭𒈹
agarin	|AB×DUN₃@g|	𒀌
agarin₂	|AB×GAN₂@t|	𒀎
agarin₃	|GA₂×AN.DUN₃@g|	𒂼𒂆
agarin₄	|GA₂×AN.ŠIM|	𒂼𒋆
agarin₅	|GA₂×AN.ŠIM×GAR|	𒂼𒋋
agarinₓ	AB	𒀊
agar₂	|LAGAB×IGI@g|	𒇋
agar₃	|LAGAB×(A.GAR)|	𒆻
agar₄	IGI@g	𒅊
agar₅	|IM%IM|	𒅐
agar₆	|IM.DUGUD|	𒅎𒂂
agaš	|BAD.X|	𒁁X
aga₂	|NINDA₂×NE|	𒉘
aga₃	DUN₃@g	𒂆
agaₓ	IL₂	𒅍
agrig	|IGI.DUB|	𒅆𒁾
agrigₓ	|IGI.ZI|	𒅆𒍣
agrun	|E₂.NUN|	𒂍𒉣
agrunaₓ	|E₂.NUN|	𒂍𒉣
agruₓ	|E₂.NUN|	𒂍𒉣
agu	DUN₃@g@g	𒂇
agu₂	KA	𒅗
ag₂	|NINDA₂×NE|	𒉘
ag₃	ŠID	𒋃
agₓ	|NINDA₂×ŠE|	𒉚
ah	|HI×NUN|	𒄴
aha	|HI×NUN|	𒄴
aha₂	ŠEŠ	𒋀
aha₃	PAP	𒉽
ahhur	|IGI.A|	𒅆𒀀
ahi	ŠEŠ	𒋀
ahi₂	A₂	𒀉
ahud	|4×IM|	𒅒
ah₂	ŠEŠ	𒋀
ah₃	UD	𒌓
ah₄	ALEPH	𒀪
ah₅	A₂	𒀉
ah₆	|UD.KUŠU₂|	𒌔
ahₓ	GU	𒄖
ai	|A.A|	𒀀𒀀
aia	|A.A|	𒀀𒀀
aia₂	A	𒀀
aia₃	UR	𒌨
aia₄	|LAGAB×A|	𒆹
ak	AK	𒀝
aka	AK	𒀝
akan	|DAG.KISIM₅×GA|	𒁛
akani	|DAG.KISIM₅×GA|	𒁛
akan₂	KA₂	𒆍
akan₃	|LAGAB×LU|	𒇖
akar	|NUN%NUN.LAGAR&LAGAR|	𒉬
akarₓ	|EN%EN|	𒂛
aka₂	|NINDA₂×NE|	𒉘
aka₃	ŠID	𒋃
aka₄	KA₂	𒆍
akaₓ	SAG	𒊕
akiₓ	AK	𒀝
akkan₃	|LAGAB×LU|	𒇖
akkil	|GAD.TAK₄.SI|	𒃰𒋺𒋛
akkil₂	|AD.KID|	𒀜𒆤
akkil₃	|GAD.TAK₄|	𒃰𒋺
akkilₓ	|AB.KID|	𒀊𒆤
akraₓ	|(NUN.LAGAR×SAL)&(NUN.LAGAR×SAL)|	𒉧
aktum	|A.SU|	𒀀𒋢
aktum₂	|SU.A|	𒋢𒀀
akšak	|UD.KUŠU₂|	𒌔
akšak₂	|A.KUŠU₂|	𒀀𒆵
akšak₃	|UD@s.KUŠU₂|	𒌚𒆵
akšakₓ	|EZEN×HA|	𒂩
ak₃	ŠID	𒋃
akₓ	|KA×AD|	𒅙
al	AL	𒀠
ala	URU	𒌷
alad	|KAL×BAD|	𒆘
alad₂	KAL	𒆗
alag	ALAN	𒀩
alal	|ŠID×A|	𒋄
alala	ALAN	𒀩
alalaₓ	|ŠID×A|	𒋄
alalmu	|ŠID×A|	𒋄
alal₂	ŠID	𒋃
alal₃	|GIŠ%GIŠ|	𒄒
alal₄	|GAN₂%GAN₂|	𒃺
alalₓ	GAN₂	𒃷
alam	ALAN	𒀩
alamaₓ	NIM	𒉏
alammuš	|TA×HI|	𒋭
alammušₓ	|MUŠ₃.(TA×HI)|	𒈹X
alamu	|ŠID×A|	𒋄
alamuš	|TA×HI|	𒋭
alamu₂	ŠID	𒋃
alan	ALAN	𒀩
alanₓ	SAG@g	𒊨
alap	GUD	𒄞
alaŋ	ALAN	𒀩
ala₂	|URU.ME.U.U.U|	𒌷𒎌
ala₃	AL	𒀠
alaₓ	BU	𒁍
alba	GA₂	𒂷
alba₂	|KASKAL.KUR|	𒆜𒆳
ale	URU	𒌷
algames	|UD.SAL.HUB₂|	𒌓𒊩𒄸
algameš	|UD.SAL.HUB₂|	𒌓𒊩𒄸
algamešₓ	|SAL.HUB₂|	𒊩𒄸
algamis	|UD.SAL.HUB₂|	𒌓𒊩𒄸
alha	|KASKAL.KUR|	𒆜𒆳
ali	URU	𒌷
alikₓ	|DU.KI|	𒁺𒆠
alim	|GIR₃×(A.IGI)|	𒄋
alima	|GIR₃×(A.IGI)|	𒄋
alimₓ	|GA₂×(A.IGI)|	𒂺
alla	NAGAR	𒉄
almu	|ŠID×A|	𒋄
almu₂	ŠID	𒋃
alu	URU	𒌷
aluraₓ	BAHAR₂	𒁃
alurₓ	BAHAR₂	𒁃
al₂	ALAN	𒀩
al₃	GAN₂	𒃷
al₅	UD	𒌓
al₆	MAH	𒈤
al₈	URU	𒌷
al₉	IL	𒅋
alₓ	AN	𒀭
am	|GUD×KUR|	𒄠
ama	|GA₂×AN|	𒂼
amagiₓ	|MUŠ₃.DI|	𒈹𒁲
amah	|LAGAB×(U.A)|	𒇦
amalu	|GA₂×AN.AN.MUŠ₃|	𒂼𒀭𒈹
amalug	|GA₂×AN.LUL|	𒂼𒈜
amaluₓ	|GA₂×AN.MUŠ₃|	𒂼𒈹
aman	|PAP.PAP|	𒉽𒉽
amar	AMAR	𒀫
amaraₓ	ANŠE	𒀲
amarim	|GA₂×AN.AN.MUŠ₃|	𒂼𒀭𒈹
amat	|SAL.KUR|	𒊩𒆳
amaš	|DAG.KISIM₅×(LU.MAŠ₂)|	𒁦
amaša	|DAG.KISIM₅×(LU.MAŠ₂)|	𒁦
ama₂	|GUD×KUR|	𒄠
ama₄	|GA₂×KAK|	𒃘
ama₅	|GA₂×SAL|	𒃣
ama₆	|LAGAB×AN|	𒆾
amaₓ	|E₂.SAL|	𒂍𒊩
ambar	|LAGAB×A|	𒆹
ambara	|LAGAB×A|	𒆹
ambarₓ	|LAGAB×GAR|	𒇅
ame	|GA₂×AN|	𒂼
amedu	|GA₂×AN.A.TU|	𒂼𒀀𒌅
ame₂	|GA₂×SAL|	𒃣
ameₓ	|E₂.SAL|	𒂍𒊩
ami	|GA₂×AN|	𒂼
ami₂	|GA₂×SAL|	𒃣
amma	KUR	𒆳
ammaₓ	|GA₂×AN|	𒂼
amna	UD	𒌓
amna₂	|U.U|	𒎙
amra	|GIŠ.MA₂.RA|	𒄑𒈣𒊏
amti	|SAL.KUR|	𒊩𒆳
amtu	|SAL.KUR|	𒊩𒆳
amurrum	|MAR.TU|	𒈥𒌅
amuru	|KID.MAH|	𒆤𒈤
amuš	|A×MUŠ|	𒀇
amuša	|A×MUŠ|	𒀇
am₂	|NINDA₂×NE|	𒉘
am₃	|A.AN|	𒀀𒀭
am₄	|GA₂×KAK|	𒃘
am₅	|GA₂×SAL|	𒃣
am₆	AN	𒀭
am₇	PI	𒉿
amₓ	EN	𒂗
an	AN	𒀭
an-na	|AN.NA|	𒀭𒈾
ana	DIŠ	𒁹
ana₂	AN	𒀭
ana₃	AŠ	𒀸
anbar	|LAGAB×A|	𒆹
andulₓ	SAG@g	𒊨
anegi	IM	𒅎
angar	|IM%IM|	𒅐
angur	|LAGAB×HAL|	𒇉
anig	IM	𒅎
aniku	NA	𒈾
anu	AN	𒀭
anubu	KUR	𒆳
anzalub	|ŠA₃.GI|	𒊮𒄀
anzu	|AN.IM.DUGUD|	𒀭𒅎𒂂
anzud	|AN.IM.DUGUD|	𒀭𒅎𒂂
anzud₂	|AN.IM.MI|	𒀭𒅎𒈪
anzu₂	|AN.IM.MI|	𒀭𒅎𒈪
anzuₓ	|AN.HU.MI.IM|	𒀭𒄷𒈪𒅎
anše	ANŠE	𒀲
anše₂	GIR₃	𒄊
anšeₓ	|ANŠE.PA|	𒀲𒉺
anši	ANŠE	𒀲
anšu	ANŠE	𒀲
anšu₂	GIR₃	𒄊
anšuₓ	|ANŠE.PA|	𒀲𒉺
an₂	|GIŠ%GIŠ|	𒄒
anₓ	DIŠ	𒁹
ap	AB	𒀊
apin	APIN	𒀳
apina	APIN	𒀳
ap₂	AB₂	𒀖
ap₃	AD	𒀜
aq	AK	𒀝
aqa	AK	𒀝
aq₂	|NINDA₂×NE|	𒉘
ar	|IGI.RI|	𒅈
ara	ŠA	𒊭
arab	|UD.NUN|	𒌓𒉣
arad	ARAD	𒀴
arad₂	|ARAD×KUR|	𒀵
arad₃	|LAM×KUR|	𒇵
aradₓ	|UŠ×KUR|	𒍔
aragub	DU	𒁺
araha	|E₂.UŠ.BU.DA|	𒂍𒍑𒁍𒁕
arah₃	|GA₂×ŠE|	𒃥
arah₄	|E₂.UŠ.BU.DA|	𒂍𒍑𒁍𒁕
arahₓ	|E₂×ŠE|	𒂒
arala	|E₂.KUR.BAD|	𒂍𒆳𒁁
arali	|E₂.KUR.BAD|	𒂍𒆳𒁁
araliₓ	|URU×GAL|	𒌽
arar	|UD.AB@g|	𒌓𒀕
ararama	|UD.AB@g|	𒌓𒀕
ararama₂	|UD.AB|	𒌓𒀊
ararim	|URU×A|	𒌸
ararimₓ	|URU×UD|	𒍍
ararma	|UD.AB@g|	𒌓𒀕
ararma₂	|UD.AB|	𒌓𒀊
arata	|LAM×(KUR.RU)|	𒇶
aratta	|LAM×(KUR.RU)|	𒇶
arattaₓ	|LAM.HI×DIŠ|	𒇴𒄱
araṭa	|LAM×(KUR.RU)|	𒇶
ara₂	UB	𒌒
ara₃	|HI×AŠ₂|	𒄯
ara₄	|UD.DU|	𒌓𒁺
ara₅	|HI×AŠ₂.HI×AŠ₂|	𒄯𒄯
ara₆	DU	𒁺
ara₇	UD	𒌓
ara₈	|IGI.RI|	𒅈
arba	4(AŠ)	𒐂
arda	ARAD	𒀴
argab	|GAR.IB|	𒃻𒅁
arhus₂	|NUN.LAGAR×SAL|	𒉦
arhuš	|GA₂×SAL|	𒃣
arhuš₂	|NUN.LAGAR×SAL|	𒉦
arhuš₄	|GA₂×AN|	𒂼
arhuš₅	|A₂.TUR|	𒀉𒌉
arhuš₆	|A₂.SAL|	𒀉𒊩
arhuš₇	|A₂.GA₂×SAL|	𒀉𒃣
arhušₓ	|E₂.ŠA₃|	𒂍𒊮
ari	URI	𒌵
arina	|MUŠ%MUŠ.A.NA|	𒈸𒀀𒈾
arinaₓ	|A.LU₂@s.NA|	𒀀𒈕𒈾
ari₂	IDIM	𒅂
ari₃	PA	𒉺
ari₅	|PA.ME.U.U.U|	𒉺𒎌
ari₆	SUM	𒋧
ariₓ	GIR₂@g	𒄉
arkab	|GAR.IB|	𒃻𒅁
arkab₂	ARKAB₂	𒀶
arkabₓ	|ARKAB₂.IB|	𒀶𒅁
arrap	4(AŠ)	𒐂
aru	PA	𒉺
aruruₓ	|SAL.TUG₂.BAHAR₂|	𒎏𒁃
arxₓ	|UR₂×(U₂.BI)|	𒌳
ar₂	UB	𒌒
ar₃	|HI×AŠ₂|	𒄯
ar₅	GAM	𒃵
ar₆	DU	𒁺
arₓ	SUM	𒋧
as	|PIRIG×ZA|	𒊍
asa	|PIRIG×ZA|	𒊍
asag	|KU₃.AN|	𒆬𒀭
asagₓ	|GA₂×ŠE|	𒃥
asal	|URU×IGI|	𒍂
asal₂	|A.TU.GABA.LIŠ|	𒀀𒌅𒃮𒇺
asalₓ	|TU.GABA.LIŠ|	𒌅𒃮𒇺
asar	|URU×IGI|	𒍂
asara	|URU×IGI|	𒍂
asari	|URU×IGI|	𒍂
asaru	|URU×IGI|	𒍂
asar₂	|A.TU.GABA.LIŠ|	𒀀𒌅𒃮𒇺
asaŋ	|E₂.ŠE|	𒂍𒊺
asaŋₓ	|E₂×ŠE|	𒂒
asa₂	AŠ₂	𒀾
asaₓ	|KU₃.AN|	𒆬𒀭
asi	|A.ŠE.NUN&NUN|	𒀀𒌁
asil	|EZEN×LAL₂|	𒂰
asila	|EZEN×LAL₂|	𒂰
asilal	|EZEN×LAL₂|	𒂰
asilal₂	ŠIM	𒋆
asilal₃	|EZEN×A|	𒂢
asilal₄	|EZEN×(A.LAL₂)|	𒂤
asilal₅	|EZEN×(A.LAL)|	𒂣
asilal₆	|EZEN×UD|	𒂴
asilalₓ	EZEN	𒂡
asila₂	ŠIM	𒋆
asila₃	|EZEN×A|	𒂢
asila₄	|EZEN×(A.LAL₂)|	𒂤
asila₅	|EZEN×(A.LAL)|	𒂣
asila₆	|EZEN×UD|	𒂴
asilaₓ	EZEN	𒂡
asillal₃	|EZEN×A|	𒂢
asilla₂	ŠIM	𒋆
asil₃	|EZEN×A|	𒂢
asil₄	|EZEN×(A.LAL₂)|	𒂤
asil₅	|EZEN×(A.LAL)|	𒂣
asil₆	|EZEN×UD|	𒂴
asilₓ	EZEN	𒂡
aski	|AŠ.HI×DIŠ.GI₄|	𒀸𒄱𒄄
aslum	|LAGAB×A|	𒆹
aslumₓ	|A.LUM|	𒀀𒈝
asudₓ	GAM	𒃵
as₂	AŠ₂	𒀾
as₃	AŠ	𒀸
as₄	|LAGAB×A|	𒆹
as₄-lum	|LAGAB×A.LUM|	𒆹𒈝
as₅	ŠIR	𒋓
as₆	|HI×DIŠ|	𒄱
asₓ	|LAGAB×GAR|	𒇅
at	AD	𒀜
atum	|NI.UD.KI|	𒎎𒆠
atumₓ	|NI.UD|	𒎎
at₂	GIR₂@g	𒄉
au	|A.PA.GISAL.PAD.SI.A|	𒀀𒉺𒄐𒉻𒋛𒀀
aw	PI	𒉿
aya	|A.A|	𒀀𒀀
ayayaₓ	|A.A.A|	𒀀𒀀𒀀
aya₂	A	𒀀
aya₂-aya₂	|A×A|	𒀁
aya₃	UR	𒌨
aya₄	|LAGAB×A|	𒆹
ayaₓ	HA	𒄩
aye	|A.A|	𒀀𒀀
ayi	|A.A|	𒀀𒀀
ayu	|A.A|	𒀀𒀀
ayya	|A.A|	𒀀𒀀
ayye	|A.A|	𒀀𒀀
ayyi	|A.A|	𒀀𒀀
ayyu	|A.A|	𒀀𒀀
az	|PIRIG×ZA|	𒊍
aza	|PIRIG×ZA|	𒊍
azad	|A.LAGAB×KUL.MA₂.ŠU₂.A|	𒀀𒇒𒈣𒋙𒀀
azad₂	TAK₄	𒋺
azadₓ	|SAG×NI.BU|	X𒁍
azag	|KU₃.AN|	𒆬𒀭
azag₂	|A₂.PA|	𒀉𒉺
azak	|KU₃.AN|	𒆬𒀭
azalag	|TUG₂.UD|	𒌆𒌓
azalag₂	TUG₂	𒌆
azalag₃	|GIŠ.TUG₂.PI.TE.A.DU|	𒄑𒌆𒉿𒋼𒀀𒁺
azalag₄	|GIŠ.TUG₂.TE.A.DU|	𒄑𒌆𒋼𒀀𒁺
azalag₅	|GIŠ.TUG₂.PI.TE.A|	𒄑𒌆𒉿𒋼𒀀
azalag₆	|GIŠ.TUG₂.TE.A|	𒄑𒌆𒋼𒀀
azalag₇	|LU₂×TUG₂|	𒈐
azalₓ	|A.TU.GABA.LIŠ|	𒀀𒌅𒃮𒇺
aza₂	|KU₃.AN|	𒆬𒀭
azlag	|TUG₂.UD|	𒌆𒌓
azlaggalₓ	|GAL.GIŠ.TUG₂.TE.A.DU|	𒃲𒄑𒌆𒋼𒀀𒁺
azlag₂	TUG₂	𒌆
azlag₃	|GIŠ.TUG₂.PI.TE.A.DU|	𒄑𒌆𒉿𒋼𒀀𒁺
azlag₄	|GIŠ.TUG₂.TE.A.DU|	𒄑𒌆𒋼𒀀𒁺
azlag₅	|GIŠ.TUG₂.PI.TE.A|	𒄑𒌆𒉿𒋼𒀀
azlag₆	|GIŠ.TUG₂.TE.A|	𒄑𒌆𒋼𒀀
azlag₇	|LU₂×TUG₂|	𒈐
azlagₓ	|GIŠ.TUG₂.DU|	𒄑𒌆𒁺
azu	|ZU₅×A|	𒍬
azubir	|HI×AŠ₂.SAG|	𒄯𒊕
azudₓ	GAM	𒃵
azugna	|HI×AŠ₂.SAG|	𒄯𒊕
azukna	|HI×AŠ₂.SAG|	𒄯𒊕
azuₓ	|A.ZU₅|	𒀀𒍫
az₂	AŠ₂	𒀾
az₃	AŠ	𒀸
aŋarin	|AB×DUN₃@g|	𒀌
aŋarin₂	|AB×GAN₂@t|	𒀎
aŋarin₃	|GA₂×AN.DUN₃@g|	𒂼𒂆
aŋarin₄	|GA₂×AN.ŠIM|	𒂼𒋆
aŋarin₅	|GA₂×AN.ŠIM×GAR|	𒂼𒋋
aŋarinₓ	|AB×HA|	𒀏
aŋarŋara	NUN@t	𒉩
aŋar₅	|IM%IM|	𒅐
aŋar₆	|IM.DUGUD|	𒅎𒂂
aŋa₂	|NINDA₂×NE|	𒉘
aŋa₃	DUN₃@g	𒂆
aŋrig	|IGI.DUB|	𒅆𒁾
aŋ₂	|NINDA₂×NE|	𒉘
aŋ₃	ŠID	𒋃
aš	AŠ	𒀸
aš-šur	|AŠ+SUR|	𒀸𒋩
aš@t	AŠ@t	𒀹
aša	AŠ	𒀸
ašag	GAN₂	𒃷
ašalₓ	|A.TU.GABA.LIŠ|	𒀀𒌅𒃮𒇺
ašarid	|IGI.DU|	𒅆𒁺
ašar₂	|A.TU.GABA.LIŠ|	𒀀𒌅𒃮𒇺
ašaŋ₂	|GA₂×ŠE|	𒃥
aša₂	AŠ₂	𒀾
aša₃	6(DIŠ)	𒐋
aša₅	GAN₂	𒃷
ašbarₓ	PEŠ₂	𒉾
ašdar	|U.DAR|	𒌋𒁯
ašgab	AŠGAB	𒀿
ašgabgalₓ	|GAL.AŠGAB|	𒃲𒀿
ašgarₓ	GAR₃	𒃼
ašgi	|AŠ.HI×DIŠ.GI₄|	𒀸𒄱𒄄
ašgi₂	ŠIR	𒋓
ašita	|A₂.U.KID|	𒀉𒌋𒆤
aški	|ZI&ZI.LAGAB|	𒍤𒆸
aškiₓ	|A.ZI&ZI|	𒀀𒍤
aškud	|A₂.MUŠ₃@g|	𒀉𒈽
aškud₂	|A₂.MUŠ₃|	𒀉𒈹
aškudₓ	|A.ZA.MUŠ₃@g|	𒀀𒍝𒈽
ašlag	|TUG₂.UD|	𒌆𒌓
ašlag₂	TUG₂	𒌆
ašlag₃	|GIŠ.TUG₂.PI.TE.A.DU|	𒄑𒌆𒉿𒋼𒀀𒁺
ašlag₄	|GIŠ.TUG₂.TE.A.DU|	𒄑𒌆𒋼𒀀𒁺
ašlag₅	|GIŠ.TUG₂.PI.TE.A|	𒄑𒌆𒉿𒋼𒀀
ašlag₆	|GIŠ.TUG₂.TE.A|	𒄑𒌆𒋼𒀀
ašlag₇	|LU₂×TUG₂|	𒈐
ašlug	|E₂.UŠ.BU.DA|	𒂍𒍑𒁍𒁕
ašnan	|ŠE.ŠE.NUN&NUN|	𒊺𒌁
ašnana	|ŠE.ŠE.NUN&NUN|	𒊺𒌁
ašnan₂	ŠE	𒊺
ašnanₓ	|ŠE.NUN&NUN|	𒌁
ašta	|GAD.TAK₄|	𒃰𒋺
ašte	|A₂.U.KID|	𒀉𒌋𒆤
ašte₂	|LAGAB×A|	𒆹
ašteₓ	|LAGAB×GAR|	𒇅
aštub	GUD	𒄞
ašša	AŠ	𒀸
aššan	|AN.DU.AN|	𒀭𒁺𒀭
ašša₂	|GAD.TAK₄|	𒃰𒋺
ašša₃	6(DIŠ)	𒐋
aš₁₀	DIŠ	𒁹
aš₁₁	AŠ@t	𒀹
aš₂	AŠ₂	𒀾
aš₃	6(DIŠ)	𒐋
aš₄	|TAB.TAB.TAB|	𒋰𒋰𒋰
aš₅	|SIK₂.LAM.SUHUR|	𒋠𒇴𒋦
aš₆	|SIK₂.LAM|	𒋠𒇴
aš₇	ŠIR	𒋓
aš₇-gi₄	|ŠIR.GI₄|	𒋓𒄄
aš₈	|HI×DIŠ|	𒄱
aš₉	|AŠ&AŠ&AŠ.AŠ&AŠ&AŠ|	𒀼𒀼
ašₓ	AB	𒀊
aʾ	ALEPH	𒀪
aʾa₃	|LAGAB×A|	𒆹
aʾuʾu	|A.PA.GISAL.PAD.SI.A|	𒀀𒉺𒄐𒉻𒋛𒀀
aʾ₂	|HI×NUN|	𒄴
aʾ₃	E₂	𒂍
aṣ	|PIRIG×ZA|	𒊍
aṣ₂	AŠ₂	𒀾
aṣ₃	AŠ	𒀸
aṭ	AD	𒀜
aṭu	|U₂.GIR₂@g|	𒌑𒄉
aṭ₂	GIR₂@g	𒄉
a₁₀	ŠA₆	𒊷
a₁₁	AN	𒀭
a₁₂	UD	𒌓
a₁₂-ra₂-bu	|UD.DU.BU|	𒌓𒁺𒁍
a₁₃	|UD×(U.U.U)|	𒌗
a₁₄	E₂	𒂍
a₂	A₂	𒀉
a₃	PI	𒉿
a₄	|A.AN|	𒀀𒀭
a₅	AK	𒀝
a₆	U	𒌋
a₇	HA	𒄩
a₈	UR	𒌨
a₉	|LAGAB×A|	𒆹
aₓ	DA	𒁕
ba	BA	𒁀
bab	PAP	𒉽
babar	UD	𒌓
babar₂	|UD.UD|	𒌓𒌓
baba₂	KA₂	𒆍
babbar	UD	𒌓
babbar₂	|UD.UD|	𒌓𒌓
babila	|KA₂.AN|	𒆍𒀭
babila₂	|KA₂.AN.RA|	𒆍𒀭𒊏
babilaₓ	|DIN.ŠE.NUN&NUN|	𒁷𒌁
babilim	|KA₂.AN|	𒆍𒀭
babilima	|KA₂.AN|	𒆍𒀭
babilima₂	|KA₂.AN.RA|	𒆍𒀭𒊏
babilim₂	|KA₂.AN.RA|	𒆍𒀭𒊏
babir	|ŠIM×GAR|	𒋋
babir₂	ŠIM	𒋆
babu	KA₂	𒆍
bab₂	UD	𒌓
bad	BAD	𒁁
bada	BAD	𒁁
bada₃	|EZEN×BAD|	𒂦
badi	IGI	𒅆
bad₂	PAD	𒉻
bad₃	|EZEN×BAD|	𒂦
bad₄	|KI.KAL|	𒆠𒆗
bad₅	IGI	𒅆
badₓ	EZEN	𒂡
baeš	AŠ₂	𒀾
bag	HU	𒄷
bag₂	|DIŠ@k.DIŠ@k.DIŠ@k.DIŠ@k|	XXXX
bag₃	BAG₃	𒁂
bah	HU	𒄷
bahar	GUD	𒄞
bahargalₓ	|GAL.BAR.EDIN|	𒃲𒁇𒂔
bahar₂	BAHAR₂	𒁃
bahar₃	|U.EDIN|	𒌋𒂔
bahar₄	|BAR.EDIN|	𒁇𒂔
bahar₅	|DUG.SILA₃.BUR.NA|	𒂁𒋡𒁓𒈾
baharₓ	|A.BAR.BAHAR₂|	𒀀𒁇𒁃
bah₃	LUL	𒈜
bak	HU	𒄷
bakiru	|U.SAR|	𒌋𒊬
bakirum	|U.SAR|	𒌋𒊬
bak₂	|DIŠ@k.DIŠ@k.DIŠ@k.DIŠ@k|	XXXX
bak₃	BAG₃	𒁂
bal	BAL	𒁄
bala	BAL	𒁄
balag	BALAG	𒁆
balak	BAL	𒁄
balaŋ	BALAG	𒁆
balaₓ	LAK20	󰂆
baliha	|KASKAL.KUR|	𒆜𒆳
balla	|GAR.SAG.IL₂.EZEN.UŠ|	𒃻𒊕𒅍𒂡𒍑
balla₂	|GAR.SAG.IL₂.EZEN.SAL|	𒃻𒊕𒅍𒂡𒊩
ballaₓ	|GAR.SAG.KEŠ₂.SAL|	𒃻𒊕𒆟𒊩
bal₂	BUR₂	𒁔
bal₃	|AL×AL|	𒀡
bal₄	|AL×KI|	𒀦
bamen	2(BAN₂)	𒑐
bamin	2(BAN₂)	𒑐
ban	PAN	𒉼
bana	PAN	𒉼
banda₂	1(BAN₂)	𒑏
banda₃	TUR	𒌉
banda₄	IDIM	𒅂
banda₅	|SIG₄.IDIM|	𒋞𒅂
bandiliša	KU₇	𒆯
bandurₓ	HA@t	𒄪
baneš	AŠ₂	𒀾
bangašₓ	|U.U.U.6(DIŠ)|	𒌍𒐋
bania	|AŠ₂.U&U|	𒀾X
banlimmu	|AŠ₂.U|	𒀾𒌋
banmin	2(BAN₂)	𒑐
bansur	|URU×URUDA|	𒍎
bansur₂	|IDIM&IDIM.BUR|	𒅃
bansur₃	KAD₅	𒆓
banšur	|URU×URUDA|	𒍎
banšura	|URU×URUDA|	𒍎
banšur₂	|IDIM&IDIM.BUR|	𒅃
banšur₃	KAD₅	𒆓
banšurₓ	|LAK648×DUB|	𒔎
ban₂	1(BAN₂)	𒑏
ban₃	TUR	𒌉
ban₄	KAK	𒆕
banₓ	|LAGAB.LAGAB|	𒆸𒆸
bap	PAP	𒉽
bappir	|ŠIM×GAR|	𒋋
bappira	|ŠIM×GAR|	𒋋
bappira₂	ŠIM	𒋆
bappira₃	|BI×GAR|	𒁋
bappiruₓ	ŠIM	𒋆
bappir₂	ŠIM	𒋆
bappir₃	|BI×GAR|	𒁋
baq	HU	𒄷
bar	BAR	𒁇
bara	BAR	𒁇
barag	BARA₂	𒁈
barag₂	DAG	𒁖
baragₓ	BAD	𒁁
bara₁₀	|GA₂×IGI@g|	𒃖
bara₂	BARA₂	𒁈
bara₃	DAG	𒁖
bara₄	BAD	𒁁
bara₅	|LAGAB×EN|	𒇃
bara₆	|LAGAB×(ME.EN)|	𒇙
bara₇	|LAGAB×IGI@g|	𒇋
bara₈	|LAGAB×TAK₄|	𒇣
bara₉	|LAGAB×LUL|	𒇗
baraₓ	NE	𒉈
bare	BAR	𒁇
bargi	|U&U.U@v&U@v|	𒌐
barig	DIŠ	𒁹
barim	DU@s	𒁽
barimₓ	|PA.DU@s|	𒉺𒁽
barsip	|EZEN×BAD.SI.AB.BA|	𒂦𒋛𒀊𒁀
barzil	|AN.AŠ.AN|	𒀭𒀸𒀭
bar₂	BARA₂	𒁈
bar₃	DAG	𒁖
bar₄	|NI.UD|	𒎎
bar₅	SIG₄	𒋞
bar₆	UD	𒌓
bar₇	NE	𒉈
bar₈	|EN×GAN₂@t|	𒂙
barₓ	A	𒀀
bat	BAD	𒁁
bata	BAD	𒁁
batu	|U.U.U|	𒌍
bat₂	PAD	𒉻
bat₃	|EZEN×BAD|	𒂦
bat₅	IGI	𒅆
batₓ	BI	𒁉
bazbazₓ	|ŠE.HU|	𒊻
baštum	KAL	𒆗
baṭ	BAD	𒁁
ba₁₀	PAN	𒉼
ba₁₁	|KA×GAN₂@t|	𒅤
ba₁₃	ME	𒈨
ba₁₄	PAP	𒉽
ba₁₅	BAR	𒁇
ba₂	PA	𒉺
ba₃	|U.U.U|	𒌍
ba₄	GA₂	𒂷
ba₅	|KA×IM|	𒅮
ba₆	U₂	𒌑
ba₇	MAŠ	𒈦
ba₈	|EZEN×BAD|	𒂦
ba₉	BAD	𒁁
baₓ	PI	𒉿
be	BAD	𒁁
bebad	|ŠE.HU.TUR|	𒊻𒌉
bed	E₂	𒂍
bed₃	KU	𒆪
bek	SIG	𒋝
bel	NE	𒉈
belili	ALAN	𒀩
bel₂	NE@s	𒉋
ber	|HI×ŠE|	𒄵
ber₂	UD	𒌓
ber₅	NAM	𒉆
ber₆	|ŠA₃×(U.A)|	𒊶
ber₇	|ŠA₃×A|	𒊯
bet	E₂	𒂍
betu	E₂	𒂍
bet₃	KU	𒆪
bešeŋ	GA₂	𒂷
beš₁₂	UD	𒌓
be₂	BI	𒁉
be₃	NI	𒉌
be₄	BA	𒁀
be₅	KU	𒆪
be₆	PI	𒉿
be₇	NE	𒉈
bi	BI	𒁉
bibad	|ŠE.HU.TUR|	𒊻𒌉
bibe	|ŠE.HU.TUR|	𒊻𒌉
bibra	HUL₂	𒄾
bibri	HUL₂	𒄾
bid	E₂	𒂍
bid₂	BAD	𒁁
bid₃	KU	𒆪
big	SIG	𒋝
bik	SIG	𒋝
bil	NE	𒉈
bila	NE	𒉈
bilgaₓ	GIŠ	𒄑
bili	NE	𒉈
billuda	|PA.AN|	𒉺𒀭
billudu	|PA.AN|	𒉺𒀭
biltu	|GU₂.KALAM@g|	𒄘𒌦
biluda	|PA.AN|	𒉺𒀭
bil₂	NE@s	𒉋
bil₃	|GIŠ.NE@s|	𒄑𒉋
bil₄	|GIŠ.NE|	𒄑𒉈
bilₓ	EDIN	𒂔
bin	APIN	𒀳
bir	|HI×ŠE|	𒄵
birbirₓ	NE	𒉈
birdu	|KAL.EDIN|	𒆗𒂔
biri	|HI×ŠE|	𒄵
bir₂	UD	𒌓
bir₄	EDIN	𒂔
bir₅	NAM	𒉆
bir₆	|ŠA₃×(U.A)|	𒊶
bir₇	|ŠA₃×A|	𒊯
bir₈	|A.SUD|	𒀀𒋤
bir₉	NE	𒉈
birₓ	BURU₅	𒉅
bisag	GA₂	𒂷
bisag₂	ŠID	𒋃
bisag₃	|ŠID×A|	𒋄
bisagₓ	|GA₂×GI|	𒃍
bisan	GA₂	𒂷
bisan₂	ŠID	𒋃
bisan₃	|ŠID×A|	𒋄
bisanₓ	|GA₂×GI|	𒃍
bisaŋ	GA₂	𒂷
bisaŋ₂	ŠID	𒋃
bisaŋ₃	|ŠID×A|	𒋄
bis₂	HA@g	𒄫
bit	E₂	𒂍
biti	E₂	𒂍
bitu	E₂	𒂍
bitum	E₂	𒂍
bit₂	BAD	𒁁
bit₃	KU	𒆪
biz	BI	𒁉
bizaza	|KA.BALAG.GA₂.TE.A.DU@s.ZA.NA|	𒅗𒁆𒂷𒋼𒀀𒁽𒍝𒈾
bizeg₃	|ŠID×A|	𒋄
bizem₃	|ŠID×A|	𒋄
biz₂	GISAL	𒄐
biš	HA@g	𒄫
bišeba	LUGAL	𒈗
bišeba₂	ALAN	𒀩
bišeba₃	|GUD&GUD.LUGAL|	𒄡
bišebi	LUGAL	𒈗
bišebi₂	ALAN	𒀩
bišebi₃	|GUD&GUD.LUGAL|	𒄡
biṭ	E₂	𒂍
bi₂	NE	𒉈
bi₃	PI	𒉿
bi₄	BAD	𒁁
bi₅	NE@s	𒉋
bi₆	BA	𒁀
bi₇	KU	𒆪
bi₉	|HI×NUN|	𒄴
biₓ	DUG	𒂁
bu	BU	𒁍
bubbu	|LAGAB×(U.U.U).LAGAB×(U.U.U)|	𒇧𒇧
bubbur	|BUR₂.BUR₂|	𒁔𒁔
bube	KU₇	𒆯
bubuₓ	|LAGAB×(U.U.U).LAGAB×(U.U.U)|	𒇧𒇧
bugin	|LAGAB×A|	𒆹
bugin₄	|LAGAB×(U.A)|	𒇦
buglu	|ŠA₃.GI|	𒊮𒄀
buh	LUL	𒈜
buhₓ	|KA×IM|	𒅮
buk	MUG	𒈮
bukinₓ	|LAGAB×A|	𒆹
bul	|LAGAB×(U.U.U)|	𒇧
bula	|KU.NU|	𒆪𒉡
bulug	BULUG	𒁑
bulug₂	BUR₂	𒁔
bulug₃	|PAP.PAP|	𒉽𒉽
bulug₄	NAGAR	𒉄
bulug₅	BALAG	𒁆
bulugₓ	|ŠIM×KUŠU₂|	𒋎
buluh	HAL	𒄬
bulunₓ	BALAG	𒁆
buluŋ	BULUG	𒁑
buluŋ₂	BUR₂	𒁔
buluŋ₃	|PAP.PAP|	𒉽𒉽
buluŋ₅	BALAG	𒁆
bul₂	BUR₂	𒁔
bul₃	BAL	𒁄
bul₄	|KA×IM|	𒅮
bul₅	|LAGAB×SUM|	𒇡
bulₓ	KU	𒆪
bum	|KA×GAN₂@t|	𒅤
bum₂	BALAG	𒁆
bun	|LAGAB×IM|	𒇌
bunga	|UŠ.GA|	𒍑𒂵
bungu	|UŠ.GA|	𒍑𒂵
buni	|LAGAB×A|	𒆹
bunig₃	|LAGAB×HAL|	𒇉
bunin	|LAGAB×A|	𒆹
bunin₄	|LAGAB×(U.A)|	𒇦
buninₓ	|A.LAGAB×A|	𒀀𒆹
buniŋ	|LAGAB×A|	𒆹
buniŋ₃	|LAGAB×HAL|	𒇉
buniŋₓ	A	𒀀
bun₂	|KA×IM|	𒅮
bunₓ	BALAG	𒁆
bur	BUR	𒁓
buranun	|UD.GIŠ%GIŠ.NUN|	𒌓𒄒𒉣
buranuna	|UD.GIŠ%GIŠ.NUN|	𒌓𒄒𒉣
buranunaₓ	|EŠ₂%EŠ₂.NUN|	𒒬𒉣
buranunu	|UD.GIŠ%GIŠ.NUN|	𒌓𒄒𒉣
buranunₓ	|GIŠ%GIŠ.NUN|	𒄒𒉣
buriaₓ	5(BURU)	𒐹
buru	BUR	𒁓
burudₓ	U	𒌋
buruh	HAL	𒄬
burumₓ	|IGI.ERIN₂|	𒅆𒂟
burunun	|UD.GIŠ%GIŠ.NUN|	𒌓𒄒𒉣
burununa	|UD.GIŠ%GIŠ.NUN|	𒌓𒄒𒉣
buru₁₁	|KI.EN.KAK|	𒆠𒂗𒆕
buru₁₄	|EN×GAN₂@t|	𒂙
buru₁₆	|LAGAB×SUM|	𒇡
buru₁₇	|4×LAGAB|	𒇫
buru₂	BUR₂	𒁔
buru₃	U	𒌋
buru₄	|NU₁₁.BUR|	𒉢𒁓
buru₅	BURU₅	𒉅
buru₆	KID	𒆤
buru₇	GURUN	𒄧
buru₈	HAL	𒄬
buru₉	|IDIM&IDIM.BUR|	𒅃
buruₓ	|BAD.IGI.BAD|	𒁁𒅆𒁁
burʾu	U@g	𒐴
burʾuₓ	|ŠAR₂×U|	𒄶
bur₁₀	|LAGAB×(U.U.U)|	𒇧
bur₁₁	|KI.EN.KAK|	𒆠𒂗𒆕
bur₁₂	BU	𒁍
bur₁₃	|PAP.PAP|	𒉽𒉽
bur₁₄	|EN×GAN₂@t|	𒂙
bur₂	BUR₂	𒁔
bur₃	U	𒌋
bur₄	|NU₁₁.BUR|	𒉢𒁓
bur₅	BURU₅	𒉅
bur₆	KISAL	𒆦
bur₇	GURUN	𒄧
bur₈	HAL	𒄬
burₓ	A	𒀀
bute	ZAG	𒍠
buti	ZAG	𒍠
butu	ZAG	𒍠
buzur	U	𒌋
buzur₂	|U.U|	𒎙
buzur₃	|U.ZAG|	𒌋𒍠
buzur₄	|KA×GAN₂@t.ŠA|	𒅤𒊭
buzur₅	|KA×GAN₂@t|	𒅤
buš	KASKAL	𒆜
buš₂	HA@g	𒄫
bu₁₀	|PAP.PAP|	𒉽𒉽
bu₁₁	U₂	𒌑
bu₁₂	U	𒌋
bu₁₃	|KA×IM|	𒅮
bu₁₄	|LAGAB×SUM|	𒇡
bu₁₅	PAD	𒉻
bu₁₆	NI	𒉌
bu₂	KASKAL	𒆜
bu₃	|KA×GAN₂@t|	𒅤
bu₄	|LAGAB×U|	𒇥
bu₅	|LAGAB×(U.U.U)|	𒇧
bu₅-bu₅	|LAGAB×(U.U.U).LAGAB×(U.U.U)|	𒇧𒇧
bu₇	KU	𒆪
bu₈	BUR₂	𒁔
bu₉	BULUG	𒁑
buₓ	KA	𒅗
d	AN	𒀭
da	DA	𒁕
dab	DIB	𒁳
daba	DIB	𒁳
daban	KU₇	𒆯
dabašin	KU₇	𒆯
daba₅	KU	𒆪
dabaₓ	NUN	𒉣
dabda	|IGI.IGI|	𒅆𒅆
dabda₂	|BAD.BAD|	𒁁𒁁
dabe	DIB	𒁳
dabin	|EŠ₂.ŠE|	𒂠𒊺
dab₂	TAB	𒋰
dab₃	HI	𒄭
dab₄	DUB	𒁾
dab₅	KU	𒆪
dab₆	URUDA	𒍏
dabₓ	|LAGAB×GUD|	𒇆
dad	TAK₄	𒋺
dadag	|UD.UD|	𒌓𒌓
dadagₓ	UD	𒌓
dadda	|TAK₄.TAK₄|	𒋺𒋺
dadrum	|LUGAL&LUGAL|	𒈘
dag	DAG	𒁖
dagal	|GA₂×AN|	𒂼
dagala	|GA₂×AN|	𒂼
dagan	|KI.URU×MIN|	𒆠𒍇
daggan	|KI.URU×MIN|	𒆠𒍇
dagrim	|LAGAB×KU₃|	𒇑
dagrin	|LAGAB×KU₃|	𒇑
dag₂	UD	𒌓
dag₃	DAG₃	𒍴
dag₄	KISAL	𒆦
dag₅	KA	𒅗
dagₓ	|E₂×U|	𒂓
dah	|MU&MU|	𒈭
dak	DAG	𒁖
dakan	|KI.URU×MIN|	𒆠𒍇
dakkan	|KI.URU×MIN|	𒆠𒍇
dak₃	DAG₃	𒍴
dal	RI	𒊑
dala	RI	𒊑
dala₂	|IGI.KAK|	𒅆𒆕
dalhamun	|IM.ŠITA|	𒅎𒋖
dalhamun₂	|EN%EN|	𒂛
dalhamun₃	|EN%EN.IM%IM|	𒂛𒅐
dalhamun₄	|4×(AN.NAGA)|	𒀱
dalhamun₅	|(AN.NAGA)@(AN.NAGA)|	𒀰
dalhamun₆	|IM%IM|	𒅐
dalhamun₇	|NAGA@NAGA|	𒉃
dalhamunₓ	AN	𒀭
dalla	|MAŠ.GU₂.GAR₃|	𒈦𒄘𒃼
dalla₂	|IGI.KAK|	𒅆𒆕
dallaₓ	|GU₂.GAR₃|	𒄘𒃼
dal₃	AŠ	𒀸
dalₓ	HU	𒄷
dam	DAM	𒁮
dama	DAM	𒁮
damal	|GA₂×AN|	𒂼
damiqₓ	|IGI.ERIN₂|	𒅆𒂟
damu	TUR	𒌉
damu₂	IGI	𒅆
dam₀	EL	𒂖
dam₂	UD	𒌓
dam₃	TUM	𒌈
dan	KAL	𒆗
dana	|KASKAL.BU|	𒆜𒁍
dana₂	KASKAL	𒆜
dana₃	KAL	𒆗
danaₓ	|UŠ×TAK₄|	𒍕
danna	|KASKAL.BU|	𒆜𒁍
danna₂	KASKAL	𒆜
dan₂	|GA₂×(ME.EN)|	𒃞
dan₃	|GA₂×TAK₄|	𒃩
dan₄	|GA₂×GAN₂@t|	𒃋
dan₅	DIN	𒁷
dan₆	|UŠ×TAK₄|	𒍕
dan₇	|GA₂×DA|	𒃃
danₓ	HI	𒄭
dap	DIB	𒁳
dapar	GUD	𒄞
dapara	GUD	𒄞
daparaₓ	|4×LU₂|	𒈔
daparu	|LU₂.ME.EN|	𒇽𒈨𒂗
daparuₓ	|LU₂.EN|	𒇽𒂗
dapa₂	TAB	𒋰
dap₂	TAB	𒋰
daq	DAG	𒁖
daq₃	DAG₃	𒍴
daq₆	TAG	𒋳
dar	DAR	𒁯
daramₓ	NA₂	𒈿
dara₂	IB	𒅁
dara₃	DARA₃	𒁰
dara₄	DARA₄	𒁱
dara₅	|GIŠ%GIŠ|	𒄒
dara₆	DAR	𒁯
daraₓ	|KU.GIŠ%GIŠ|	𒆪𒄒
darengal	|UD.NUN|	𒌓𒉣
darengalₓ	|A.LAGAB×HAL.UD.NUN.KI|	𒀀𒇉𒌓𒉣𒆠
dari₂	IB	𒅁
dari₅	|GIŠ%GIŠ|	𒄒
dariₓ	|KU.GIŠ%GIŠ|	𒆪𒄒
darum₂	IB	𒅁
daru₂	IB	𒅁
daru₅	|GIŠ%GIŠ|	𒄒
daruₓ	|KU.GIŠ%GIŠ|	𒆪𒄒
dar₂	IB	𒅁
dar₃	DARA₃	𒁰
dar₄	DARA₄	𒁱
dar₆	TAR	𒋻
das	UR	𒌨
dat	TAK₄	𒋺
daŋal	|GA₂×AN|	𒂼
daŋalₓ	|GA₂×LA|	𒃝
daš	UR	𒌨
dašgari	TUG₂	𒌆
daš₂	DIŠ	𒁹
daš₃	AŠ₂	𒀾
daš₄	DAR	𒁯
da₁₀	HI	𒄭
da₁₁	IG	𒅅
da₁₂	KA	𒅗
da₁₃	TAK₄	𒋺
da₂	TA	𒋫
da₃	KAK	𒆕
da₄	DAM	𒁮
da₅	URUDA	𒍏
da₆	TAG	𒋳
da₇	UD	𒌓
da₈	DAG	𒁖
da₉	DE₂	𒌤
daₓ	DAR	𒁯
de	DI	𒁲
deb	DIB	𒁳
deb₂	KU	𒆪
dedalₓ	NE	𒉈
degiₓ	NI	𒉌
degₓ	RI	𒊑
deh	DUB	𒁾
dehi	DUB	𒁾
dehi₂	UM	𒌝
dehi₃	NIM	𒉏
dehi₄	IDIM	𒅂
deh₂	UM	𒌝
deh₃	NIM	𒉏
del	AŠ	𒀸
dele	AŠ	𒀸
delen	|LAGAB×IM|	𒇌
delena	|LAGAB×IM|	𒇌
delena₂	|ŠU.LAGAB.NA|	𒋗𒆸𒈾
delena₃	|LAGAB×GAR|	𒇅
delen₂	|ŠU.LAGAB.NA|	𒋗𒆸𒈾
delen₃	|LAGAB×GAR|	𒇅
dele₄	AŠ@t	𒀹
deli	AŠ	𒀸
dellu	|MA₂.MUG|	𒈣𒈮
delmun	|NI.TUK|	𒉌𒌇
del₂	LIŠ	𒇺
del₄	AŠ@t	𒀹
dema	|KA.HI|	𒅗𒄭
demma	|KA.HI|	𒅗𒄭
demmu	|KA.HI|	𒅗𒄭
demu	|KA.HI|	𒅗𒄭
dem₂	DIM₂	𒁶
den	DIN	𒁷
der	AN	𒀭
dergul	|MA₂.MUG|	𒈣𒈮
deš	DIŠ	𒁹
dešaₓ	6(DIŠ)	𒐋
deššu	AŠ₂	𒀾
deššuₓ	1(GEŠU)	𒐞
deš₂	AŠ	𒀸
deš₃	UR	𒌨
deš₄	ME	𒈨
deš₅	AŠ@t	𒀹
de₁₀	TUR	𒌉
de₂	DE₂	𒌤
de₃	NE	𒉈
de₄	TE	𒋼
de₅	RI	𒊑
de₆	DU	𒁺
de₈	TI₂	𒎗
de₉	TI	𒋾
deₓ	HU	𒄷
deₓ-deₓ	|TUR.TUR|	𒌉𒌉
di	DI	𒁲
dib	DIB	𒁳
dibi	DIB	𒁳
dibira	|DUB.NAGAR|	𒁾𒉄
dibur	AN	𒀭
dib₂	KU	𒆪
dib₅	|LAGAB×GUD|	𒇆
dibₓ	|LAGAB×(GUD&GUD)|	𒇇
did	IM	𒅎
dida	|BI.U₂.SA|	𒁉𒌑𒊓
didala	ŠA₃	𒊮
didalₓ	NE	𒉈
dida₂	|BI.UŠ.SA|	𒁉𒍑𒊓
didla	|TUR.TUR.LAL|	𒌉𒌉𒇲
didli	|AŠ.AŠ|	𒀸𒀸
dig	NI	𒉌
digbir	|KI.NE.AN.MUŠ₃|	𒆠𒉈𒀭𒈹
digi	NI	𒉌
digir	AN	𒀭
dih	DUB	𒁾
dihi	BAD	𒁁
dihi₂	UM	𒌝
dihi₃	NIM	𒉏
dih₂	UM	𒌝
dih₃	NIM	𒉏
dik	NI	𒉌
dil	AŠ	𒀸
dili	AŠ	𒀸
dilib	ŠID	𒋃
dilib₂	|KA×ŠID|	𒆂
dilib₃	|SAG×ŠID|	𒊠
dilib₄	|SAG×NUN|	𒊞
dilib₅	|SAG×UŠ|	𒊦
dilib₆	|SAG×SAL|	𒊟
dilibₓ	SAG	𒊕
dilim₂	LIŠ	𒇺
dilim₃	|LAGAB×IM|	𒇌
dilim₄	|ŠU.LAGAB.NA|	𒋗𒆸𒈾
dilim₅	|LAGAB×GAR|	𒇅
dilimₓ	GAM	𒃵
dilin	|LAGAB×IM|	𒇌
dilina	|LAGAB×IM|	𒇌
dilina₂	|ŠU.LAGAB.NA|	𒋗𒆸𒈾
dilina₃	|LAGAB×GAR|	𒇅
dilin₂	|ŠU.LAGAB.NA|	𒋗𒆸𒈾
dilin₃	|LAGAB×GAR|	𒇅
dili₂	LIŠ	𒇺
dili₄	AŠ@t	𒀹
dilmun	|NI.TUK|	𒉌𒌇
dilmuna	|NI.TUK|	𒉌𒌇
dilu	|MA₂.MUG|	𒈣𒈮
dilur	|MA₂.MUG|	𒈣𒈮
dil₂	SAG@g	𒊨
dil₄	AŠ@t	𒀹
dim	DIM	𒁴
dima	|KA.HI|	𒅗𒄭
dima₂	DIM₂	𒁶
dimer	AN	𒀭
dimgal	|GAL.DIM|	𒃲𒁴
dimgul	|MA₂.MUG|	𒈣𒈮
dimir	AN	𒀭
dimma	|KA.HI|	𒅗𒄭
dimmer	AN	𒀭
dimmu	|KA.HI|	𒅗𒄭
dimmuš	|U₂.GIŠ.MI|	𒌑𒄑𒈪
dimmušₓ	|GIŠ.MI|	𒄑𒈪
dimna	|U.GA|	𒌋𒂵
dimsar	|IGI&IGI.ŠIR&ŠIR.UD&UD|	𒅉
dimu	|KA.HI|	𒅗𒄭
dimuš	|U₂.GIŠ.MI|	𒌑𒄑𒈪
dim₁₀	|RAB.HI×BAD|	𒊐𒄰
dim₁₁	|LUGAL.HI×BAD|	𒈗𒄰
dim₁₂	ŠID	𒋃
dim₁₃	BU	𒁍
dim₂	DIM₂	𒁶
dim₃	LU₂@s	𒈕
dim₄	|PAP.PAP|	𒉽𒉽
dim₅	DUB₂	𒂀
dim₆	DE₂	𒌤
dim₇	BAD	𒁁
dim₈	|RAB.GAN|	𒊐𒃶
dim₉	|LUGAL.GAN|	𒈗𒃶
dimₓ	BALAG	𒁆
din	DIN	𒁷
din-tir	|DIN.ŠE.NUN&NUN|	𒁷𒌁
diner	AN	𒀭
dingir	AN	𒀭
dingira	AN	𒀭
dini	DIN	𒁷
dinig	|KI.NE|	𒆠𒉈
dinig₂	|LU₂×(ME.EN)|	𒈋
dinig₃	|LU₂×LAGAB|	𒈊
dinir	AN	𒀭
dinₓ	EDIN	𒂔
dip	DIB	𒁳
dipar	GUD	𒄞
diq	NI	𒉌
dir	|SI.A|	𒋛𒀀
dirgul	|MA₂.MUG|	𒈣𒈮
diri	|SI.A|	𒋛𒀀
dirig	|SI.A|	𒋛𒀀
diri₂	IB	𒅁
dir₂	DAR	𒁯
dir₃	AN	𒀭
dir₄	|ŠE.NUN&NUN|	𒌁
disgur	|AMAR×ŠE|	𒀬
ditanₓ	|ERIN₂+X|	𒒫
dixigₓ	IM	𒅎
diŋir	AN	𒀭
diš	DIŠ	𒁹
diš@t	AŠ@t	𒀹
diša	DIŠ	𒁹
diš₂	AŠ	𒀸
diš₄	ME	𒈨
dišₓ	U	𒌋
di₁₁	DIM	𒁴
di₁₂	TE	𒋼
di₂	TI₂	𒎗
di₃	TI	𒋾
di₄	TUR	𒌉
di₄-di₄	|TUR.TUR|	𒌉𒌉
di₅	RI	𒊑
di₆	DU	𒁺
di₇	NE	𒉈
di₈	DE₂	𒌤
diₓ	DA	𒁕
du	DU	𒁺
dub	DUB	𒁾
duba	DUB	𒁾
dubad	|KI.KAL|	𒆠𒆗
dubal	|AL×KAD₃|	𒀥
dubal₂	|AL×KI|	𒀦
dubal₃	|LU₂×KAD₂|	𒈅
dubal₅	|LU₂×AL|	𒇾
dubal₆	|LU₂×KI|	𒈈
dubal₇	|LU₂×TUG₂|	𒈐
duba₂	DUB₂	𒂀
dubba	DUB	𒁾
dubbaₓ	DIB	𒁳
dubsig	IL₂	𒅍
dubsik	IL₂	𒅍
dubu	DUB	𒁾
dubul	|ŠU.BU|	𒋗𒁍
dubulₓ	|HI×AŠ₂|	𒄯
dubur	|HI×ŠE|	𒄵
dubur₂	|ŠAR₂×U|	𒄶
duburₓ	|HI×AŠ₂|	𒄯
dubu₂	DUB₂	𒂀
dub₂	DUB₂	𒂀
dub₃	HI	𒄭
dubₓ	MES	𒈩
dud	|PA.UZU|	𒉺𒍜
duda	|PA.UZU|	𒉺𒍜
dudda	GABA	𒃮
duddu	|TUK.TUK|	𒌇𒌇
dudu	|KI.IB|	𒆠𒅁
duduₓ	|PA.UZU|	𒉺𒍜
dud₂	TU	𒌅
dug	DUG	𒂁
duganₓ	GAN	𒃶
duga₃	|HI×NUN|	𒄴
duga₄	KA	𒅗
dugaₓ	HI	𒄭
duggu	|IM.SI.A|	𒅎𒋛𒀀
dugin	|EZEN×DUN₃@g|	𒂧
dugina	|EZEN×DUN₃@g|	𒂧
dugina₂	|EZEN×DUN₃@g@g|	𒂨
dugin₂	|EZEN×DUN₃@g@g|	𒂨
dugu	HI	𒄭
dugud	DUGUD	𒂂
duguda	DUGUD	𒂂
dugud₂	MI	𒈪
dugudₓ	LAK390	𒓯
duguₓ	DUGUD	𒂂
dug₃	HI	𒄭
dug₄	KA	𒅗
dug₅	DUN₃	𒂅
dugₓ	BI	𒁉
duh	DUH	𒂃
duk	DUG	𒂁
duka	DUG	𒂁
dukudₓ	DUGUD	𒂂
dukuₓ	TUK	𒌇
duk₂	TUK	𒌇
dul	|U.TUG₂|	𒌋𒌆
duliₓ	AŠ	𒀸
dulluₓ	|HA.NAGAR.BU|	𒄩𒉄𒁍
dulu	|ŠU.BU|	𒋗𒁍
dulum	|IGI.NAGAR.BU|	𒅆𒉄𒁍
dulumaₓ	|IGI.NAGAR.ŠIR|	𒅆𒉄𒋓
dulum₂	|NAGAR.BU|	𒉄𒁍
duluₓ	|LAGAB×U|	𒇥
dul₁₀	BU	𒁍
dul₂	|LAGAB×U|	𒇥
dul₃	SAG@g	𒊨
dul₄	DUN₄	𒂈
dul₅	TUG₂	𒌆
dul₆	LAGAR@g	𒇯
dul₇	SAG	𒊕
dul₈	DIB	𒁳
dul₉	UR@s	𒌪
dulₓ	DU	𒁺
dum	TUM	𒌈
dumgal	|ŠIM×A|	𒋇
dumu	TUR	𒌉
dumu-gi₇	|TUR.EŠ₂|	𒌉𒂠
dum₃	DAM	𒁮
dum₄	DIM	𒁴
dumₓ	TUR	𒌉
dun	DUN	𒂄
duna	DUN	𒂄
dunda	|PA.UZU|	𒉺𒍜
dunga	SAG	𒊕
dunga₂	LUL	𒈜
dungaₓ	|IM.SI.A|	𒅎𒋛𒀀
dungu	|IM.SI.A|	𒅎𒋛𒀀
dunguₓ	|IM.SI|	𒅎𒋛
dun₃	DUN₃	𒂅
dun₄	DUN₄	𒂈
dun₅	BUR₂	𒁔
dun₆	KAL	𒆗
dunₓ	IL₂	𒅍
dup	DUB	𒁾
dupsik	IL₂	𒅍
dup₂	DUB₂	𒂀
duq	DUG	𒂁
dur	|GU₂×KAK|	𒄙
durah	DARA₃	𒁰
durah₂	DARA₄	𒁱
duran	|GU₂×KAK.GIŠ%GIŠ|	𒄙𒄒
durba	MA@g	𒈢
durgul	|MA₂.MUG|	𒈣𒈮
duri	|EZEN×BAD|	𒂦
duriₓ	|KA×UŠ|	𒆋
durme	|SAG.EZEN|	𒊕𒂡
durum	|EZEN×BAD|	𒂦
durum₂	DUR₂	𒂉
durum₄	|GIŠ%GIŠ|	𒄒
durumₓ	|LAK617×AŠ|	𒔂
durun	DUR₂	𒂉
duruna	DUR₂	𒂉
duruna₂	|LAGAB×IM|	𒇌
duruna₃	|ŠU.LAGAB.NA|	𒋗𒆸𒈾
duruna₄	|LAGAB×GAR|	𒇅
durunaₓ	|KU.KU|	𒆪𒆪
durungal	|UD.NUN|	𒌓𒉣
durun₃	|ŠU.LAGAB.NA|	𒋗𒆸𒈾
durunₓ	|DUR₂.DUR₂|	𒂉𒂉
duru₂	DUR₂	𒂉
duru₃	|ANŠE.ARAD|	𒀲𒀴
duru₄	|GIŠ%GIŠ|	𒄒
duru₅	A	𒀀
duru₆	PA	𒉺
duru₉	DUN	𒂄
duruₓ	|KU.GIŠ%GIŠ|	𒆪𒄒
dur₁₀	ŠEN	𒊿
dur₁₁	TU	𒌅
dur₂	DUR₂	𒂉
dur₃	|ANŠE.ARAD|	𒀲𒀴
dur₄	|GIŠ%GIŠ|	𒄒
dur₅	A	𒀀
dur₆	PA	𒉺
dur₇	BU	𒁍
dur₈	|EZEN×BAD|	𒂦
dur₉	DUN	𒂄
dusi	IL₂	𒅍
dusi₂	|ANŠE.IGI.EŠ₂|	𒀲𒅆𒂠
dussa₂	|ANŠE.IGI.EŠ₂|	𒀲𒅆𒂠
dussu	IL₂	𒅍
dusu	IL₂	𒅍
dusu₂	|ANŠE.IGI.EŠ₂|	𒀲𒅆𒂠
dusuₓ	IGI	𒅆
duttu	|TUK.TUK|	𒌇𒌇
duš	KU	𒆪
duš₂	DIŠ	𒁹
duṭu	|KA.KA|	𒅗𒅗
du₁₀	HI	𒄭
du₁₁	KA	𒅗
du₁₂	TUK	𒌇
du₁₃	TUR	𒌉
du₁₃-du₁₃	|TUR.TUR|	𒌉𒌉
du₁₄	|LU₂×NE|	𒈌
du₁₅	|HI×BAD|	𒄰
du₁₆	|UD×(U.U.U)|	𒌗
du₁₇	NE	𒉈
du₁₉	DE₂	𒌤
du₂	TU	𒌅
du₂₀	DA	𒁕
du₂₄	DUN	𒂄
du₂₅	|ANŠE.ARAD|	𒀲𒀴
du₂₆	|SI.A|	𒋛𒀀
du₃	KAK	𒆕
du₄	TUM	𒌈
du₅	DUN₃	𒂅
du₆	LAGAR@g	𒇯
du₇	|U.GUD|	𒌌
du₈	DUH	𒂃
du₉	BUR₂	𒁔
duₓ	DI	𒁲
e	E	𒂊
ea	A	𒀀
eazag	|GA₂×(KU₃.AN)|	𒃜
eb	IB	𒅁
ebeh	|EN.TI|	𒂗𒋾
ebih	|EN.TI|	𒂗𒋾
ebih₂	|EŠ₂.MAH|	𒂠𒈤
ebir	DUG	𒂁
ebir₃	A	𒀀
ebir₄	GA	𒂵
ebirₓ	BI	𒁉
ebla	|A.TAR.A.AN|	𒀀𒋻𒀀𒀭
ebur	|EN×GAN₂@t|	𒂙
eburra	|GA₂×(BAR.RA)|	𒃀
eburuₓ	|EN×GAN₂@t|	𒂙
eb₂	TUM	𒌈
ed	A₂	𒀉
edakua	|GA₂×(A.DA.HA)|	𒂸
edakua₂	|LAGAB×(A.DA.HA)|	𒆺
edakuaₓ	|E₂×(A.HA.DA)|	𒂎
edamu	|A.TUR|	𒀀𒌉
edaₓ	|UD.DU|	𒌓𒁺
eden	EDIN	𒂔
edena	EDIN	𒂔
edi	|GA₂×DI|	𒃄
edim	BAD	𒁁
edimₓ	EDIN	𒂔
edin	EDIN	𒂔
edina	EDIN	𒂔
edur	|A×A|	𒀁
eduru	|A×A|	𒀁
eduruₓ	|E₂.A|	𒂍𒀀
ed₂	|UD.DU|	𒌓𒁺
ed₃	|LAGAR@g.DU|	𒇯𒁺
ed₄	|LAGAR@g.DU@s|	𒇯𒁽
edₓ	|DU.LAGAR@g|	𒁺𒇯
eg	IG	𒅅
ega	|A.MI.A|	𒀀𒈪𒀀
egar	|E₂.SIG₄|	𒂍𒋞
egara	|GA₂×GAR|	𒃌
egaraₓ	|E₂×GAR|	𒂏
egarₓ	SIG₄	𒋞
ega₂	|NUN%NUN.LAGAR&LAGAR|	𒉬
ege	EŠ₂	𒂠
eger	EGIR	𒂕
egera	EGIR	𒂕
eger₂	EŠ₂	𒂠
eger₃	|SAL.EŠ₂|	𒊩𒂠
eger₄	TUM	𒌈
eger₅	MURGU₂	𒈱
eger₆	SIG₄	𒋞
ege₂	|SAL.EŠ₂|	𒊩𒂠
egi	EŠ₂	𒂠
egia	|GA₂×GI₄|	𒃎
egir	EGIR	𒂕
egirsu	|GA₂×(GIR₂.SU)|	𒃐
egir₂	EŠ₂	𒂠
egir₃	|SAL.EŠ₂|	𒊩𒂠
egir₄	TUM	𒌈
egir₅	MURGU₂	𒈱
egir₆	SIG₄	𒋞
egirₓ	|TUM×GAN₂@t|	𒔺
egi₂	|SAL.EŠ₂|	𒊩𒂠
egi₃	|KI.SAG|	𒆠𒊕
egiₓ	TUG₂	𒌆
egur₄	TUM	𒌈
eg₂	E	𒂊
eg₃	|NINDA₂×NE|	𒉘
eh	|HI×NUN|	𒄴
ehalla	|GA₂×(HAL.LA)|	𒃓
ehe	|A₂.UD.DU|	𒀉𒌓𒁺
eheh	|KU.KU.KU|	𒆪𒆪𒆪
ehehhe	|KU.KU.KU|	𒆪𒆪𒆪
ehi	|A₂.UD.DU|	𒀉𒌓𒁺
ehili	|GA₂×(HI.LI)|	𒃔
eh₂	ALEPH	𒀪
eh₃	|KU.KU|	𒆪𒆪
ehₓ	|HI×AŠ|	𒄮
ek	IG	𒅅
eki	E	𒂊
el	EL	𒂖
ela	|A.KAL|	𒀀𒆗
elal	|ŠID×A|	𒋄
elal₂	ŠID	𒋃
elam	NIM	𒉏
elama	NIM	𒉏
elamkuš	|LAGAB×IM|	𒇌
elamkuš₂	|LAGAB×LU|	𒇖
elamkuš₃	|LAGAB×HA|	𒇈
elamkuš₄	|LAGAB×A|	𒆹
elamkušₓ	|LAGAB×(IM.LU)|	𒇎
elamu	NIM	𒉏
eldig	|GUD×KUR|	𒄠
ele	|U.KA|	𒌋𒅗
ele₂	EL	𒂖
eli	|U.KA|	𒌋𒅗
elilla	|GA₂×(KID.LAL)|	𒃛
elimmuₓ	9(DIŠ)	𒐎
ella	|A.KAL|	𒀀𒆗
ellag	LAGAB	𒆸
ellag₂	|HI×ŠE|	𒄵
ellam	|HI×ŠE|	𒄵
ellamkuš	|LAGAB×IM|	𒇌
ellamkuš₂	|LAGAB×LU|	𒇖
ellamkuš₃	|LAGAB×HA|	𒇈
ellamkuš₄	|LAGAB×A|	𒆹
ellamkuš₅	|LAGAB×(IM.HA)|	𒇍
ellamkušₓ	|LAGAB×GAR|	𒇅
ellandu	|SA.HI×ŠE.KAK|	𒊓𒄵𒆕
ellat	|KASKAL.KUR|	𒆜𒆳
ellaŋ	LAGAB	𒆸
ellaŋ₂	|HI×ŠE|	𒄵
ellaŋₓ	|HI×AŠ₂|	𒄯
ella₂	LAGAB	𒆸
ellil	|EN.KID|	𒂗𒆤
el₂	IL	𒅋
el₃	AN	𒀭
el₄	|IL×GAN₂@t|	𒅌
em	IM	𒅎
emaš	|MAŠ.X|	𒈦X
eme	|KA×ME|	𒅴
emeda	|UM.ME|	𒌝𒈨
emeda₃	|UM×(ME.DA)|	𒌟
emedu	|GA₂×AN.TU|	𒂼𒌅
emedub	|GA₂×DUB|	𒃆
emedub₂	|GA₂×ŠID|	𒃧
emedudₓ	|GA₂×AN.TU|	𒂼𒌅
emedu₂	|GA₂×AN.A.TU|	𒂼𒀀𒌅
emengi	|KA×(ME.GI)|	𒅶
emerah	|SAL.HUB₂|	𒊩𒄸
emerahₓ	|ERIN₂.KAB|	𒂟𒆏
emesig	|KA×SIG|	𒆄
emezi	|SAL.LAGAR|	𒊩𒇬
emeziₓ	|SAL.LAGAB|	𒊩𒆸
emeš	|SAL.LAGAR|	𒊩𒇬
emeš₂	|NE×UD|	𒉊
eme₂	|UM.ME|	𒌝𒈨
eme₃	|SAL.ANŠE|	𒊩𒀲
eme₄	|GA₂×AN|	𒂼
eme₄-du₂	|GA₂×AN.TU|	𒂼𒌅
eme₄-e₄-du₂	|GA₂×AN.A.TU|	𒂼𒀀𒌅
eme₅	|SAL.HUB₂|	𒊩𒄸
eme₆	|ANŠE.SAL|	𒀲𒊩
eme₇	|SAL.AL|	𒊩𒀠
eme₈	|GA₂×SAL|	𒃣
emeₓ	|E₂×SAL|	𒂑
emeₓ-gir₂	|KA×GIR₂|	𒅨
emma	|KA×UD|	𒆉
emma₂	|KA×A|	𒅘
emmen	|KA×UD|	𒆉
emmen₂	|KA×A|	𒅘
emmin	|KA×UD|	𒆉
emmin₂	|KA×A|	𒅘
emuš	|A×MUŠ|	𒀇
em₃	|NINDA₂×NE|	𒉘
em₄	|KA×ME|	𒅴
emₓ	A	𒀀
en	EN	𒂗
en-lil₂	|EN.KID|	𒂗𒆤
ena	EN	𒂗
enaqa	|IM.NI.UD|	𒅎𒎎
enbir	|LU₂@LU₂|	𒈓
endamekar	|NINDA₂×(ME.GAN₂@t)|	𒉗
endib	|EN.ME.MU|	𒂗𒈨𒈬
endibdim	|HI×AŠ₂|	𒄯
endibₓ	|EN.ME.ZI.AN.NA|	𒂗𒈨𒍣𒀭𒈾
endub	|EN.ME.MU|	𒂗𒈨𒈬
endur	PA	𒉺
enegi	IM	𒅎
enegir	IM	𒅎
enegir₃	|EN.DIM₂.GIG|	𒂗𒁶𒍼
enegi₃	|EN.DIM₂.GIG|	𒂗𒁶𒍼
enegiₓ	|EN.GI|	𒂗𒄀
enem	KA	𒅗
engar	APIN	𒀳
engara	APIN	𒀳
engarₓ	|KI.KA.LU₂|	𒆠𒅗𒇽
engiz	|EN.ME.GI|	𒂗𒈨𒄀
engizₓ	|EN.GI|	𒂗𒄀
engur	|LAGAB×HAL|	𒇉
engurₓ	|LAGAB×A|	𒆹
eni	EN	𒂗
enigin	|A.LAGAB.LAGAB|	𒀀𒆸𒆸
enim	KA	𒅗
enim₂	NIM	𒉏
enkar	|EN×GAN₂@t|	𒂙
enkara	|EN×GAN₂@t|	𒂙
enku	|ZAG.HA|	𒍠𒄩
enkud	|ZAG.HA|	𒍠𒄩
enkudₓ	ZAG	𒍠
enkum	|EN.PAP.IGI@g.NUN.ME.EZEN×KASKAL|	𒂗𒉽𒅊𒉣𒈨𒂬
enkumₓ	|EN.DAG.NUN.X|	𒂗𒁖𒉣X
enkuₓ	|HA.ZAG|	𒄩𒍠
enlilₓ	BAD	𒁁
enme	|EN×ME|	𒂚
enmen	|KA×UD|	𒆉
enmen₂	|KA×A|	𒅘
enna	|NI.UD.EN|	𒎎𒂗
ennegi	IM	𒅎
ennigi	IM	𒅎
ennigi₂	|EN.NUNUZ.DIM₂|	𒂗𒉭𒁶
ennigi₃	|EN.DIM₂.GIG|	𒂗𒁶𒍼
ennin	MUŠ₃	𒈹
ensag	|PA.TE.SI|	𒉺𒋼𒋛
ensi	|EN.ME.LI|	𒂗𒈨𒇷
ensik	|PA.TE.SI|	𒉺𒋼𒋛
ensi₂	|PA.TE.SI|	𒉺𒋼𒋛
ensi₃	|EN×ME|	𒂚
ensiₓ	|EN.LI|	𒂗𒇷
enten	|NE×A|	𒉉
entena	|NE×A|	𒉉
enu	EN	𒂗
enšab	NU₁₁	𒉢
enšada	|PA.TUG₂|	𒉺𒌆
enšadu	|PA.TUG₂|	𒉺𒌆
en₂	|ŠU₂.AN|	𒋙𒀭
en₃	LI	𒇷
en₄	KA	𒅗
en₅	|PA.TE|	𒉺𒋼
en₆	IN	𒅔
en₇	ZAG	𒍠
en₈	ŠA	𒊭
enₓ	|AN.U|	𒀭𒌋
ep	IB	𒅁
epig	SIG	𒋝
epig₂	DUG	𒂁
epigₓ	|A.SIG|	𒀀𒋝
epir	DUG	𒂁
epir₂	BI	𒁉
epir₃	A	𒀀
epir₄	GA	𒂵
ep₂	TUM	𒌈
eq	IG	𒅅
eqqil	GAN₂	𒃷
er	IR	𒅕
era	|ARAD.RA|	𒀴𒊏
erad	ARAD	𒀴
erarimₓ	|URU×UD|	𒍍
era₂	|A.IGI|	𒀀𒅆
era₃	|GA₂×(ME.EN)|	𒃞
era₄	|GA₂×PA|	𒃢
erba	4(AŠ)	𒐂
erbe	4(AŠ)	𒐂
erbura	TAK₄	𒋺
ere	URU	𒌷
erem	ERIN₂	𒂟
eren	EREN	𒂞
erena	EREN	𒂞
erena₂	ERIN₂	𒂟
eren₂	ERIN₂	𒂟
eren₈	|UR₂×HA|	𒌯
ereš	|SAL.TUG₂|	𒎏
ereš₂	NAGA	𒉀
ereš₃	IR	𒅕
ereš₄	APIN	𒀳
ereš₅	|GAL.AN.ZU|	𒃲𒀭𒍪
ere₁₃	|LU₂×EŠ₂@t|	𒈁
ere₁₄	IR	𒅕
ereₓ	|DU.DU|	𒁺𒁺
eri	URU	𒌷
erib	AŠGAB	𒀿
eribura	|NUN%NUN|	𒉫
eribₓ	|A.KAL|	𒀀𒆗
erida	NUN	𒉣
erida₂	|PA.ŠA₆|	𒉺𒊷
eridu	NUN	𒉣
eridug	NUN	𒉣
eriduga	NUN	𒉣
erigal	|AB×GAL|	𒀍
erigal₂	AB@g	𒀕
erigal₃	AB	𒀊
erim	ERIN₂	𒂟
erima₂	|NE.RU|	𒉈𒊒
erimmaₓ	|URU×GAR|	𒌿
erim₂	|NE.RU|	𒉈𒊒
erim₃	|URU×GAR|	𒌿
erim₄	|GA₂×UD|	𒃫
erim₅	AB@g	𒀕
erim₆	|URU×UD|	𒍍
erim₇	|UR₂×HA|	𒌯
erimₓ	|AB×(U.U.U)|	𒀔
erin	EREN	𒂞
erina	EREN	𒂞
erina₂	ERIN₂	𒂟
erina₈	|MUŠ%MUŠ.A.NA|	𒈸𒀀𒈾
erin₂	ERIN₂	𒂟
erin₃	|URU×GAR|	𒌿
erin₄	|GA₂×UD|	𒃫
erin₅	AB@g	𒀕
erin₆	|URU×UD|	𒍍
erin₇	|NE.RU|	𒉈𒊒
erin₉	|UR₂×HA|	𒌯
erinₓ	ZUM	𒍮
eriš	|SAL.TUG₂|	𒎏
erištiₓ	|GAL.ZU|	𒃲𒍪
eriš₂	NAGA	𒉀
eriš₄	APIN	𒀳
eriš₆	|HI×BAD|	𒄰
eriš₇	KAM₂	𒆚
eri₁₁	AB@g	𒀕
eri₁₂	AB	𒀊
eri₁₃	|LU₂×EŠ₂@t|	𒈁
eri₁₄	IR	𒅕
eri₁₅	|GA₂×(ME.EN)|	𒃞
eri₁₆	|GA₂×PA|	𒃢
eri₃	ARAD	𒀴
eriₓ	|MAŠ.X|	𒈦X
erraₓ	KIŠ	𒆧
eru	ARAD	𒀴
erua₂	EDIN	𒂔
erum	ARAD	𒀴
erum₂	|SAG.SAL|	𒊕𒊩
erum₃	|SAG×SAL|	𒊟
eru₂	|SAG.SAL|	𒊕𒊩
eru₃	|SAG×SAL|	𒊟
eru₅	EDIN	𒂔
er₁₀	DU	𒁺
er₁₁	|ARAD×KUR|	𒀵
er₁₃	|LU₂×EŠ₂@t|	𒈁
er₁₄	|DU&DU|	𒁻
er₂	|A.IGI|	𒀀𒅆
er₃	ARAD	𒀴
er₄	URU	𒌷
er₆	|A×IGI|	𒀅
er₉	GIR₃	𒄊
erₓ	|DU.DU|	𒁺𒁺
es	GIŠ	𒄑
esag	|A×SAG|	𒀈
esagtur	|GA₂×(ŠE.TUR)|	𒃦
esag₂	|GA₂×ŠE|	𒃥
esagₓ	|E₂.ŠE|	𒂍𒊺
esaŋ	|A×SAG|	𒀈
esaŋtur	|GA₂×(ŠE.TUR)|	𒃦
esaŋ₂	|GA₂×ŠE|	𒃥
esaŋₓ	|E₂.ŠE|	𒂍𒊺
esa₃	AB	𒀊
esen	EZEN	𒂡
eseš	|A.IGI|	𒀀𒅆
esi	KAL	𒆗
esibir	|GA₂×EN×GAN₂@t|	𒃊
esibₓ	ME	𒈨
esig	KAL	𒆗
esikilla	|GA₂×(EL.LA)|	𒃈
esin	EZEN	𒂡
esir	|A.LAGAB×KUL|	𒀀𒇒
esirha	|LAGAB×(KUL.HI.A)|	𒇓
esirhia	|LAGAB×(KUL.HI.A)|	𒇓
esir₂	|LAGAB×KUL|	𒇒
esir₃	|KAD₅.KAD₅|	𒆓𒆓
esir₄	|GI%GI|	𒄃
esir₅	|GI₄%GI₄|	𒄆
esirₓ	KAD₅	𒆓
esiš₃	|A.IGI|	𒀀𒅆
essad	|ZAG.HA|	𒍠𒄩
essadu	|AB.HA.ZAG.GABA.HU|	𒀊𒄩𒍠𒃮𒄷
es₂	|U.U.U|	𒌍
es₃	AB	𒀊
es₅	IŠ	𒅖
et	A₂	𒀉
etam	|GA₂×UD|	𒃫
etutum	|GA₂×BAD|	𒂿
eurre	|E₂.KI.SUM.GA|	𒂍𒆠𒋧𒂵
ew	PI	𒉿
ez	GIŠ	𒄑
eze	LU	𒇻
ezem	EZEN	𒂡
ezema	EZEN	𒂡
ezen	EZEN	𒂡
ezena	EZEN	𒂡
ezennaₓ	|ŠE.ŠE.NUN&NUN|	𒊺𒌁
ezen₄	|EZEN×ŠE|	𒍸
ezim₂	|ŠE.ŠE.NUN&NUN|	𒊺𒌁
ezin	EZEN	𒂡
ezinam₂	|ŠE.ŠE.NUN&NUN|	𒊺𒌁
ezinam₃	|ŠE.NUN&NUN|	𒌁
ezinan₂	|ŠE.ŠE.NUN&NUN|	𒊺𒌁
ezina₂	|ŠE.ŠE.NUN&NUN|	𒊺𒌁
ezina₃	|ŠE.NUN&NUN|	𒌁
ezinaₓ	|(ŠE.NUN&NUN)×TAK₄|	𒌂
ezinu₂	|ŠE.ŠE.NUN&NUN|	𒊺𒌁
ezinu₃	|ŠE.NUN&NUN|	𒌁
ezinuₓ	|GIŠ×TAK₄|	𒄔
ezin₂	|ŠE.ŠE.NUN&NUN|	𒊺𒌁
eziₓ	|SAL.LAGAR|	𒊩𒇬
ez₃	AB	𒀊
eŋar	|E₂.SIG₄|	𒂍𒋞
eŋara	|GA₂×GAR|	𒃌
eŋaraₓ	|E₂×GAR|	𒂏
eŋer	EGIR	𒂕
eŋera	EGIR	𒂕
eŋir	EGIR	𒂕
eŋir₅	MURGU₂	𒈱
eŋ₃	|NINDA₂×NE|	𒉘
eš	|U.U.U|	𒌍
eša	|A.ŠE.NUN&NUN|	𒀀𒌁
eša₂	|U.U.U|	𒌍
eša₃	AB	𒀊
eša₅	|DIŠ.DIŠ.DIŠ|	𒁹𒁹𒁹
ešaₓ	KAL	𒆗
ešda	|ŠITA.GIŠ|	𒋖𒄑
ešda₂	|ŠITA.GIŠ.TUG₂|	𒋖𒄑𒌆
ešda₃	ŠITA	𒋖
ešdaₓ	GA₂	𒂷
eše	|U.U.U|	𒌍
ešela	|LU₂×(EŠ₂.LAL)|	𒎊
ešelal	|LU₂×(EŠ₂.LAL)|	𒎊
ešemen	|KI.E.NE.DI|	𒆠𒂊𒉈𒁲
ešemen₂	|KI.E.NE.DI.AN.MUŠ₃|	𒆠𒂊𒉈𒁲𒀭𒈹
ešemen₃	|EŠ₂.HUL₂|	𒂠𒄾
ešemen₄	|AB×IMIN|	𒀑
ešemen₅	|BAD&BAD|	󰂅
ešemenₓ	|KI.NE.DI|	𒆠𒉈𒁲
ešemin	|KI.E.NE.DI|	𒆠𒂊𒉈𒁲
ešemin₂	|KI.E.NE.DI.AN.MUŠ₃|	𒆠𒂊𒉈𒁲𒀭𒈹
ešemin₃	|EŠ₂.HUL₂|	𒂠𒄾
ešemin₄	|AB×IMIN|	𒀑
ešemin₅	|BAD&BAD|	󰂅
ešer	|A.LAGAB×KUL|	𒀀𒇒
eše₂	EŠ₂	𒂠
eše₃	IDIM	𒅂
eše₄	|A.ŠE.NUN&NUN|	𒀀𒌁
ešeₓ	AB	𒀊
ešgal	|AB×GAL|	𒀍
ešgar	|AŠ₂.GAR₃|	𒀾𒃼
ešgarₓ	|U.EN×GAN₂@t|	𒌋𒂙
ešgiri	|U.EN×GAN₂@t|	𒌋𒂙
ešgiri₂	|EN×GAN₂@t|	𒂙
ešgunaₓ	|AB×(U.U.U)|	𒀔
ešgunuₓ	|AB×(U.U.U)|	𒀔
eškiri	|U.EN×GAN₂@t|	𒌋𒂙
eškiri₂	|EN×GAN₂@t|	𒂙
eškiriₓ	|KA.EŠ₂|	𒅗𒂠
eškunuₓ	|AB×(U.U.U)|	𒀔
ešlug	|LU₂×LAGAB|	𒈊
ešqa	KU₇	𒆯
ešsad	|ZAG.HA|	𒍠𒄩
ešsadu	|AB.HA.ZAG.GABA.HU|	𒀊𒄩𒍠𒃮𒄷
eštaₓ	|ŠITA.GIŠ.TUG₂|	𒋖𒄑𒌆
eštub	GUD	𒄞
ešuₓ	|LAM×KUR|	𒇵
eššaba	|DIŠ.DIŠ.DIŠ.U.U|	𒁹𒁹𒁹𒎙
eššad	|ZAG.HA|	𒍠𒄩
eššana	|DIŠ.DIŠ.DIŠ.U.U|	𒁹𒁹𒁹𒎙
eššeb	|KI.IB|	𒆠𒅁
eš₁₀	A	𒀀
eš₁₂	|NE×UD|	𒉊
eš₁₃	|NE×A|	𒉉
eš₁₄	EL	𒂖
eš₁₅	IŠ	𒅖
eš₁₆	|AŠ&AŠ&AŠ|	𒀼
eš₁₇	|ME.U.U.U|	𒎌
eš₁₈	AŠ@t	𒀹
eš₁₉	GIŠ	𒄑
eš₂	EŠ₂	𒂠
eš₂@t	EŠ₂@t	󰁤
eš₂₀	AŠ	𒀸
eš₂₂	|LAM×KUR|	𒇵
eš₃	AB	𒀊
eš₄	DIŠ	𒁹
eš₅	|DIŠ.DIŠ.DIŠ|	𒁹𒁹𒁹
eš₆	3(AŠ)	𒐁
eš₇	BAD	𒁁
eš₈	KASKAL	𒆜
eš₉	|A.IGI|	𒀀𒅆
ešₓ	LAM	𒇴
eʾ	ALEPH	𒀪
eʾella	|GA₂×(EL.LA)|	𒃈
eʾi	|E₂.A|	𒂍𒀀
eʾu	|E₂.A|	𒂍𒀀
eʾ₂	|HI×NUN|	𒄴
eʾ₃	E₂	𒂍
eṣ	GIŠ	𒄑
eṣ₃	AB	𒀊
eṭ	A₂	𒀉
e₁₀	NAGAR	𒉄
e₁₁	|LAGAR@g.DU|	𒇯𒁺
e₁₂	|LAGAR@g.DU@s|	𒇯𒁽
e₁₃	|SAL.KU|	𒎐
e₁₄	SAR	𒊬
e₂	E₂	𒂍
e₂-gar₆	|E₂.NUN|	𒂍𒉣
e₃	|UD.DU|	𒌓𒁺
e₄	A	𒀀
e₅	|SAL.TUG₂|	𒎏
e₆	|SU&SU|	𒋣
e₆-a	|SU&SU.A|	𒋣𒀀
e₇	KA	𒅗
e₈	UD	𒌓
eₓ	|LAGAB×HAL|	𒇉
f	SAL	𒊩
ga	GA	𒂵
ga-ša-an-an-na	MUŠ₃	𒈹
gab	GABA	𒃮
gaba	GABA	𒃮
gabar	|PA.DAG.KISIM₅×KAK|	𒉺𒁣
gabar₂	|DAG.KISIM₅×KAK|	𒁣
gaba₂	KAB	𒆏
gabaₓ	GABA@90	𒓉
gablumₓ	|UZ₃×KASKAL|	𒍛
gabraₓ	|DA.UŠ|	𒁕𒍑
gaburra	|GA₂×(BUR.RA)|	𒃂
gaburraₓ	|GA₂×(BAR.RA)|	𒃀
gabu₂	KAB	𒆏
gabuₓ	|KAB.BU|	𒆏𒁍
gab₂	KAB	𒆏
gab₃	|KA×A|	𒅘
gad	GAD	𒃰
gada	GAD	𒃰
gadaₓ	|LU₃.LU₃|	𒈖𒈖
gaddaₓ	|LU₃.LU₃|	𒈖𒈖
gadi	|GA₂×DI|	𒃄
gadibdim	|HI×AŠ₂|	𒄯
gadma	GUD	𒄞
gadu	GAD	𒃰
gadub	|GA₂×DUB|	𒃆
gadₓ	LU₃	𒈖
gaeš	|GA.KASKAL|	𒂵𒆜
gaeš₂	|KASKAL.GA|	𒆜𒂵
gaešₓ	KASKAL	𒆜
gag	KAK	𒆕
gaga	|GA₂×IGI@g|	𒃖
gagalam	|GALAM.GALAM|	𒃴𒃴
gagar	KI	𒆠
gagazu	|GAL.ZU|	𒃲𒍪
gagaₓ	KAK	𒆕
gaggim	MUG	𒈮
gaggimₓ	GIR₂	𒄈
gagi	|GA₂×GI₄|	𒃎
gagia	|GA₂×GI₄|	𒃎
gagia₂	|GA₂×GI|	𒃍
gagig	|GA₂×MI|	𒃟
gagigₓ	|E₂×MI|	𒂐
gagim	MUG	𒈮
gagirsu	|GA₂×(GIR₂.SU)|	𒃐
gagi₂	|GA₂×GI|	𒃍
gagri	GI₄	𒄄
gagₓ	|ZA.GUL|	𒍝𒄢
gahalla	|GA₂×(HAL.LA)|	𒃓
gahili	|GA₂×(HI.LI)|	𒃔
gaiku	|GA₂×AŠ|	𒂽
gaiš	|GA.KASKAL|	𒂵𒆜
gaiš₂	|KASKAL.GA|	𒆜𒂵
gak	KAK	𒆕
gakim	MUG	𒈮
gakiṣṣu	|GA₂×(AB₂@t.TAB)|	𒂻
gakkul	|U.DIM×ŠE|	𒌋𒁵
gakkul₂	|DIM×ŠE|	𒁵
gakkul₃	|U.DIM|	𒌋𒁴
gal	GAL	𒃲
gal-di	|GAL.DI|	𒃲𒁲
gal-zu	|GAL.ZU|	𒃲𒍪
gala	|UŠ.KU|	𒍑𒆪
galam	GALAM	𒃴
gala₁₀	|LU₂.DIŠ|	𒇽𒁹
gala₁₁	|LAGAB×DAR|	𒇂
gala₂	|SAL.LA|	𒊩𒆷
gala₃	|LAGAB×U|	𒇥
gala₄	|LAGAB×AL|	𒆽
gala₅	|LAGAB×KI|	𒇏
gala₆	ŠU₂	𒋙
gala₇	IG	𒅅
gala₈	GAL	𒃲
galaₓ	ARAD	𒀴
gale	GAL	𒃲
galga	|GA₂×GAR|	𒃌
galgaₓ	|GA₂×IGI@g|	𒃖
galilla	|GA₂×(KID.LAL)|	𒃛
galla	|TE.LAL|	𒋼𒇲
gallagalₓ	|GAL.TE.LAL|	𒃲𒋼𒇲
galla₂	|SAL.LA|	𒊩𒆷
galla₄	SAL	𒊩
gallaₓ	|HI×NUN.ME|	𒄴𒈨
galti	|GAL.DI|	𒃲𒁲
galu	|TE.LAL|	𒋼𒇲
gal₁₀	|LU₂.DIŠ|	𒇽𒁹
gal₂	IG	𒅅
gal₃	|URU×MIN|	𒍇
gal₄	SAL	𒊩
gal₄-la	|SAL.LA|	𒊩𒆷
gal₅	TE	𒋼
gal₅-la	|TE.LAL|	𒋼𒇲
gal₈	UD	𒌓
gal₉	KAL	𒆗
galₓ	ME	𒈨
gam	GAM	𒃵
gamalₓ	KU₇	𒆯
gamar	NI	𒉌
gama₂	|HI×BAD|	𒄰
gambi	|SAL.UŠ.DI|	𒊩𒍑𒁲
gambiₓ	SAL	𒊩
gaml	KU₇	𒆯
gammu	|SAL.UŠ.DI|	𒊩𒍑𒁲
gamu	|SAL.UŠ.DI|	𒊩𒍑𒁲
gamun	|DIN.ŠE.NUN&NUN|	𒁷𒌁
gamun₂	|ŠE.NUN&NUN|	𒌁
gamurₓ	LAK490	𒓻
gam₂	|HI×BAD|	𒄰
gam₃	KAM₄	𒆛
gam₄	GAN	𒃶
gamₓ	GURUN	𒄧
gan	GAN	𒃶
gana	GAN	𒃶
ganam₄	|LAGAB×(GUD&GUD)|	𒇇
ganam₅	|LAGAB×GUD|	𒇆
ganam₆	DARA₄	𒁱
gana₂	GAN₂	𒃷
gana₃	|DU@s.A|	𒁽𒀀
gana₄	|LAGAB×(GUD&GUD)|	𒇇
gana₅	|LAGAB×GUD|	𒇆
gana₆	DARA₄	𒁱
ganaₓ	|DU@g.A|	𒁼𒀀
ganba	|KI.LAM|	𒆠𒇴
ganbaₓ	|KI.LAM×KUR|	𒆠𒇵
gangud	|PA.ŠA₆|	𒉺𒊷
gansis	TA@g	𒋯
gansisₓ	|TA×MI|	𒋮
ganu	|U.EN×GAN₂@t|	𒌋𒂙
ganun	|GA₂×NUN|	𒃠
ganzer	|IGI.KUR.ZA|	𒅆𒆳𒍝
ganzer₂	|NE.SI.A|	𒉈𒋛𒀀
ganzer₃	|IGI.KUR|	𒅆𒆳
ganzerₓ	|KUR.ZA.KUR.ZI|	𒆳𒍝𒆳𒍣
ganzir	|IGI.KUR.ZA|	𒅆𒆳𒍝
ganzir₂	|NE.SI.A|	𒉈𒋛𒀀
ganzir₃	|IGI.KUR|	𒅆𒆳
gan₂	GAN₂	𒃷
gan₃	|DU@s.A|	𒁽𒀀
gan₇	GAM	𒃵
gap	GABA	𒃮
gapi	|GAR.GA₂×(A.IGI)|	𒃻𒂺
gap₂	KAB	𒆏
gar	GAR	𒃻
gara	GAR	𒃻
garadin	|(ŠE.NUN&NUN)&(ŠE.NUN&NUN).GAD&GAD.GAR&GAR|	𒌄
garadin₁₀	|U&U.PA&PA.GAR&GAR|	𒌎
garadin₂	|ŠE&ŠE.GAD&GAD.GAR&GAR|	𒊼
garadin₃	|ŠE&ŠE.TAB&TAB.GAR&GAR|	𒊽
garadin₄	|(ŠE.NUN&NUN)&(ŠE.NUN&NUN).LAGAB.LAGAB|	𒌃𒆸𒆸
garadin₅	|LAGAB.LAGAB|	𒆸𒆸
garadin₆	|(ŠE.NUN&NUN)&(ŠE.NUN&NUN)|	𒌃
garadin₇	|ŠE&ŠE.PA&PA.GAR&GAR|	𒔲XX
garadin₈	|ŠE&ŠE.GAR&GAR|	𒔲X
garadin₉	|U&U.SUR&SUR|	𒌏
garadinₓ	|ŠE.EŠ₂.PI.GAR|	𒊺𒂠𒉿𒃻
garak	GAN₂@t	𒃸
garak₅	GAR	𒃻
garaš	|GA₂×HUB₂|	𒃕
garašaₓ	|KI.BAD|	𒆠𒁁
garaš₂	|KI.KAL×BAD|	𒆠𒆘
garaš₃	|GA.KASKAL|	𒂵𒆜
garaš₄	|KASKAL.GA|	𒆜𒂵
garaš₅	|KI.KAL|	𒆠𒆗
garašₓ	KASKAL	𒆜
gara₁₀	|GA.NI|	𒂵𒉌
gara₁₁	|GA.A|	𒂵𒀀
gara₂	GA@g	𒂶
gara₃	GAR₃	𒃼
gara₄	GUD	𒄞
gara₆	NUN	𒉣
gara₈	SIG₄	𒋞
gara₉	GA	𒂵
garaₓ	|E.KISIM₅×X|	𒂊X
garig	ZUM	𒍮
garim	|LAGAB×KU₃|	𒇑
garim₂	|DAG.KISIM₅×AMAR|	𒁘
garimₓ	|SAL.LAGAR|	𒊩𒇬
garin	|LAGAB×KU₃|	𒇑
garinₓ	|GA₂×AN.ŠIM×GAR|	𒂼𒋋
gariŋ₂	ZUM	𒍮
garu	|UD.KUŠU₂|	𒌔
garza	|PA.AN|	𒉺𒀭
garza₂	|PA.LUGAL|	𒉺𒈗
garzu	|PA.AN|	𒉺𒀭
gar₁₀	|GA.NI|	𒂵𒉌
gar₁₁	|GA.A|	𒂵𒀀
gar₁₂	|GA.DIŠ|	𒂵𒁹
gar₁₃	TE@g	𒋽
gar₁₄	|TE.A|	𒋼𒀀
gar₁₉	GAN₂@t	𒃸
gar₂	GA@g	𒂶
gar₃	GAR₃	𒃼
gar₄	GUD	𒄞
gar₅	LU₃	𒈖
gar₆	NUN	𒉣
gar₇	MAR	𒈥
gar₈	SIG₄	𒋞
gar₉	GA	𒂵
garₓ	|GA.GA|	𒂵𒂵
gas	|GUM×ŠE|	𒄤
gasa	|KA×(GIŠ%GIŠ)|	𒅪
gasibir	|GA₂×EN×GAN₂@t|	𒃊
gasikilla	|GA₂×(EL.LA)|	𒃈
gas₂	GUM	𒄣
gasₓ	|NU₁₁.BUR|	𒉢𒁓
gat	GAD	𒃰
gat₂	KAD₂	𒆐
gat₃	KAD₃	𒆑
gayayu	|LAGAB×(GUD&GUD)|	𒇇
gaz	|GUM×ŠE|	𒄤
gaza	|GUM×ŠE|	𒄤
gazag	|GA₂×(KU₃.AN)|	𒃜
gaza₃	|KA×(GIŠ%GIŠ)|	𒅪
gazaₓ	|GA₂×ZIZ₂|	𒓈
gazi	|GA₂×ZIZ₂|	𒓈
gazibu	BU	𒁍
gazigal	|GA₂×(AŠ₂.GAL)|	𒂾
gazigalₓ	|GA₂×AŠ₂|	𒍺
gazimbi	BU	𒁍
gazinbi	BU	𒁍
gazinbu	BU	𒁍
gazi₂	|GA₂×SUM|	𒃨
gazi₃	|GA₂×SAR|	𒃤
gaziₓ	|GA₂×AŠ₂|	𒍺
gaz⁻	GUM	𒄣
gaz₂	GUM	𒄣
gaŋₓ	IL₂	𒅍
gaš	BI	𒁉
gašam	|NUN.ME.TAG|	𒉣𒈨𒋳
gašamₓ	|ME.NUN.TAG|	𒈨𒉣𒋳
gašan	GAŠAN	𒃽
gašmu	|AŠ&AŠ.TUG₂&TUG₂.TUG₂&TUG₂.PAP|	𒀻
gaššu	|NUN.ME.TAG|	𒉣𒈨𒋳
gaʾar	LAK490	𒓻
gaʾazag	|GA₂×(KU₃.AN)|	𒃜
gaʾešₓ	KASKAL	𒆜
gaʾurₓ	LAK490	𒓻
gaṣ	|GUM×ŠE|	𒄤
ga₁₁	|HI×AŠ₂|	𒄯
ga₁₂	MI	𒈪
ga₁₄	KA	𒅗
ga₁₅	GABA	𒃮
ga₂	GA₂	𒂷
ga₃	GAN₂	𒃷
ga₄	GAR	𒃻
ga₅	SILA₃	𒋡
ga₆	IL₂	𒅍
ga₇	IG	𒅅
ga₈	GI₄	𒄄
gaₓ	GALAM	𒃴
ge	GI	𒄀
gebₓ	GIG	𒍼
gedim	GIDIM	𒄇
geg	GIG	𒍼
gegge	MI	𒈪
geg₂	MI	𒈪
gel	|GI%GI|	𒄃
geleŋ	|GI%GI|	𒄃
gele₃	|KA×LI|	𒅲
geli₃	|KA×LI|	𒅲
geltan	PI	𒉿
gem	DIM₂	𒁶
geme₂	|SAL.KUR|	𒊩𒆳
geme₃	|ARAD×KUR|	𒀵
gemeₓ	SAL	𒊩
gem₃	|SAL.KUR|	𒊩𒆳
gen	DU	𒁺
gena	|TUR.DIŠ|	𒌉𒁹
genan	|TUR.DIŠ|	𒌉𒁹
genna	|TUR.DIŠ|	𒌉𒁹
gen₃	KUR	𒆳
gen₆	GI	𒄀
gen₇	DIM₂	𒁶
ger	HA@g	𒄫
gereš	|HI×ŠE|	𒄵
gereš₃	|ARAD×KUR|	𒀵
gerin	LAGAB	𒆸
ger₁₅	EŠ₂	𒂠
ger₂	GIR₂	𒄈
ger₃	GIR₃	𒄊
gez	GIŠ	𒄑
geš	GIŠ	𒄑
geš-tin	|GIŠ.DIN|	𒄑𒁷
gešba	RU	𒊒
gešba₂	|ŠU.PAP.PAP|	𒋗𒉽𒉽
gešbu	RU	𒊒
gešbun	|KI.BI.GAR|	𒆠𒁉𒃻
gešbun₂	|KI.BI|	𒆠𒁉
gešbunₓ	|GIŠ.KI.BI|	𒄑𒆠𒁉
gešburₓ	U	𒌋
gešbu₂	|ŠU.PAP.PAP|	𒋗𒉽𒉽
gešbuₓ	|GIŠ.RU|	𒄑𒊒
gešdu	PI	𒉿
gešdu₂	|GIŠ.TUG₂.PI|	𒄑𒌆𒉿
gešdu₃	|GIŠ.PI.TUG₂|	𒄑𒉿𒌆
gešdu₄	|IGI.DU|	𒅆𒁺
gešhar	|GIŠ×BAD|	𒄓
gešhur	KAD₄	𒆒
gešhurₓ	KAD₅	𒆓
gešimmar	ŠA₆	𒊷
geškad	KAD₄	𒆒
geškadₓ	KAD₅	𒆓
geškim	|IGI.DUB|	𒅆𒁾
gešmin@c	GEŠMIN@c	𒖚
gešminu@c	GEŠMINU@c	𒖣
gešminʾu@c	GEŠMINU@c	𒖣
gešnimbar	ŠA₆	𒊷
gešnu	NU₁₁	𒉢
gešnu₂	|NU₁₁.IR|	𒉢𒅕
gešnu₃	NA₂	𒈿
gešpa	RU	𒊒
gešpaₓ	|GIŠ.RU|	𒄑𒊒
gešpu	RU	𒊒
gešpu₂	|ŠU.PAP.PAP|	𒋗𒉽𒉽
gešpuₓ	|GIŠ.RU|	𒄑𒊒
gešta	1(GEŠ₂)	𒐕
geštae	|(4×ZA)×KUR|	𒍟
geštaeₓ	|ZA.KUR|	𒍝𒆳
geštara	PA	𒉺
geštin	GEŠTIN	𒃾
geština	GEŠTIN	𒃾
geštinₓ	DUB₂	𒂀
geštu	PI	𒉿
geštug	PI	𒉿
geštug₂	|GIŠ.TUG₂.PI|	𒄑𒌆𒉿
geštug₃	|GIŠ.PI.TUG₂|	𒄑𒉿𒌆
geštunuₓ	PI	𒉿
geštu₂	|GIŠ.TUG₂.PI|	𒄑𒌆𒉿
geštu₃	|GIŠ.PI.TUG₂|	𒄑𒉿𒌆
geštu₄	|IGI.DU|	𒅆𒁺
geštuₓ	|IGI.EŠ₂.DU|	𒅆𒂠𒁺
gešu	1(GEŠU)	𒐞
gešu@v	|GEŠU@c×KASKAL|	󰀫
geššir	|EN×GAN₂@t|	𒂙
gešʾu	1(GEŠU)	𒐞
geš₂	1(GEŠ₂)	𒐕
geš₃	UŠ	𒍑
gešₓ	|U.U|	𒎙
ge₁₀	NE@s	𒉋
ge₁₁	DUN₃@g	𒂆
ge₁₂	|SAL.KUR|	𒊩𒆳
ge₁₃	DU	𒁺
ge₁₄	U	𒌋
ge₁₅	AŠ	𒀸
ge₁₆	|GI%GI|	𒄃
ge₁₇	GIG	𒍼
ge₁₈	DIM₂	𒁶
ge₁₉	PEŠ₂	𒉾
ge₂	KID	𒆤
ge₂₀	GA	𒂵
ge₂₁	KUR	𒆳
ge₂₂	GE₂₂	𒍻
ge₂₃	AŠ@t	𒀹
ge₂₄	|ARAD×KUR|	𒀵
ge₂₆	GA₂	𒂷
ge₂₈	|DAG.KISIM₅×NE|	𒁨
ge₃	DIŠ	𒁹
ge₄	GI₄	𒄄
ge₅	KI	𒆠
ge₆	MI	𒈪
ge₇	EŠ₂	𒂠
ge₈	IGI	𒅆
ge₉	NE	𒉈
geₓ	DUGUD	𒂂
gi	GI	𒄀
gib	|GI%GI|	𒄃
gibi	NE@s	𒉋
gibil	NE@s	𒉋
gibila	NE@s	𒉋
gibil⁻	NE	𒉈
gibil₂	|ŠU₂.AŠ₂|	𒋙𒀾
gibil₃	|KI.NE|	𒆠𒉈
gibil₄	NE	𒉈
gibil₅	|GALAM.GALAM|	𒃴𒃴
gibil₆	|NE.GI|	𒉈𒄀
gibil₇	|ŠU₂.AN|	𒋙𒀭
gibilₓ	|GIŠ.NE@s|	𒄑𒉋
gibir	|ŠU₂.AŠ₂|	𒋙𒀾
gibiru	U	𒌋
gibir₂	|ŠU₂.AN|	𒋙𒀭
giburu	U	𒌋
gib₂	|GIŠ%GIŠ|	𒄒
gib₃	GIG	𒍼
gid	KID	𒆤
gidar	PA	𒉺
gida₂	BU	𒁍
gida₄	GAD	𒃰
gidešta	|GAR.ŠUŠANA.SILA₃|	𒃻𒑚𒋡
gideštaₓ	|GAR.KINGUSILI.SILA₃|	𒃻𒑜𒋡
gidim	GIDIM	𒄇
gidim₂	|MAŠ.U|	𒈦𒌋
gidim₃	BU	𒁍
gidim₄	UDUG	𒌜
gidim₇	GUD	𒄞
gidimₓ	|NINDA₂×GI.IDIM|	𒎒𒅂
gidirₓ	PA	𒉺
gidi₃	BU	𒁍
gidi₆	|UD.GAN|	𒌓𒃶
gidlam	|SAL.UŠ.DAM|	𒊩𒍑𒁮
gidlam₂	|UŠ.DAM|	𒍑𒁮
gidlam₃	|UŠ.SAL.DAM|	𒍑𒊩𒁮
gidlam₄	|SAL.UŠ|	𒊩𒍑
gidri	PA	𒉺
gidru	PA	𒉺
gid₂	BU	𒁍
gid₃	SA	𒊓
gid₄	GAD	𒃰
gid₆	TAK₄	𒋺
gidₓ	|DU.DU|	𒁺𒁺
gig	GIG	𒍼
gigam	|LU₂@LU₂|	𒈓
giggi	MI	𒈪
gigi	|GI₄%GI₄|	𒄆
gigir	|LAGAB×BAD|	𒇀
gigira	|LAGAB×BAD|	𒇀
gigira₂	|LAGAB×U|	𒇥
gigirum	|GAM.GAM|	𒃵𒃵
gigir₂	|LAGAB×U|	𒇥
gigir₃	|LAGAB×AŠ@t|	𒇕
gigir₄	|LAGAR@g.DU|	𒇯𒁺
gigi₂	MI	𒈪
gigiₓ	NE@s	𒉋
gigri	|DU@g.DU@g|	𒁼𒁼
gigri₂	|DU@s.DU@s|	𒁽𒁽
giguru	U	𒌋
giguru₂	|MAŠ.U|	𒈦𒌋
giguru₃	|KA×ŠID|	𒆂
giguruₓ	|NINDA₂×GI|	𒎒
gig₂	MI	𒈪
gig₃	|GI%GI|	𒄃
gig₄	DUN₃@g	𒂆
gikki	MI	𒈪
gil	|GI%GI|	𒄃
gilgames	|GIŠ.DUN₃@g.MAŠ|	𒄑𒂆𒈦
gilgames₃	|GIŠ.NE.GA.MES|	𒄑𒉈𒂵𒈩
gilgameš	|GIŠ.DUN₃@g.MAŠ|	𒄑𒂆𒈦
gilgameš₃	|GIŠ.NE.GA.MES|	𒄑𒉈𒂵𒈩
gilgamešₓ	|GIŠ.NE.MES.GA|	𒄑𒉈𒈩𒂵
gili	|GI%GI|	𒄃
gilib₃	|KA×LI|	𒅲
gilib₄	|KA×RU|	𒅽
gilibₓ	|GI%GI|	𒄃
gilili	PEŠ₂	𒉾
gilim	|GI%GI|	𒄃
gilim₂	PEŠ₂	𒉾
gilin	PEŠ₂	𒉾
gili₂	LAGAB	𒆸
gili₃	|KA×LI|	𒅲
gillim	|GI%GI|	𒄃
gilugu	|LAGAB×HAL|	𒇉
gil₂	LAGAB	𒆸
gil₃	IL₂	𒅍
gil₄	NE@s	𒉋
gim	DIM₂	𒁶
gimi	DIM₂	𒁶
gim₂	DUN₃@g	𒂆
gim₃	|SAL.KUR|	𒊩𒆳
gim₄	DU@s	𒁽
gim₅	DU@g	𒁼
gim₆	DU	𒁺
gim₇	BU	𒁍
gim₈	|GAD.TAK₄.GIŠ|	𒃰𒋺𒄑
gin	DU	𒁺
gina	|TUR.DIŠ|	𒌉𒁹
ginan	|TUR.DIŠ|	𒌉𒁹
gina₂	DUN₃@g	𒂆
gina₃	KUR	𒆳
ginaₓ	DU	𒁺
gingam	|LU₂@LU₂|	𒈓
gingira	|KISIM₅&KISIM₅|	𒆩
ginna	|TUR.DIŠ|	𒌉𒁹
gin₂	DUN₃@g	𒂆
gin₃	KUR	𒆳
gin₄	|ZI&ZI.LAGAB|	𒍤𒆸
gin₅	|SAL.KUR|	𒊩𒆳
gin₆	GI	𒄀
gin₇	DIM₂	𒁶
gin₈	|HI×AŠ₂|	𒄯
ginₓ	|A.ZI&ZI|	𒀀𒍤
giparₓ	KISAL	𒆦
gip₂	|GIŠ%GIŠ|	𒄒
gir	HA@g	𒄫
gira	|U.MAŠ.KAB|	𒌋𒈦𒆏
giraba	AB	𒀊
girabaₓ	|AB.HA@g|	𒀊𒄫
girah	|ŠU.DIM₂|	𒋗𒁶
girak	LAGAB	𒆸
gira₂	|GIŠ.BAR|	𒄑𒁇
gira₃	|NE.GI|	𒉈𒄀
girenₓ	LAGAB	𒆸
gireš	|HI×ŠE|	𒄵
gireš₂	GURUŠ	𒄨
giri	HA@g	𒄫
giriak	LAGAB	𒆸
girid	KEŠ₂	𒆟
girid₂	|GIR₃×GAN₂@t|	𒄌
girim	LAGAB	𒆸
girima₃	|A.HA.TAR.DU|	𒀀𒄩𒋻𒁺
girimma₃	|A.HA.TAR.DU|	𒀀𒄩𒋻𒁺
girim₂	DU@s	𒁽
girim₃	|A.HA.TAR.DU|	𒀀𒄩𒋻𒁺
girimₓ	|MUŠ.HA.DU.A|	𒈲𒄩𒁺𒀀
girin	LAGAB	𒆸
girin₂	|A.HA.TAR.DU|	𒀀𒄩𒋻𒁺
giriš	|HI×ŠE|	𒄵
giriš₂	GURUŠ	𒄨
giriš₃	|ARAD×KUR|	𒀵
girišₓ	|HI×AŠ₂|	𒄯
giri₁₁	KEŠ₂	𒆟
giri₁₃	ŠID	𒋃
giri₁₆	|GIR₃×GAN₂@t|	𒄌
giri₁₇	KA	𒅗
giri₁₉	|ŠU.LU₂|	𒋗𒇽
giri₂	GIR₂	𒄈
giri₂₀	|ŠU.AN|	𒋗𒀭
giri₂₁	|ŠU.LUGAL|	𒋗𒈗
giri₃	GIR₃	𒄊
giri₅	DU@s	𒁽
giri₆	DU@g	𒁼
giri₈	LAGAB	𒆸
giriₓ	|KA×LI|	𒅲
girra	|NE.GI|	𒉈𒄀
girriₓ	GAN₂	𒃷
girum	GAM	𒃵
giru₃	GIR₃	𒄊
girza	|PA.LUGAL|	𒉺𒈗
gir₁₀	NE	𒉈
gir₁₁	KEŠ₂	𒆟
gir₁₂	IN	𒅔
gir₁₃	ŠID	𒋃
gir₁₄	HA	𒄩
gir₁₅	EŠ₂	𒂠
gir₁₆	|GIR₃×GAN₂@t|	𒄌
gir₁₇	KA	𒅗
gir₁₈	|NE.GI|	𒉈𒄀
gir₂	GIR₂	𒄈
gir₃	GIR₃	𒄊
gir₄	|U.AD|	𒌋𒀜
gir₅	DU@s	𒁽
gir₆	DU@g	𒁼
gir₇	DU	𒁺
gir₈	LAGAB	𒆸
gir₉	|AB₂×ŠA₃|	𒀚
girₓ	|AB₂.ŠA₃|	𒀖𒊮
gis	GIŠ	𒄑
gisal	GISAL	𒄐
gisbun	|KI.AŠ.AŠ|	𒆠𒀸𒀸
giskim	|IGI.DUB|	𒅆𒁾
gissu	|GIŠ.MI|	𒄑𒈪
gissuₓ	MI	𒈪
git	KID	𒆤
gitlam	|SAL.UŠ.DAM|	𒊩𒍑𒁮
gitlam₂	|UŠ.DAM|	𒍑𒁮
gitlam₃	|UŠ.SAL.DAM|	𒍑𒊩𒁮
gitlam₄	|SAL.UŠ|	𒊩𒍑
git₂	BU	𒁍
giz	GIŠ	𒄑
gizal	GISAL	𒄐
gizal₂	|GIŠ.TUG₂.PI.NU₁₁@90.SILA₃|	𒄑𒌆𒉿𒎓𒋡
gizbun	|KI.BI.GAR|	𒆠𒁉𒃻
gizkim	|IGI.DUB|	𒅆𒁾
gizzal	|GIŠ.TUG₂.PI.NU₁₁@90.SILA₃|	𒄑𒌆𒉿𒎓𒋡
gizzalₓ	|GIŠ.TUG₂.PI.NI|	𒄑𒌆𒉿𒉌
gizzu	|GIŠ.MI|	𒄑𒈪
giŋ₄	DUN₃@g	𒂆
giš	GIŠ	𒄑
giša	GIŠ	𒄑
gišal	GISAL	𒄐
gišbar	|AL×GIŠ|	𒀣
gišbun	|KI.BI.GAR|	𒆠𒁉𒃻
gišdu	PI	𒉿
gišdu₂	|GIŠ.TUG₂.PI|	𒄑𒌆𒉿
gišdu₃	|GIŠ.PI.TUG₂|	𒄑𒉿𒌆
gišgal	|URU×MIN|	𒍇
gišha	|ŠITA.GIŠ|	𒋖𒄑
gišhar	|GIŠ×BAD|	𒄓
gišhur	KAD₄	𒆒
gišimmar	ŠA₆	𒊷
giškad	KAD₄	𒆒
giškadₓ	TUM	𒌈
giškim	|IGI.DUB|	𒅆𒁾
gišmaš	|AL×GIŠ|	𒀣
gišnimbar	ŠA₆	𒊷
gišnu	NU₁₁	𒉢
gišnu₂	|NU₁₁.IR|	𒉢𒅕
gištae	|(4×ZA)×KUR|	𒍟
gištaʾe	|(4×ZA)×KUR|	𒍟
gištaʾe₂	|ZA.KUR|	𒍝𒆳
gištaʾi	|(4×ZA)×KUR|	𒍟
gištaʾi₂	|ZA.KUR|	𒍝𒆳
gištu	PI	𒉿
gištug	PI	𒉿
gištug₂	|GIŠ.TUG₂.PI|	𒄑𒌆𒉿
gištug₃	|GIŠ.PI.TUG₂|	𒄑𒉿𒌆
gištunuₓ	PI	𒉿
gišturu	PA	𒉺
gištu₂	|GIŠ.TUG₂.PI|	𒄑𒌆𒉿
gištu₃	|GIŠ.PI.TUG₂|	𒄑𒉿𒌆
gišzal	|GIŠ.TUG₂.PI.NU₁₁@90.SILA₃|	𒄑𒌆𒉿𒎓𒋡
giššir	|EN×GAN₂@t|	𒂙
giš₂	1(GEŠ₂)	𒐕
giš₃	UŠ	𒍑
gišₓ	|SAL.UŠ|	𒊩𒍑
giṣ	GIŠ	𒄑
giṭ₂	BU	𒁍
gi₁₀	NE@s	𒉋
gi₁₁	DUN₃@g	𒂆
gi₁₂	|SAL.KUR|	𒊩𒆳
gi₁₆	|GI%GI|	𒄃
gi₁₇	GIG	𒍼
gi₁₈	DIM₂	𒁶
gi₂	KID	𒆤
gi₂₅	DUGUD	𒂂
gi₂₇	BU	𒁍
gi₃	1(GEŠ₂)	𒐕
gi₄	GI₄	𒄄
gi₅	KI	𒆠
gi₆	MI	𒈪
gi₇	EŠ₂	𒂠
gi₈	IGI	𒅆
gi₉	NE	𒉈
gu	GU	𒄖
guana	|UZ₃.KASKAL|	𒍚𒆜
gub	DU	𒁺
guba	DU	𒁺
gubalag	|EZEN×LA|	𒂯
gubalaga	|EZEN×LA|	𒂯
gublaga	|EZEN×LA|	𒂯
gubu	DU	𒁺
gubu₃	KAB	𒆏
gub₂	LI	𒇷
gub₃	KAB	𒆏
gub₄	NI	𒉌
gub₅	KID	𒆤
gud	GUD	𒄞
guda₂	|HI×NUN.ME|	𒄴𒈨
guda₃	|SAG×UR|	𒊥
guddaₓ	|HI×NUN.ME|	𒄴𒈨
gudedde	|KA×UMUM×PA|	𒆊
gudibdim	|HI×AŠ₂|	𒄯
gudibir	TAK₄	𒋺
gudibir₂	|KUR@KUR|	𒆴
gudiddi	|KA×BALAG|	𒅝
gudma	GUD	𒄞
gudu	GUD	𒄞
guduaₓ	|KIŠ.AB@g|	𒆧𒀕
gudug	|HI×NUN.ME|	𒄴𒈨
gudug₂	|SUMAŠ.ME|	𒋨𒈨
gudunₓ	BALAG	𒁆
gudu₁₀	BALAG	𒁆
gudu₁₁	|SUMAŠ.ME|	𒋨𒈨
gudu₂	|SAG×UR|	𒊥
gudu₄	|HI×NUN.ME|	𒄴𒈨
gudu₅	|ŠA₃×ŠU₂|	𒊳
guduₓ	|HI×NUN|	𒄴
gud₁₀	BALAG	𒁆
gud₂	|SAG×UR|	𒊥
gud₃	|U₂.KI.SUM.GA|	𒌑𒆠𒋧𒂵
gud₄	TAR	𒋻
gud₅	GALAM	𒃴
gud₆	LUM	𒈝
gud₇	KU	𒆪
gud₈	LAGAB	𒆸
gud₉	ŠID	𒋃
gudₓ	|HI×NUN.ME|	𒄴𒈨
gueriši	|GU₂×(SAL.TUG₂)|	𒄜
gug	|ZA.GUL|	𒍝𒄢
gugarid	GUD	𒄞
guggal	|LU.HUL₂|	𒇻𒄾
guggim	MUG	𒈮
guggimₓ	GIR₂	𒄈
gugim	MUG	𒈮
gugina	|GAR.LU₃|	𒃻𒈖
gugru	|GAN₂@t.GAN₂@t|	𒃸𒃸
gugumu	|LUM.LUM|	𒈝𒈝
gugu₂	|4×(EZEN×KASKAL)|	𒂭
gug₂	LU₃	𒈖
gug₃	|GAR.LU₃|	𒃻𒈖
gug₄	|ZI&ZI.LAGAB|	𒍤𒆸
gug₅	|LUGAL&LUGAL|	𒈘
gug₆	|KA.KAK|	𒅗𒆕
gugₓ	|A.ZI&ZI|	𒀀𒍤
guhšu	|SIG₄&SIG₄.ŠU₂|	𒋟
guhšu₂	|LUM&LUM.ŠU₂|	𒈞𒋙
gukim	MUG	𒈮
gukin	|LAGAB×KIN|	𒇐
gukin₂	|HI×KIN|	𒄳
gukinₓ	|LAGAB×(U.U.U)|	𒇧
gukiri	|KA×SAR|	𒅿
gukkal	|LU.HUL₂|	𒇻𒄾
gukri	|KA×(GIŠ.SAR)|	𒅩
gul	GUL	𒄢
gulla	|TE.LAL|	𒋼𒇲
gulu	GUL	𒄢
gul₂	KUL	𒆰
gul₃	TE	𒋼
gum	GUM	𒄣
gumgum	|LUM&LUM|	𒈞
gumgumšu	|LUM&LUM.ŠU₂|	𒈞𒋙
gumgumₓ	|LUM&LUM.DU@s|	𒈞𒁽
gumle	|EZEN×IGI@g|	𒂫
gumu	LUM	𒈝
gum₂	LUM	𒈝
gum₂-gum₂	|LUM&LUM|	𒈞
gum₂-gum₂-kaš₄	|LUM&LUM.DU@s|	𒈞𒁽
gum₂-gum₂-šu₂	|LUM&LUM.ŠU₂|	𒈞𒋙
gum₃	NE	𒉈
gum₄	GAM	𒃵
gumₓ	GU	𒄖
gun	|GU₂.KALAM@g|	𒄘𒌦
guna₄	AB@g	𒀕
gunidaₓ	NUNUZ	𒉭
gunimₓ	|LAGAB×A|	𒆹
gunin₂	|LAGAB×A|	𒆹
guninₓ	|A.KU|	𒀀𒆪
gunni	|KI.NE|	𒆠𒉈
gunu₃	DAR	𒁯
gunu₄	AB@g	𒀕
gunuₓ	|AB×(U.U.U)|	𒀔
gun₂	GU₂	𒄘
gun₃	DAR	𒁯
gun₄	AB@g	𒀕
gun₅	LUM	𒈝
gunₓ	|AB×(U.U.U)|	𒀔
gup	DU	𒁺
gup₂	LI	𒇷
gup₅	KID	𒆤
guq	|ZA.GUL|	𒍝𒄢
gur	GUR	𒄥
gura	GUR	𒄥
gura₈	TE@g	𒋽
gurdaₓ	GIR₂	𒄈
gurdub	|GA₂×GI|	𒃍
gurdub₂	|GA₂×GI₄|	𒃎
gurin	GURUN	𒄧
gurinₓ	|BAD.IGI.BAD|	𒁁𒅆𒁁
gurmi	|NINDA₂×MAŠ|	𒔨
guru	GUR	𒄥
gurud	|NUN@t.KI|	𒉩𒆠
gurud₂	|LU₂.KI|	𒇽𒆠
gurum	GAM	𒃵
gurum₂	|IGI.ERIN₂|	𒅆𒂟
gurumₓ	GURUN	𒄧
gurun	GURUN	𒄧
gurun₂	|BAD.IGI.BAD|	𒁁𒅆𒁁
gurun₃	LAGAB	𒆸
gurun₄	|4×LAGAB|	𒇫
gurun₇	DUG	𒂁
gurun₈	DIN	𒁷
gurunₓ	|4×(IDIM&IDIM)|	𒅄
gurusa	KU₇	𒆯
guruš	GURUŠ	𒄨
gurušda	KU₇	𒆯
gurušta	KU₇	𒆯
gurušti	KU₇	𒆯
guruštiₓ	|DI.X|	𒁲X
guruš₂	KU₇	𒆯
guruš₃	|URU×GU|	𒍀
guruš₄	TAG	𒋳
gurušₓ	UŠ	𒍑
guru₁₂	U	𒌋
guru₁₇	GIŠ@t	𒄕
guru₁₉	|NUN@t.KI|	𒉩𒆠
guru₂	GAM	𒃵
guru₂₀	GURUN	𒄧
guru₂₁	|E.TUM|	𒂊𒌈
guru₂₂	|4×LAGAB|	𒇫
guru₃	IL₂	𒅍
guru₅	|URU×GU|	𒍀
guru₆	GAN₂@t	𒃸
guru₇	GUR₇	𒄦
guru₈	TE@g	𒋽
guruₓ	DUG	𒂁
gur₁₀	KIN	𒆥
gur₁₁	GA	𒂵
gur₁₂	PAP	𒉽
gur₁₃	NI	𒉌
gur₁₄	|HI×AŠ₂|	𒄯
gur₁₅	UR₄	𒌴
gur₁₆	KUR	𒆳
gur₁₇	GIŠ@t	𒄕
gur₁₈	KA	𒅗
gur₁₉	|NUN@t.KI|	𒉩𒆠
gur₂	GAM	𒃵
gur₂₁	|E.TUM|	𒂊𒌈
gur₂₂	|LAGAB×HAL|	𒇉
gur₂₃	|NINDA₂×BAL|	𒎑
gur₃	IL₂	𒅍
gur₄	LAGAB	𒆸
gur₅	|URU×GU|	𒍀
gur₆	GAN₂@t	𒃸
gur₇	GUR₇	𒄦
gur₈	TE@g	𒋽
gur₉	NINDA₂	𒉒
gurₓ	EDIN	𒂔
gutir	|BU&BU.KALAM@g|	𒁏
guz	LUM	𒈝
guza	|KU.GAR|	𒆪𒃻
guziₓ	|KA×ZI|	𒆌
guzza	|KU.GAR|	𒆪𒃻
guz₂	BU	𒁍
guz₃	KU	𒆪
guš	SU	𒋢
guškin	|KU₃.GI|	𒆬𒄀
gušur	|GA₂×(NUN&NUN)|	𒃡
gušur₂	|RAB.GAL|	𒊐𒃲
gušurₓ	|RAB.MAH|	𒊐𒈤
gu₁₀	MU	𒈬
gu₁₁	GA	𒂵
gu₁₃	|HI×AŠ₂|	𒄯
gu₁₄	KI	𒆠
gu₁₅	LUM	𒈝
gu₁₆	KA₂	𒆍
gu₂	GU₂	𒄘
gu₃	KA	𒅗
gu₄	GUD	𒄞
gu₅	KU	𒆪
gu₆	|KA×A|	𒅘
gu₇	|KA×GAR|	𒅥
gu₈	GUM	𒄣
gu₉	KUL	𒆰
guₓ	DAR	𒁯
ha	HA	𒄩
hab	LAGAB	𒆸
haba	LAGAB	𒆸
habburudaₓ	|ŠA₃×BAD|	𒊰
habrud	|KI×U|	𒆢
habruda	|KI×U|	𒆢
habruda₂	|KI×BAD|	𒆡
habruda₃	|ŠA₃×BAD|	𒊰
habruda₄	|ŠA₃×U|	𒊵
habrud₂	|KI×BAD|	𒆡
habrud₃	|ŠA₃×BAD|	𒊰
habrud₄	|ŠA₃×U|	𒊵
habur	KAK	𒆕
hab₂	|LAGAB×U|	𒇥
had	PA	𒉺
hada₂	UD	𒌓
had₂	UD	𒌓
had₃	ŠA₆	𒊷
had₄	KAD₄	𒆒
hadₓ	KAD₅	𒆓
hahad	|UD.UD|	𒌓𒌓
hahhadₓ	|UD.UD|	𒌓𒌓
haia	NAGAR	𒉄
hal	HAL	𒄬
hala	HAL	𒄬
halba₃	|ZA.MUŠ₃@g|	𒍝𒈽
halba₄	|LAL₂.HAL|	𒇳𒄬
halba₅	|LAL₂.URU×MIN|	𒇳𒍇
halbaₓ	|MUŠ₃.DI|	𒈹𒁲
halbi₃	|ZA.MUŠ₃@g|	𒍝𒈽
halbi₄	|LAL₂.HAL|	𒇳𒄬
halbi₅	|LAL₂.URU×MIN|	𒇳𒍇
halbiₓ	|MUŠ₃.DI|	𒈹𒁲
halbu₃	|ZA.MUŠ₃@g|	𒍝𒈽
halbu₄	|LAL₂.HAL|	𒇳𒄬
halbu₅	|LAL₂.URU×MIN|	𒇳𒍇
halib	|IGI.KUR|	𒅆𒆳
halpa	|LAL₂.URU×MIN|	𒇳𒍇
halpi	|LAL₂.URU×MIN|	𒇳𒍇
halpia	|LAL₂.URU×MIN|	𒇳𒍇
halpiaₓ	|LAL₂.HAL|	𒇳𒄬
halpiₓ	|LAL₂.HAL|	𒇳𒄬
halubba	|GA₂×(HA.LU.EŠ₂)|	𒃑
halubₓ	|GA₂×(NE.E₂)|	𒓅
hal₂	ZUM	𒍮
hamanzer	|PA.IB|	𒉺𒅁
hamanzerₓ	|SIK₂.PA.IB|	𒋠𒉺𒅁
hamanzirₓ	|SIK₂.PA.IB|	𒋠𒉺𒅁
hamun	|NAGA@NAGA|	𒉃
hamunₓ	|EN%EN|	𒂛
hanburuda	|KI×U|	𒆢
haniš	IDIM	𒅂
haniš₂	LUGAL	𒈗
haniš₃	PA	𒉺
hanzalub	|ŠA₃.GI|	𒊮𒄀
hap	LAGAB	𒆸
hap₂	|LAGAB×U|	𒇥
har	|HI×AŠ₂|	𒄯
hara	|HI×AŠ₂|	𒄯
hara₂	GUD	𒄞
hara₃	|LU₂×LAGAB|	𒈊
hara₄	|DAG.KISIM₅×BI|	𒁚
hara₅	|DAG.KISIM₅×(U₂.GIR₂)|	𒁬
haraₓ	BAHAR₂	𒁃
harranₓ	KASKAL	𒆜
harub	|DAG.KISIM₅×(U₂.GIR₂)|	𒁬
haruba	|DAG.KISIM₅×(U₂.GIR₂)|	𒁬
harubuₓ	|DAG.KISIM₅×(U₂.GIR₂)|	𒁬
harubₓ	|NUNUZ.AB₂×U₂|	𒉷
haru₄	|DAG.KISIM₅×BI|	𒁚
har₂	GUD	𒄞
har₃	|LU₂×LAGAB|	𒈊
harₓ	|DAG.KISIM₅×BI|	𒁚
has	TAR	𒋻
has₂	PA	𒉺
hat	PA	𒉺
hata	PA	𒉺
haya	NAGAR	𒉄
haz	TAR	𒋻
hazabur	U₂	𒌑
haz₂	PA	𒉺
haš	TAR	𒋻
hašhur	MA@g	𒈢
haš₂	ZIG	𒍨
haš₃	UD	𒌓
haš₄	ZUM	𒍮
haṣ	TAR	𒋻
haṣ₂	PA	𒉺
haṭ	PA	𒉺
ha₂	|HI.A|	𒄭𒀀
ha₃	U	𒌋
ha₄	HI	𒄭
ha₅	UD	𒌓
ha₆	HA@g	𒄫
ha₇	GA	𒂵
ha₈	|ŠITA.GIŠ|	𒋖𒄑
haₓ	GA@g	𒂶
he	HI	𒄭
heburₓ	KAK	𒆕
hegal	|GA₂×AN|	𒂼
henbur	KAK	𒆕
henbur₂	|ŠE.KAK|	𒊺𒆕
henburₓ	|GI×U|	𒄂
hendur	PA	𒉺
henzer	|IGI.DIM|	𒅆𒁴
henzir	|IGI.DIM|	𒅆𒁴
her	KEŠ₂	𒆟
herₓ	|HI×AŠ₂|	𒄯
heŋal	|GA₂×AN|	𒂼
heš	UD	𒌓
heš₂	ZIG	𒍨
heš₅	|LU₂×GAN₂@t|	𒈂
he₂	GAN	𒃶
hi	HI	𒄭
hibira	|AL×HA|	𒀤
hibis	|TUR.DIŠ|	𒌉𒁹
hibis₂	|AL×UŠ|	𒀨
hibiz	|TUR.DIŠ|	𒌉𒁹
hibiz₂	|AL×UŠ|	𒀨
hilib	|IGI.KUR|	𒅆𒆳
hilibu	|E&E.NUN&NUN|	𒂌
hilib₂	NAGA	𒉀
hir	KEŠ₂	𒆟
hirim	|KI.KAL|	𒆠𒆗
hirin	|KI.KAL|	𒆠𒆗
hirin₂	KU₇	𒆯
hirinₓ	IL₂	𒅍
hir₂	|HI×AŠ₂|	𒄯
his	UD	𒌓
hiz	TAR	𒋻
hiš	UD	𒌓
hiš₂	ZIG	𒍨
hiš₃	PIR₂	𒎕
hiš₄	|HI.GIR₃|	𒍽
hi₂	GAN	𒃶
hiₓ	|HI×AŠ₂|	𒄯
hu	HU	𒄷
hub	|HUB₂×UD|	𒄽
hubhub	|ŠID×A|	𒋄
hubhub₂	|ŠID×IM|	𒋅
hubud	|GIR₃.ŠU.IG|	𒄊𒋗𒅅
hubur	|NUNUZ.AB₂×BI|	𒉯
huburₓ	BI	𒁉
hub₂	HUB₂	𒄸
hubₓ	LUM	𒈝
hud	PA	𒉺
hudbu	|PA.KAK|	𒉺𒆕
huduš	TU	𒌅
hud₂	UD	𒌓
hud₃	|HI×BAD|	𒄰
hud₄	ŠA₆	𒊷
hug	EŠ₂	𒂠
huhud	|UD.UD|	𒌓𒌓
hul	|IGI.UR|	𒅆𒌨
hula	|IGI.UR|	𒅆𒌨
hula₂	HUL₂	𒄾
hulpad	|IGI.UR.RU.GAR|	𒅆𒌨𒊒𒃻
hulu	|IGI.UR|	𒅆𒌨
huluh	LUH	𒈛
hulum	|DAG.KISIM₅×LUM|	𒁧
hulum₂	|SAG×LUM|	𒊜
hulum₃	|DAG.KISIM₅×HA|	𒁠
hulumₓ	|SAG×HA|	𒊙
hul₂	HUL₂	𒄾
hul₃	|GIŠ%GIŠ|	𒄒
hul₄	|IGI.UR@s|	𒅆𒌪
hum	LUM	𒈝
humu	LUM	𒈝
humuh	|LAGAB×(U.A)|	𒇦
humunzerₓ	|SIK₂.PA.IB|	𒋠𒉺𒅁
humurumₓ	KAK	𒆕
humₓ	|NINDA₂×AŠ.KUR|	𒉔𒆳
hun	EŠ₂	𒂠
hunin	|DAG.KISIM₅×HA|	𒁠
hunₓ	LUM	𒈝
hup	|HUB₂×UD|	𒄽
hup₂	HUB₂	𒄸
hur	|HI×AŠ₂|	𒄯
hurin	|KI.KAL|	𒆠𒆗
hurinₓ	BALAG	𒁆
hursag	|PA.DUN₃|	𒉺𒂅
hursaŋ	|PA.DUN₃|	𒉺𒂅
huru	|HI×AŠ₂|	𒄯
hurₓ	BALAG	𒁆
hus	LUM	𒈝
hus₂	TAR	𒋻
huya	|UD.KUŠU₂|	𒌔
huz	LUM	𒈝
huŋ	EŠ₂	𒂠
huš	|HI.GIR₃|	𒍽
huša	|HI.GIR₃|	𒍽
hušuₓ	|HI.GIR₃|	𒍽
huš₂	GIR₃	𒄊
hu₂	TU	𒌅
hu₃	U	𒌋
hu₄	|HI×AŠ₂|	𒄯
hu₅	LUM	𒈝
huₓ	KU	𒆪
i	I	𒄿
ia	|I.A|	𒅀
iauₓ	|LAGAB×(GUD&GUD)|	𒇇
ia₁₀	A	𒀀
ia₂	5(DIŠ)	𒐊
ia₃	NI	𒉌
ia₄	|NI.UD|	𒎎
ia₅	MU	𒈬
ia₇	|TAB.TAB.AŠ|	𒋰𒋰𒀸
ia₈	PI	𒉿
ia₉	|AŠ&AŠ&AŠ.TAB|	𒀼𒋰
ib	IB	𒅁
ibbanunna	|UD.HU.HI.NUN|	𒌓𒄷𒄭𒉣
ibbi	IB	𒅁
ibbi₂	NE	𒉈
ibila	|TUR.UŠ|	𒌉𒍑
ibila₂	|TUR.ARAD|	𒌉𒀴
ibila₃	|TUR.SAG|	𒌉𒊕
ibila₄	TUR	𒌉
ibilaₓ	|TUR.DIŠ|	𒌉𒁹
ibira	|KA×(GIŠ%GIŠ)|	𒅪
ibira₂	|KA×AŠ₂|	𒅛
ib₂	TUM	𒌈
id	A₂	𒀉
idarengalₓ	|A.LAGAB×HAL.UD.NUN.KI|	𒀀𒇉𒌓𒉣𒆠
ida₂	|A.LAGAB×HAL|	𒀀𒇉
iddir	|A.PA.GISAL.PAD.SI.A|	𒀀𒉺𒄐𒉻𒋛𒀀
idenₓ	EDIN	𒂔
idi	|GA₂×MI|	𒃟
idigna	|GU₂.GAR₃|	𒄘𒃼
idim	IDIM	𒅂
idin	BAD	𒁁
idinₓ	DIN	𒁷
idi₂	A₂	𒀉
idi₃	DA	𒁕
idriₓ	|KI.KU|	𒆠𒆪
id₂	|A.LAGAB×HAL|	𒀀𒇉
id₃	|LAGAB×HAL|	𒇉
id₄	|UD.AN.ŠEŠ.KI|	𒌓𒀭𒋀𒆠
id₅	A	𒀀
id₆	|A.LAGAB×HAL.GAL|	𒀀𒇉𒃲
id₇	|A.LAGAB×HAL.DI|	𒀀𒇉𒁲
id₈	|UD×(U.U.U)|	𒌗
idₓ	|A.BARA₂|	𒀀𒁈
ie	|I.A|	𒅀
ig	IG	𒅅
igar	|E₂.SIG₄|	𒂍𒋞
igaₓ	IGI	𒅆
igeštu	|IGI.DU|	𒅆𒁺
igi	IGI	𒅆
igigunuₓ	IGI@g	𒅊
igira	|IGI.BU|	𒅆𒁍
igira₂	|KI.SAG.SAL|	𒆠𒊕𒊩
igiraₓ	|SAG.SAL|	𒊕𒊩
igiru	|KI.SAG.SAL|	𒆠𒊕𒊩
igištu	|IGI.DU|	𒅆𒁺
igišŋalₓ	ŠUŠANA	𒑚
igi₂	IGI@g	𒅊
igi₃	|KI.SAG|	𒆠𒊕
igu	IGI	𒅆
ig₂	E	𒂊
ig₃	|NINDA₂×NE|	𒉘
ih	|HI×NUN|	𒄴
ih₂	ALEPH	𒀪
ii	|I.A|	𒅀
ik	IG	𒅅
iku	GAN₂	𒃷
iku₂	|GA₂×AŠ|	𒂽
ikuₓ	|AŠ.GAN₂|	𒀸𒃷
il	IL	𒅋
ila	AN	𒀭
ilamma	|LAGAB×IM|	𒇌
ilar	RU	𒊒
ila₂	IL₂	𒅍
ilba	GA₂	𒂷
ilba₂	|KASKAL.KUR|	𒆜𒆳
ildag	SUD₂	𒋥
ildag₂	|GUD×(A.KUR)|	𒄟
ildag₃	|GUD×KUR|	𒄠
ildag₄	|GEŠTIN×KUR|	𒃿
ildu	|IGI.EŠ₂.DU.ERIN₂|	𒅆𒂠𒁺𒂟
ildum	|IGI.EŠ₂.DU.ERIN₂|	𒅆𒂠𒁺𒂟
ilduma	|IGI.EŠ₂.DU.ERIN₂|	𒅆𒂠𒁺𒂟
ilduma₂	|IGI.NAGAR.BU|	𒅆𒉄𒁍
ilduma₃	|NAGAR.BU|	𒉄𒁍
ildumma	|IGI.EŠ₂.DU.ERIN₂|	𒅆𒂠𒁺𒂟
ildumma₂	|IGI.NAGAR.BU|	𒅆𒉄𒁍
ildumma₃	|NAGAR.BU|	𒉄𒁍
ildum₂	|IGI.NAGAR.BU|	𒅆𒉄𒁍
ildum₃	|NAGAR.BU|	𒉄𒁍
ildumₓ	BU	𒁍
ildu₂	|IGI.NAGAR.BU|	𒅆𒉄𒁍
ildu₃	|NAGAR.BU|	𒉄𒁍
ilduₓ	BU	𒁍
ilha	|KASKAL.KUR|	𒆜𒆳
ili	AN	𒀭
ilimmu	ILIMMU	𒑆
ilimmu₂	|TAB.TAB.TAB.TAB.AŠ|	𒋰𒋰𒋰𒋰𒀸
ilimmu₃	ILIMMU₃	𒑇
ilimmu₄	9(DIŠ~b)	𒑈
ilimmuₓ	9(DIŠ)	𒐎
ilimₓ	9(DIŠ)	𒐎
ili₂	IL₂	𒅍
ili₅	EL	𒂖
ili₆	DIŠ	𒁹
ili₇	|AN.ME.U.U.U|	𒀭𒎌
iliₓ	LUGAL	𒈗
illa	NAGAR	𒉄
illag	LAGAB	𒆸
illalₓ	IL₂	𒅍
illamma	|LAGAB×IM|	𒇌
illar	RU	𒊒
illat	|KASKAL.KUR|	𒆜𒆳
illil	|EN.KID|	𒂗𒆤
illil₂	5(U)	𒐐
illu	|A.KAL|	𒀀𒆗
illulu	RU	𒊒
illur	RU	𒊒
illuru	RU	𒊒
ilu	AN	𒀭
ilumer	IM	𒅎
ilumer₂	|URU×IGI|	𒍂
ilumer₃	LUL	𒈜
il₁₀	AL	𒀠
il₂	IL₂	𒅍
il₃	AN	𒀭
il₄	DIŠ	𒁹
il₅	EL	𒂖
il₆	|AL×ŠE|	𒀧
il₈	|IL×GAN₂@t|	𒅌
il₉	LIL	𒇸
ilₓ	|AL.ŠE|	𒀠𒊺
im	IM	𒅎
imdudu	MUŠ	𒈲
imeriₓ	GIR₃	𒄊
imeₓ	IM	𒅎
imgaga	|ZIZ₂.A.AN|	𒍩𒀀𒀭
imgaga₂	|ZIZ₂.AN.NA|	𒍩𒀭𒈾
imgaga₃	|ZIZ₂.AN|	𒍩𒀭
imgagaₓ	|AŠ₂.A|	𒀾𒀀
imhur₂	|IGI.BI|	𒅆𒁉
imhur₃	|IGI.GA|	𒅆𒂵
imhur₄	|IGI.A|	𒅆𒀀
imi	IM	𒅎
imin	7(DIŠ)	𒐌
imina	7(DIŠ)	𒐌
imina₂	|TAB.TAB.TAB.AŠ|	𒋰𒋰𒋰𒀸
imina₃	|AŠ&AŠ&AŠ.AŠ&AŠ&AŠ.AŠ|	𒀼𒀼𒀸
imin₂	|TAB.TAB.TAB.AŠ|	𒋰𒋰𒋰𒀸
imin₃	|AŠ&AŠ&AŠ.AŠ&AŠ&AŠ.AŠ|	𒀼𒀼𒀸
iminₓ	7(DIŠ)~a	𒑂
imi₂	|GA₂×AN|	𒂼
imma	|KA×UD|	𒆉
immal₂	|NUN.LAGAR×SAL|	𒉦
immal₃	|GAR.ŠU.DUGUD|	𒃻𒋗𒂂
immalₓ	|NUN.LAGAR|	𒉣𒇬
imma₂	|KA×A|	𒅘
imma₃	IGI@g	𒅊
immaₓ	|IGI@g.IGI@g|	𒅊𒅊
immeli	|KA×A|	𒅘
immen	|KA×UD|	𒆉
immen₂	|KA×A|	𒅘
immin	|KA×UD|	𒆉
immindu	|LAGAB×IM|	𒇌
immindu₂	|LAGAB×GAR|	𒇅
imminte	|KA×(ME.TE)|	𒅷
immin₂	|KA×A|	𒅘
imŋaŋa	|ZIZ₂.A.AN|	𒍩𒀀𒀭
imŋaŋa₂	|ZIZ₂.AN.NA|	𒍩𒀭𒈾
imŋaŋa₃	|ZIZ₂.AN|	𒍩𒀭
imŋaŋaₓ	|AŠ₂.A|	𒀾𒀀
im₂	DU@s	𒁽
im₃	|NINDA₂×NE|	𒉘
im₅	DU@g	𒁼
im₆	DU	𒁺
imₓ	|IŠ.A.SUD|	𒅖𒀀𒋤
in	IN	𒅔
ina	AŠ	𒀸
inana	MUŠ₃	𒈹
inanna	MUŠ₃	𒈹
ina₂	IGI	𒅆
inbir	|LU₂@LU₂|	𒈓
inbir₂	LU₂	𒇽
inda	NINDA₂	𒉒
indadili	|NINDA₂×AŠ|	𒉔
indadilida	|NINDA₂×(AŠ.AŠ)|	𒉕
indagara	|NINDA₂×GUD|	𒉖
indagaraₓ	|NINDA₂×AŠ|	𒉔
indagra	|NINDA₂×GUD|	𒉖
inda₂	|LAGAB×A.TAR|	𒆹𒋻
inda₃	GAR	𒃻
inda₄	|LAGAB×GAR|	𒇅
inda₅	|LAGAB×IM|	𒇌
ingar	|E₂.SIG₄|	𒂍𒋞
ini	IN	𒅔
inim	KA	𒅗
inini	MUŠ₃	𒈹
ini₂	IGI	𒅆
ini₄	|IGI.MIN|	𒅆𒈫
inna	DARA₄	𒁱
innana	MUŠ₃	𒈹
innin	MUŠ₃	𒈹
inta₃	GAR	𒃻
inu₂	IGI	𒅆
inšušinak	|MUŠ₃.EREN|	𒈹𒂞
inšušinaₓ	EREN	𒂞
in₄	EN	𒂗
in₅	|SAL.TUG₂|	𒎏
in₆	AŠ	𒀸
ip	IB	𒅁
ipig	SIG	𒋝
ip₂	TUM	𒌈
iq	IG	𒅅
ir	IR	𒅕
ira₂	|A.IGI|	𒀀𒅆
irbura	TAK₄	𒋺
irburaₓ	|NUN%NUN|	𒉫
irda	ARAD	𒀴
ire₁₄	IR	𒅕
irgi	|GIR₃.ZA@t|	𒄊𒍞
irhan	MUŠ	𒈲
irhandiₓ	|KA×(GIŠ%GIŠ)|	𒅪
irhanₓ	|MUŠ.DIN.ŠE.NUN&NUN.BALAG|	𒈲𒁷𒌁𒁆
iri	URU	𒌷
irib	AŠGAB	𒀿
iribura	|NUN%NUN|	𒉫
irib₂	|LAGAB×LUL|	𒇗
irigal	|AB×GAL|	𒀍
irigal₂	AB@g	𒀕
irigal₃	AB	𒀊
irimma	|URU×GAR|	𒌿
irina	|MUŠ%MUŠ.A.NA|	𒈸𒀀𒈾
irina₃	LU₂@s	𒈕
irišeb	|URU×HA|	𒍁
iri₁₁	AB@g	𒀕
iri₁₂	AB	𒀊
iri₁₄	IR	𒅕
iri₈	IDIM	𒅂
irkab	|GAR.IB|	𒃻𒅁
irra	GIR₃	𒄊
irsaŋ	KASKAL	𒆜
irtu	GABA	𒃮
ir₁₀	DU	𒁺
ir₁₁	|ARAD×KUR|	𒀵
ir₁₃	|LU₂×EŠ₂@t|	𒈁
ir₁₇	DUN₃@g@g	𒂇
ir₂	|A.IGI|	𒀀𒅆
ir₃	ARAD	𒀴
ir₄	URU	𒌷
ir₅	|HI×AŠ₂|	𒄯
ir₆	|A×IGI|	𒀅
ir₇	KASKAL	𒆜
ir₉	GIR₃	𒄊
irₓ	GIR₂	𒄈
is	GIŠ	𒄑
isi	IŠ	𒅖
isib	ME	𒈨
isima	|PAP.IGI@g|	𒉽𒅊
isimu	|PAP.IGI@g|	𒉽𒅊
isimud	|PAP.IGI@g|	𒉽𒅊
isimud₄	|PAP.IGI@g.NUN.ME|	𒉽𒅊𒉣𒈨
isimudₓ	|EN.PAP.IGI@g.NUN.ME.EZEN×KASKAL|	𒂗𒉽𒅊𒉣𒈨𒂬
isimu₂	GUL	𒄢
isimu₃	|U.AD|	𒌋𒀜
isimu₄	|PAP.IGI@g.NUN.ME|	𒉽𒅊𒉣𒈨
isim₂	GUL	𒄢
isim₃	|U.AD|	𒌋𒀜
isin	|PA.ŠE|	𒉺𒊺
isina	|PA.ŠE|	𒉺𒊺
isin₂	IN	𒅔
isinₓ	|ŠE.IGI.TUR|	𒊺𒅆𒌉
isiš	IŠ	𒅖
isiš₂	|A.IGI|	𒀀𒅆
isiš₃	|A×IGI|	𒀅
isi₂	GUL	𒄢
isi₃	|U.AD|	𒌋𒀜
iski	E₂	𒂍
iskim	|IGI.DUB|	𒅆𒁾
isla	|ŠA₃×A|	𒊯
isli	|ŠA₃×A|	𒊯
isubuₓ	|A.LAGAB×HAL.PAP.NA₂|	𒀀𒇉𒉽𒈿
isurugalₓ	|A.LAGAB×HAL.UD.NUN.KI|	𒀀𒇉𒌓𒉣𒆠
isurungal	|UD.NUN|	𒌓𒉣
is₂	IŠ	𒅖
is₃	AB	𒀊
is₅	|U.U.U|	𒌍
isₓ	|LAM×KUR|	𒇵
it	A₂	𒀉
ita₄	|AN.A.LAGAB×HAL|	𒀭𒀀𒇉
ita₅	|A.LAGAB×HAL|	𒀀𒇉
itaₓ	|UD.AN.ŠEŠ.KI|	𒌓𒀭𒋀𒆠
iti	|UD×(U.U.U)|	𒌗
itid	|UD×(U.U.U)|	𒌗
itid₂	|UD@s×BAD|	𒌛
itim	|GA₂×MI|	𒃟
itima	|GA₂×MI|	𒃟
itima₂	|UD×MI|	𒌖
itimaₓ	|E₂.MI|	𒂍𒈪
itinₓ	DIN	𒁷
iti₂	|UD@s×BAD|	𒌛
iti₃	|KASKAL.UD@s|	𒆜𒌚
iti₄	|AN.A.LAGAB×HAL|	𒀭𒀀𒇉
iti₅	|A.LAGAB×HAL|	𒀀𒇉
iti₆	|UD.AN.ŠEŠ.KI|	𒌓𒀭𒋀𒆠
iti₇	|UD×(U.U.U).AN.ŠEŠ.KI|	𒌗𒀭𒋀𒆠
itiₓ	|UD.ŠEŠ.KI|	𒌓𒋀𒆠
itu	|UD×(U.U.U)|	𒌗
itud	|UD×(U.U.U)|	𒌗
itud₂	|UD@s×BAD|	𒌛
itudₓ	|UD.AN.ŠEŠ.KI|	𒌓𒀭𒋀𒆠
itu₂	|UD@s×BAD|	𒌛
itu₄	|AN.A.LAGAB×HAL|	𒀭𒀀𒇉
itu₅	|A.LAGAB×HAL|	𒀀𒇉
it₂	|A.LAGAB×HAL|	𒀀𒇉
it₄	|UD.AN.ŠEŠ.KI|	𒌓𒀭𒋀𒆠
iu	|I.A|	𒅀
iu₂	PI	𒉿
iw	PI	𒉿
iya	|A.A|	𒀀𒀀
iyi	|A.A|	𒀀𒀀
iyu	|A.A|	𒀀𒀀
iyya	|A.A|	𒀀𒀀
iyyi	|A.A|	𒀀𒀀
iyyu	|A.A|	𒀀𒀀
iz	GIŠ	𒄑
izen	EZEN	𒂡
izi	NE	𒉈
izid	EŠ₂	𒂠
izim	EZEN	𒂡
izin	EZEN	𒂡
izi₂	|KI.NE|	𒆠𒉈
izkim	|IGI.DUB|	𒅆𒁾
izu	NE	𒉈
izun	EZEN	𒂡
iz₂	IŠ	𒅖
iz₃	AB	𒀊
iŋ₃	|NINDA₂×NE|	𒉘
iš	IŠ	𒅖
išdayaₓ	|URU×IGI|	𒍂
išdumₓ	DU@g	𒁼
išgurₓ	IM	𒅎
išhara	|GA₂×GAR|	𒃌
išhara₂	|ŠA₃.LAGAB|	𒊮𒆸
išhara₃	|LAGAB.LAGAB|	𒆸𒆸
išhara₄	|GA₂×PA|	𒃢
išhuru	|GA₂×GAR|	𒃌
išhurum₃	GAN₂	𒃷
išhurum₅	|GA₂×(IŠ.HU.AŠ)|	𒃗
išhuru₂	|URU×IGI|	𒍂
išhuru₃	GAN₂	𒃷
išhuru₄	|GA₂×PA|	𒃢
išhuru₅	|GA₂×(IŠ.HU.AŠ)|	𒃗
išhur₄	|GA₂×PA|	𒃢
iši	IŠ	𒅖
išib	ME	𒈨
išin	|PA.ŠE|	𒉺𒊺
iši₂	|ŠU₂.3×AN|	𒋙𒀯
iškila	|ŠA₃×A|	𒊯
iškilaₓ	ŠA₃	𒊮
iškili	|ŠA₃×A|	𒊯
iškur	IM	𒅎
išla	|ŠA₃×A|	𒊯
išli	|ŠA₃×A|	𒊯
ištar	MUŠ₃	𒈹
ištaran	|KA.DI|	𒅗𒁲
ištaranₓ	|DI.TAR|	𒁲𒋻
išuruengal	|A.LAGAB×HAL.UD.NUN.KI|	𒀀𒇉𒌓𒉣𒆠
iššebu	|DIŠ.DIŠ.DIŠ.U.U|	𒁹𒁹𒁹𒎙
iššebuₓ	|DIŠ.DIŠ.DIŠ.U.U.U|	𒁹𒁹𒁹𒌍
iš₁₀	UŠ	𒍑
iš₁₁	|LAM×KUR|	𒇵
iš₂	KASKAL	𒆜
iš₃	|U.U.U|	𒌍
iš₄	DIŠ	𒁹
iš₅	KA	𒅗
iš₆	GIŠ	𒄑
iš₇	AB	𒀊
iš₈	AŠ@t	𒀹
iš₉	EŠ₂	𒂠
iʾ	ALEPH	𒀪
iʾ₂	|HI×NUN|	𒄴
iṣ	GIŠ	𒄑
iṣ₂	IŠ	𒅖
iṣ₃	AB	𒀊
iṭ	A₂	𒀉
i₁₀	|UD.DU|	𒌓𒁺
i₁₁	HI	𒄭
i₁₄	MU	𒈬
i₁₅	E	𒂊
i₁₆	PI	𒉿
i₂	5(DIŠ)	𒐊
i₃	NI	𒉌
i₄	|NI.UD|	𒎎
i₅	KA	𒅗
i₆	TUG₂	𒌆
i₇	|A.LAGAB×HAL|	𒀀𒇉
i₈	|LAGAB×HAL|	𒇉
i₉	|ŠITA.GIŠ.TUG₂|	𒋖𒄑𒌆
iₓ	|A.LAGAB×A|	𒀀𒆹
ka	KA	𒅗
kab	KAB	𒆏
kabar	|PA.DAG.KISIM₅×KAK|	𒉺𒁣
kabar₂	|DAG.KISIM₅×KAK|	𒁣
kabarₓ	|PA.DAG.KISIM₅×GA|	𒉺𒁛
kabta	TA@g	𒋯
kab₂	|KA×A|	𒅘
kabₓ	|KA×IM|	𒅮
kad	GAD	𒃰
kadra	|GAR.ŠA₃.A|	𒃻𒊮𒀀
kadra₂	|GAR.ŠA₃|	𒃻𒊮
kadra₃	|GAR.ŠA₃×A|	𒃻𒊯
kadraₓ	|ŠA₃.A|	𒊮𒀀
kadri	|GAR.ŠA₃.A|	𒃻𒊮𒀀
kadri₃	|GAR.ŠA₃×A|	𒃻𒊯
kadru	|GAR.ŠA₃.A|	𒃻𒊮𒀀
kadru₃	|GAR.ŠA₃×A|	𒃻𒊯
kad₂	KAD₂	𒆐
kad₃	KAD₃	𒆑
kad₄	KAD₄	𒆒
kad₅	KAD₅	𒆓
kad₆	ZIB	𒍦
kad₈	|(AŠ&AŠ&AŠ)%(AŠ&AŠ&AŠ)|	𒀽
kagar	IG	𒅅
kageškaraₓ	|GIŠ.KA.KAD₃|	𒄑𒅗𒆑
kag₂	KA	𒅗
kak	KAK	𒆕
kakkala	KU₇	𒆯
kakkuda	KU₇	𒆯
kakkul	|U.DIM×ŠE|	𒌋𒁵
kakkula	KU₇	𒆯
kakkul₂	|DIM×ŠE|	𒁵
kakkul₃	|U.DIM|	𒌋𒁴
kakkusₓ	KU	𒆪
kakkuša	KU₇	𒆯
kakra	IM	𒅎
kakru	IM	𒅎
kaku	DU@s	𒁽
kak₂	KA	𒅗
kal	KAL	𒆗
kala	KAL	𒆗
kalabₓ	UR	𒌨
kalag	KAL	𒆗
kalaga	KAL	𒆗
kalam	KALAM	𒌧
kalama	KALAM	𒌧
kalam₂	|HI×ŠE|	𒄵
kalamₓ	KALAM@g	𒌦
kala₁₀	|LAGAB×DAR|	𒇂
kala₂	|SAL.LA|	𒊩𒆷
kala₃	|LAGAB×U|	𒇥
kala₄	|LAGAB×AL|	𒆽
kala₅	|LAGAB×KI|	𒇏
kalaₓ	GAN₂	𒃷
kalbuₓ	|KI.LAM|	𒆠𒇴
kalga	KAL	𒆗
kal₂	GAL	𒃲
kal₃	KAK	𒆕
kal₄	SAL	𒊩
kam	|HI×BAD|	𒄰
kama	|HI×BAD|	𒄰
kamad₂	|LUGAL.GAN|	𒈗𒃶
kamaru	|4×LU₂|	𒈔
kamaš	DU@s	𒁽
kama₅	|LU₂×HI×BAD|	𒈃
kamaₓ	|LU₂.HI×BAD|	𒇽𒄰
kamuš	GUD	𒄞
kam~v	KAM₂	𒆚
kam₂	KAM₂	𒆚
kam₃	KAD₄	𒆒
kam₄	KAM₄	𒆛
kamₓ	GAN	𒃶
kan	GAN	𒃶
kana	GAN	𒃶
kanam	KALAM	𒌧
kanaŋ	KALAM	𒌧
kana₂	GAN₂	𒃷
kana₃	|SAG×MI|	𒊝
kana₆	|KA×GAN₂@t|	𒅤
kana₇	GIŠ@t	𒄕
kanaₓ	|KA×IM|	𒅮
kankal	|KI.KAL|	𒆠𒆗
kankalₓ	|KI.UD|	𒆠𒌓
kankan	KA₂	𒆍
kan₂	GAN₂	𒃷
kan₃	|SAG×MI|	𒊝
kan₄	KA₂	𒆍
kan₆	|KA×GAN₂@t|	𒅤
kap	KAB	𒆏
kapa	KAB	𒆏
kapar	|PA.DAG.KISIM₅×KAK|	𒉺𒁣
kaptu	DUGUD	𒂂
kap₀	KAP₀	𒍯
kap₃	GABA	𒃮
kaq	KAK	𒆕
kar	|TE.A|	𒋼𒀀
kara	|TE.A|	𒋼𒀀
karadin	|(ŠE.NUN&NUN)&(ŠE.NUN&NUN).GAD&GAD.GAR&GAR|	𒌄
karadin₁₀	|U&U.PA&PA.GAR&GAR|	𒌎
karadin₂	|ŠE&ŠE.GAD&GAD.GAR&GAR|	𒊼
karadin₃	|ŠE&ŠE.TAB&TAB.GAR&GAR|	𒊽
karadin₄	|(ŠE.NUN&NUN)&(ŠE.NUN&NUN).LAGAB.LAGAB|	𒌃𒆸𒆸
karadin₅	|LAGAB.LAGAB|	𒆸𒆸
karadin₆	|(ŠE.NUN&NUN)&(ŠE.NUN&NUN)|	𒌃
karadin₇	|ŠE&ŠE.PA&PA.GAR&GAR|	𒔲XX
karadin₈	|ŠE&ŠE.GAR&GAR|	𒔲X
karadin₉	|U&U.SUR&SUR|	𒌏
karam	|GA₂×UD|	𒃫
karaš	|KI.KAL×BAD|	𒆠𒆘
karaš₂	|KI.KAL|	𒆠𒆗
karašₓ	|KI.KAL.BAD.IDIM|	𒆠𒆗𒁁𒅂
kara₂	GAN₂@t	𒃸
kara₄	KAD₄	𒆒
kara₆	GUR₇	𒄦
karaₓ	EŠ₂@t	󰁤
karkar	IM	𒅎
karkara	IM	𒅎
karkidₓ	|SAL.UŠ|	𒊩𒍑
kar₂	GAN₂@t	𒃸
kar₃	GAR₃	𒃼
kar₄	HA@g	𒄫
kar₅	GAR	𒃻
karₓ	EŠ₂	𒂠
kas	KASKAL	𒆜
kasa	KASKAL	𒆜
kaskal	KASKAL	𒆜
kas₂	BI	𒁉
kas₃	|GUM×ŠE|	𒄤
kas₄	DU@s	𒁽
kas₅	DU@g	𒁼
kas₆	GUM	𒄣
kas₇	ŠID	𒋃
kat	GAD	𒃰
kata₃	KAD₃	𒆑
kat₂	KAD₂	𒆐
kat₃	KAD₃	𒆑
kat₄	KAD₄	𒆒
kat₅	KAD₅	𒆓
kat₇	ŠU	𒋗
kaxₓ	|GA₂×AN.X|	𒂼X
kaz	|GUM×ŠE|	𒄤
kazab	U₂	𒌑
kazabu	U₂	𒌑
kazabur	U₂	𒌑
kazaza	|HI×AŠ|	𒄮
kazba	|GUM×ŠE|	𒄤
kazbi	U₂	𒌑
kazbu	U₂	𒌑
kaz₀	KASKAL	𒆜
kaz₈	|HI×AŠ|	𒄮
kaz₉	|UD.HI×AŠ₂|	𒌓𒄯
kaŋeškaraₓ	|GIŠ.KA.KAD₃|	𒄑𒅗𒆑
kaš	BI	𒁉
kaš-bir₈	|BI.A.SUD|	𒁉𒀀𒋤
kašbir	|BI.A.SUD|	𒁉𒀀𒋤
kašbirₓ	|A.SUD|	𒀀𒋤
kaššeba	LUGAL	𒈗
kaššeba₂	ALAN	𒀩
kaššeba₃	|GUD&GUD.LUGAL|	𒄡
kaššebi	LUGAL	𒈗
kaššebi₂	ALAN	𒀩
kaššebi₃	|GUD&GUD.LUGAL|	𒄡
kaš₂	KASKAL	𒆜
kaš₃	|UŠ×A|	𒍒
kaš₄	DU@s	𒁽
kaš₅	DU	𒁺
kaš₆	|GUM×ŠE|	𒄤
kaṣ	KASKAL	𒆜
kaṣ₂	BI	𒁉
kaṣ₃	|GUM×ŠE|	𒄤
ka₁₀	|LUL.A|	𒈜𒀀
ka₁₁	|TE.A|	𒋼𒀀
ka₁₃	|HI×BAD|	𒄰
ka₁₄	ZU	𒍪
ka₁₅	KAK	𒆕
ka₂	KA₂	𒆍
ka₃	GA	𒂵
ka₄	SILA₃	𒋡
ka₅	LUL	𒈜
ka₆	PEŠ₂	𒉾
ka₇	DU@s	𒁽
ka₈	BI	𒁉
ka₉	ŠID	𒋃
kaₓ	|KA×SAR|	𒅿
ke	KI	𒆠
kel	LAGAB	𒆸
kele	LAGAB	𒆸
kel₃	|LAGAB.LAGAB|	𒆸𒆸
kem	DIM₂	𒁶
ken	KIN	𒆥
kenke	|KIN.KIN|	𒆥𒆥
ken₂	|HI×AŠ₂|	𒄯
ker	HA@g	𒄫
ket	KID	𒆤
keš	KIŠ	𒆧
kešda	KEŠ₂	𒆟
keše	KIŠ	𒆧
kešebₓ	DUB	𒁾
keše₂	KEŠ₂	𒆟
keše₄	SAG@n	𒊔
keši₁₈	|UD.KUŠU₂|	𒌔
keši₂	KEŠ₂	𒆟
keši₃	|ŠU₂.AN.HI×GAD|	𒋙𒀭𒄲
keš₁₈	|UD.KUŠU₂|	𒌔
keš₂	KEŠ₂	𒆟
keš₃	|ŠU₂.AN.HI×GAD|	𒋙𒀭𒄲
keš₄	SAG@n	𒊔
keš₇	|DAG.KISIM₅×GI|	𒁝
keš₈	|DAG.KISIM₅×GIR₂|	𒁞
keš₉	|DAG.KISIM₅×(U₂.GIR₂)|	𒁬
kešₓ	U₂	𒌑
ke₂	GI	𒄀
ke₃	AK	𒀝
ke₄	KID	𒆤
ke₅	DIM₂	𒁶
ki	KI	𒆠
kib	|GIŠ%GIŠ|	𒄒
kibini	|KI.BI.NI|	𒆠𒁉𒉌
kibir₂	|ŠU₂.AŠ₂|	𒋙𒀾
kibir₃	|ŠU₂.AN|	𒋙𒀭
kibirₓ	|GIŠ.PAP.PAP|	𒄑𒉽𒉽
kibsur	|GAR.LAGAB|	𒃻𒆸
kibšur	|GAR.LAGAB|	𒃻𒆸
kib₃	GIG	𒍼
kid	KID	𒆤
kide	|BU&BU.KALAM@g|	𒁏
kid₁₀	BU	𒁍
kid₂	TAK₄	𒋺
kid₃	AK	𒀝
kid₄	ŠID	𒋃
kid₅	KAD₄	𒆒
kid₆	KAD₅	𒆓
kid₇	|IM×TAK₄|	𒅏
kid₈	|SAL.TAK₄|	𒊩𒋺
kid₉	GAD	𒃰
kidₓ	LAK492	𒓼
kig₂	KIN	𒆥
kik	GIG	𒍼
kikken	|HI×AŠ₂|	𒄯
kikken₂	|HI×AŠ₂.HI×AŠ₂|	𒄯𒄯
kikkin	|HI×AŠ₂|	𒄯
kikkin₂	|HI×AŠ₂.HI×AŠ₂|	𒄯𒄯
kikla	|KI.KAL|	𒆠𒆗
kil	LAGAB	𒆸
kilahha	|KI.UD.A|	𒆠𒌓𒀀
kilaₓ	|LAGAB.LAGAB|	𒆸𒆸
kili	LAGAB	𒆸
kilib	LAGAB	𒆸
kilibu	U₂	𒌑
kilib₃	|LAGAB.LAGAB|	𒆸𒆸
kilim	PEŠ₂	𒉾
kilim₂	|GI%GI|	𒄃
kilin	PEŠ₂	𒉾
kili₃	|LAGAB.LAGAB|	𒆸𒆸
kiluₓ	|LAGAB.LAGAB|	𒆸𒆸
kil₂	|GI%GI|	𒄃
kil₃	|LAGAB.LAGAB|	𒆸𒆸
kil₄	|GAD.TAK₄|	𒃰𒋺
kilₓ	|GI₄&GI₄|	𒄅
kim	DIM₂	𒁶
kimin	|KI.MIN|	𒆠𒈫
kim₂	KAD₄	𒆒
kim₃	BU	𒁍
kim₄	DU@s	𒁽
kim₅	DU@g	𒁼
kim₆	DU	𒁺
kimₓ	KAD₅	𒆓
kin	KIN	𒆥
kinbur	|LAGAB×(A.LAL)|	𒆼
kinda	|GAD&GAD.GAR&GAR|	𒃱
kindagal	|GAL.GAD&GAD.GAR&GAR|	𒃳
kindagal₂	|GAL.URI|	𒃲𒌵
kindaŋal	|GAL.GAD&GAD.GAR&GAR|	𒃳
kinda₂	URI	𒌵
kinga	KIN	𒆥
kingal	|GAL.URU×BAR|	𒃲𒌺
kingusila	KINGUSILI	𒑜
kingusila₂	5(U)	𒐐
kingusili	KINGUSILI	𒑜
kingusili₂	5(U)	𒐐
kinkin	|HI×AŠ₂|	𒄯
kinkin₂	|HI×AŠ₂.HI×AŠ₂|	𒄯𒄯
kin₂	|HI×AŠ₂|	𒄯
kin₃	KUR	𒆳
kin₄	|LAGAB.LAGAB|	𒆸𒆸
kin₅	|URU×BAR|	𒌺
kin₇	DU	𒁺
kin₈	DIM₂	𒁶
kinₓ	|HI×NUN|	𒄴
kip	|GIŠ%GIŠ|	𒄒
kir	HA@g	𒄫
kiraš	|ARAD×KUR|	𒀵
kiraši	|ZIZ₂.A.AN|	𒍩𒀀𒀭
kirašiₓ	|ZIZ₂.AN|	𒍩𒀭
kirban	ŠID	𒋃
kirbanu	|ŠID×A|	𒋄
kiri	HA@g	𒄫
kirid	KEŠ₂	𒆟
kirim	|DAG.KISIM₅×GIR₂|	𒁞
kiris	KEŠ₂	𒆟
kirit	KEŠ₂	𒆟
kiri₂	GAN₂@t	𒃸
kiri₃	KA	𒅗
kiri₄	|ŠA₃×A|	𒊯
kiri₅	GIR₃	𒄊
kiri₆	SAR	𒊬
kiri₇	KEŠ₂	𒆟
kiri₈	ŠID	𒋃
kiri₉	|AB₂×ŠA₃|	𒀚
kiriₓ	EŠ₂@t	󰁤
kirruₓ	|U.EN×GAN₂@t|	𒌋𒂙
kir₁₀	GIR₃	𒄊
kir₁₁	|SAL.GA₂×PA|	𒊩𒃢
kir₁₂	|U.EN×GAN₂@t|	𒌋𒂙
kir₁₃	|U.AD|	𒌋𒀜
kir₁₄	|KA×KAK|	𒅯
kir₁₇	|NIM×GAN₂@t|	𒉐
kir₂	|AB₂×ŠA₃|	𒀚
kir₃	LAGAB	𒆸
kir₄	KA	𒅗
kir₅	IDIM	𒅂
kir₆	|AB₂×GAN₂@t|	𒀘
kir₇	|NIM×(GAR.GAN₂@t)|	𒉑
kir₈	|TE.A|	𒋼𒀀
kir₉	HA	𒄩
kirₓ	|AB₂.ŠA₃|	𒀖𒊮
kis	KIŠ	𒆧
kisal	KISAL	𒆦
kisi	|UŠ×A|	𒍒
kisig	|EZEN×KU₃|	𒂮
kisiga	|EZEN×KU₃|	𒂮
kisig₂	|EZEN×IGI@g|	𒂫
kisim	|DAG.KISIM₅×(U₂.GIR₂)|	𒁬
kisim₂	|DAG.KISIM₅×SI|	𒁪
kisim₃	|DAG.KISIM₅×(LU.MAŠ₂)|	𒁦
kisim₄	|DAG.KISIM₅×GIR₂|	𒁞
kisim₅	KISIM₅	𒆨
kisim₆	|GA.LAGAB|	𒂵𒆸
kisim₇	|DAG.KISIM₅×GA|	𒁛
kisimₓ	|DAG.KISIM₅×LU|	𒁥
kisiₓ	|DAG.KISIM₅×GIR₂|	𒁞
kislah	|KI.UD|	𒆠𒌓
kislah₂	|KI×UD|	𒆣
kislah₃	|KI.KAL|	𒆠𒆗
kissa	|KI.ŠEŠ.KAK|	𒆠𒋀𒆕
kis₂	GIŠ	𒄑
kit	KID	𒆤
kiteₓ	GIDIM	𒄇
kitim	GIDIM	𒄇
kitiₓ	|BU.BU@90.KALAM@g|	𒁍X𒌦
kit₁₀	BU	𒁍
kit₂	TAK₄	𒋺
kit₉	GAD	𒃰
kitₓ	KAK	𒆕
kizlah	|KI.UD|	𒆠𒌓
kiŋ	GIG	𒍼
kiŋalₓ	|KI.KAL|	𒆠𒆗
kiŋgal	|GAL.URU×BAR|	𒃲𒌺
kiŋ₂	KIN	𒆥
kiŋₓ	|URU×BAR|	𒌺
kiš	KIŠ	𒆧
kiša	|U₂.GIR₂@g|	𒌑𒄉
kišag	|EZEN×KU₃|	𒂮
kiša₂	GIR₂@g	𒄉
kiše	KIŠ	𒆧
kišeb	DUB	𒁾
kišeg	|U₂.GIR₂@g|	𒌑𒄉
kišeg₂	GIR₂@g	𒄉
kišek	|U₂.GIR₂@g|	𒌑𒄉
kišer	|GIR₃.BAR|	𒄊𒁇
kiše₄	SAG@n	𒊔
kiši	KIŠ	𒆧
kišib	MES	𒈩
kišib₂	PEŠ₂	𒉾
kišib₃	DUB	𒁾
kišig	|U₂.GIR₂@g|	𒌑𒄉
kišig₂	GIR₂@g	𒄉
kišik	|U₂.GIR₂@g|	𒌑𒄉
kišik₂	GIR₂@g	𒄉
kišim₅	KISIM₅	𒆨
kiši₁₀	|U.PIRIG|	𒌋𒊊
kiši₁₁	|IDIM&IDIM.BUR|	𒅃
kiši₁₂	|NUN.ŠE|	𒉣𒊺
kiši₁₃	|HI×NUN.KASKAL|	𒄴𒆜
kiši₁₄	|ŠU₂.NAGA|	𒋙𒉀
kiši₁₅	|KASKAL.HI×NUN|	𒆜𒄴
kiši₁₆	|U₂.GIR₂@g|	𒌑𒄉
kiši₁₇	GIR₂@g	𒄉
kiši₂	KEŠ₂	𒆟
kiši₃	|ŠU₂.AN.HI×GAD|	𒋙𒀭𒄲
kiši₄	SAG@n	𒊔
kiši₅	PEŠ₂	𒉾
kiši₆	ŠEG₉	𒊾
kiši₇	|DAG.KISIM₅×GI|	𒁝
kiši₈	|DAG.KISIM₅×GIR₂|	𒁞
kiši₉	|DAG.KISIM₅×(U₂.GIR₂)|	𒁬
kišiₓ	|DAG.KISIM₅|	𒁖𒆨
kišli	|ŠA₃×A|	𒊯
kiš₁₆	|U₂.GIR₂@g|	𒌑𒄉
kiš₂	KEŠ₂	𒆟
kiš₅	PEŠ₂	𒉾
kiṣ	KIŠ	𒆧
kiṭ	KID	𒆤
ki₂	GI	𒄀
ki₃	AK	𒀝
ki₄	KID	𒆤
ki₅	DIM₂	𒁶
ki₆	ZU	𒍪
ki₇	KAK	𒆕
ki₈	GI₄	𒄄
ki₉	KIN	𒆥
ku	KU	𒆪
kua	HA	𒄩
kuar	|HA.A|	𒄩𒀀
kuara	|HA.A|	𒄩𒀀
kuara₂	|A.HA|	𒀀𒄩
kuaraₓ	|HA.A.UR₂|	𒄩𒀀𒌫
kuar₂	|A.HA|	𒀀𒄩
kua₂	|UD.KUŠU₂|	𒌔
kub	DU	𒁺
kub₄	KID	𒆤
kud	TAR	𒋻
kudma	TAR	𒋻
kud₃	KU	𒆪
kud₅	KU₇	𒆯
kud₆	KAD₃	𒆑
kug	KU₃	𒆬
kugereₓ	|KA×GUR₇|	𒅬
kugre	|KA×GUR₇|	𒅬
kugu	HI	𒄭
kugur	|KA×GUR₇|	𒅬
kuia	|UD.KUŠU₂|	𒌔
kuia₃	KUŠU₂	𒆵
kuk	KU₃	𒆬
kukku	|KU₇.KU₇|	𒆯𒆯
kukkuda	KU₇	𒆯
kukkuda₂	IŠ	𒅖
kukkug₂	|MI.MI|	𒈪𒈪
kukkuš	IŠ	𒅖
kukkuša	KU₇	𒆯
kukkušda	IŠ	𒅖
kukku₂	|MI.MI|	𒈪𒈪
kukku₃	|KI.KI|	𒆠𒆠
kukku₄	|KI.MUŠ₃@g|	𒆠𒈽
kukku₅	MI	𒈪
kuksu	TAR	𒋻
kuksu₂	|KAK.TAR|	𒆕𒋻
kukuda₂	IŠ	𒅖
kukula	KU₇	𒆯
kuku₅	MI	𒈪
kukuₓ	|LUGAL&LUGAL|	𒈘
kuk₂	LU₃	𒈖
kul	KUL	𒆰
kula	KUL	𒆰
kulkul	|KA×GA.SAG|	𒅢𒊕
kulla	SIG₄	𒋞
kulluₓ	SIG₄	𒋞
kulu	KUL	𒆰
kul₂	GUL	𒄢
kulₓ	BAL	𒁄
kum	GUM	𒄣
kum₂	NE	𒉈
kum₃	|EZEN×KASKAL|	𒂬
kum₄	UD	𒌓
kumₓ	|GUM×ŠE|	𒄤
kun	KUN	𒆲
kunga	|ŠU₂.3×AN|	𒋙𒀯
kungal	|LU.HUL₂|	𒇻𒄾
kungalaₓ	|LU.HUL₂|	𒇻𒄾
kunga₂	|BAR.AN|	𒁇𒀭
kunga₃	|3×AN|	𒀯
kungaₓ	KI	𒆠
kungi	|ŠU₂.3×AN|	𒋙𒀯
kungi₂	|BAR.AN|	𒁇𒀭
kungi₃	|3×AN|	𒀯
kunigara	|AN.BARA₂|	𒀭𒁈
kunigara₂	|AN.MUŠ|	𒀭𒈲
kunigara₃	|AN.TU|	𒀭𒌅
kunigara₄	|MUŠ%MUŠ|	𒈸
kunigara₅	|A.LU₃|	𒀀𒈖
kunin	|LAGAB×KUL|	𒇒
kunin₂	|LAGAB×A|	𒆹
kunin₃	|LAGAB×BI|	𒇁
kuninₓ	|A.LAGAB×KUL|	𒀀𒇒
kunu	KUN	𒆲
kunuₓ	|HI×AŠ₂|	𒄯
kun₁₀	KIN	𒆥
kun₂	PA	𒉺
kun₃	GUM	𒄣
kun₄	|I.LU|	𒄿𒇻
kun₅	|TUR.EŠ₂|	𒌉𒂠
kun₈	MAŠ₂	𒈧
kun₉	NE	𒉈
kunₓ	LUM	𒈝
kup	DU	𒁺
kup₃	HUB₂	𒄸
kup₄	KID	𒆤
kur	KUR	𒆳
kurin	DUG	𒂁
kurku	|ME.AN.ŠE.NAGA|	𒈨𒀭𒊺𒉀
kurku₂	|KA.AN.NI.SI|	𒅗𒀭𒉌𒋛
kurkuₓ	|AN.ME.NAGA|	𒀭𒈨𒉀
kurnun	LAL₂	𒇳
kurrunₓ	GURUN	𒄧
kuru	|E.SUD.HUB₂×UD|	𒂊𒋤𒄽
kurud	|NUN@t.KI|	𒉩𒆠
kuruda	|NUN@t.KI|	𒉩𒆠
kurul₁₄	|E.TUM|	𒂊𒌈
kurulₓ	|E.TUM.GA₂×(NUN&NUN)|	𒂊𒌈𒃡
kurummaₓ	PAD	𒉻
kurum₁₀	DUG	𒂁
kurum₅	TAR	𒋻
kurum₆	PAD	𒉻
kurum₇	|IGI.ERIN₂|	𒅆𒂟
kurun	|BI.DIN|	𒁉𒁷
kurun₂	DIN	𒁷
kurun₃	DUG	𒂁
kurun₅	|BI.MI|	𒁉𒈪
kurun₆	GURUN	𒄧
kurunₓ	|BAD.IGI.BAD|	𒁁𒅆𒁁
kuruš	KU₇	𒆯
kurušda	KU₇	𒆯
kuruštumₓ	KU₇	𒆯
kuru₁₁	|NUN@t.KI|	𒉩𒆠
kuru₁₃	GUR₇	𒄦
kuru₁₄	|E.TUM|	𒂊𒌈
kuru₂	PAP	𒉽
kuru₄	LAGAB	𒆸
kuru₅	TAR	𒋻
kuru₇	|IGI.ERIN₂|	𒅆𒂟
kuruₓ	KUR	𒆳
kur₁₁	|NUN@t.KI|	𒉩𒆠
kur₁₂	|URU×GU|	𒍀
kur₁₄	|E.TUM|	𒂊𒌈
kur₁₅	GA	𒂵
kur₂	PAP	𒉽
kur₃	GUR	𒄥
kur₄	LAGAB	𒆸
kur₅	TAR	𒋻
kur₆	PAD	𒉻
kur₇	|IGI.ERIN₂|	𒅆𒂟
kur₈	|KA×GAR|	𒅥
kur₉	KU₄	𒆭
kurₓ	DU	𒁺
kus	SU	𒋢
kusun	LUL	𒈜
kusuₓ	KUŠU₂	𒆵
kus₂	LUM	𒈝
kut	TAR	𒋻
kutra	|KI.AN.IM|	𒆠𒀭𒅎
kutraₓ	|AN.IM|	𒀭𒅎
kutu	TAR	𒋻
kutu₂	|RA.RA|	𒊏𒊏
kut₂	GAD	𒃰
kuwa₂	|UD.KUŠU₂|	𒌔
kuwaₓ	KUŠU₂	𒆵
kuya₂	|UD.KUŠU₂|	𒌔
kuyaₓ	|SAL.KUŠU₂|	𒊩𒆵
kuz	SU	𒋢
kuzbi	U₂	𒌑
kuzbu	U₂	𒌑
kuzunₓ	IŠ	𒅖
kuz₃	KU	𒆪
kuŋgala	|LU.HUL₂|	𒇻𒄾
kuŋ₂	KUN	𒆲
kuŋ₄	|I.LU|	𒄿𒇻
kuŋ₅	|TUR.EŠ₂|	𒌉𒂠
kuŋₓ	|I.DIB|	𒄿𒁳
kuš	SU	𒋢
kuša	KUŠU₂	𒆵
kušaₓ	|NAGAR.DIŠ|	𒉄𒁹
kušdim	GUD	𒄞
kušgim	GUD	𒄞
kušlug	|KI.NE|	𒆠𒉈
kušu	|U.PIRIG|	𒌋𒊊
kušum	|BI.LUL|	𒁉𒈜
kušum₂	LUL	𒈜
kušum₃	GUD	𒄞
kušum₄	|U.PIRIG|	𒌋𒊊
kušumₓ	U₂	𒌑
kušu₂	KUŠU₂	𒆵
kušu₃	|UD.KUŠU₂|	𒌔
kušu₄	SAG@g	𒊨
kušuₓ	|SAL.KUŠU₂|	𒊩𒆵
kuš₁₀	PEŠ₂	𒉾
kuš₂	SAG@g	𒊨
kuš₃	U₂	𒌑
kuš₄	|PA.AN|	𒉺𒀭
kuš₅	|U.PIRIG|	𒌋𒊊
kuš₆	KU₇	𒆯
kuš₇	IŠ	𒅖
kuš₈	HUL₂	𒄾
kuš₉	KUŠU₂	𒆵
kušₓ	|SAL.KUŠU₂|	𒊩𒆵
kuṣ₂	LUM	𒈝
ku₁₀	MI	𒈪
ku₁₀-ku₁₀	MI	𒈪
ku₁₁	KI	𒆠
ku₁₂	|DAG.KISIM₅×X|	𒁖X
ku₁₃	GUM	𒄣
ku₁₄	KUN	𒆲
ku₁₅	GUD	𒄞
ku₁₆	NE	𒉈
ku₂	|KA×GAR|	𒅥
ku₃	KU₃	𒆬
ku₃-babbar	|KU₃.UD|	𒆬𒌓
ku₃-sig₁₇	|KU₃.GI|	𒆬𒄀
ku₄	KU₄	𒆭
ku₅	TAR	𒋻
ku₆	HA	𒄩
ku₇	KU₇	𒆯
ku₇-ku₇	|KU₇.KU₇|	𒆯𒆯
ku₈	GU	𒄖
ku₉	KUL	𒆰
kuₓ	DU	𒁺
la	LA	𒆷
lab	KAL	𒆗
laban	|EZEN×LA|	𒂯
lab₂	LUL	𒈜
labₓ	LAGAR@g	𒇯
lad	KUR	𒆳
lag	ŠID	𒋃
lagab	LAGAB	𒆸
lagabₓ	GUD	𒄞
lagal	LAGAR	𒇬
lagar	LAGAR	𒇬
lagar₂	|SAL.ME|	𒊩𒈨
lagar₃	|SAL.HUB₂|	𒊩𒄸
lagarₓ	SAL	𒊩
lagas	|NU₁₁.BUR.LA|	𒉢𒁓𒆷
lagasa	|NU₁₁.BUR.LA|	𒉢𒁓𒆷
lagaš	|NU₁₁.BUR.LA|	𒉢𒁓𒆷
lagaša	|NU₁₁.BUR.LA|	𒉢𒁓𒆷
lagašₓ	|BUR.NU₁₁|	𒁓𒉢
lah	UD	𒌓
lahar	|LAGAB×(GUD&GUD)|	𒇇
lahar₂	DARA₄	𒁱
lahašₓ	LAHŠU	𒇱
laha₃	LUH	𒈛
laha₄	|DU&DU|	𒁻
laha₅	|DU.DU|	𒁺𒁺
lahhušu	|SIG₄&SIG₄.ŠU₂|	𒋟
lahhušuₓ	|SIG₄.SIG₄.ŠU₂|	𒋞𒋞𒋙
lahra	|ZIZ₂.A.AN|	𒍩𒀀𒀭
lahraₓ	|LAGAB×(GUD&GUD)|	𒇇
lahru	|LAGAB×(GUD&GUD)|	𒇇
lahrum	|LAGAB×(GUD&GUD)|	𒇇
lahrum₂	DARA₄	𒁱
lahrumₓ	SIK₂	𒋠
lahtan	|NUNUZ.AB₂×LA|	𒉴
lahtan₂	|NUNUZ.AB₂×SILA₃|	𒉶
lahtan₃	|NUNUZ.KISIM₅×BI.U|	𒉹
lahtan₄	|NUNUZ.AB₂×NE|	𒉵
lahtan₅	|NUNUZ.AB₂×DUG|	𒉰
lahtan₆	|DAG.KISIM₅×LA|	𒁤
lahtanₓ	|NUNUZ.AB₂×TAB|	𒉭X
lahta₆	|DAG.KISIM₅×LA|	𒁤
lahtaₓ	|NUNUZ.AB₂×LA|	𒉴
lahšu	LAHŠU	𒇱
lah₂	PIR₂	𒎕
lah₃	LUH	𒈛
lah₄	|DU&DU|	𒁻
lah₅	|DU.DU|	𒁺𒁺
lah₆	DU	𒁺
lah₇	DU@s	𒁽
lahₓ	|DU.DU.DU.DU|	𒁺𒁺𒁺𒁺
lak	ŠID	𒋃
laka	ŠID	𒋃
lal	LAL	𒇲
lal-lal	LAL₂	𒇳
lalah	|DU&DU|	𒁻
lalah₂	|DU.DU|	𒁺𒁺
lalahₓ	|DU.DU.DU.DU|	𒁺𒁺𒁺𒁺
lala₂	KAL	𒆗
lalla	LAL₂	𒇳
lallal	LAL₂	𒇳
lalla₂	|IGI.IGI|	𒅆𒅆
lalʾu	LAL₂	𒇳
lalʾu₂	|LAL₂.A|	𒇳𒀀
lalʾu₃	|LAL₂.NI|	𒇳𒉌
lalʾu₄	|LAL₂.KAK|	𒇳𒆕
lalʾu₅	|LAL.A|	𒇲𒀀
lalʾu₆	|LAL.NI|	𒇲𒉌
lalʾu₇	|LAL.KAK|	𒇲𒆕
lalʾu₈	|LAL₂.U|	𒇳𒌋
lal₂	LAL₂	𒇳
lal₃	|TA×HI|	𒋭
lal₅	|ŠU₂.U.U.U|	𒋙𒌍
lal₆	|ŠU₂.NE|	𒋙𒉈
lam	LAM	𒇴
lama	LAM	𒇴
lamahuš	|ZI&ZI.LAGAB|	𒍤𒆸
lamahušₓ	|A.ZI&ZI|	𒀀𒍤
lamar	KAL	𒆗
lamassu	KAL	𒆗
lama₂	NE	𒉈
lama₃	KAL	𒆗
lambi	|ŠA₃.SAR|	𒊮𒊬
lamga	NAGAR	𒉄
lamhu	|KUR@KUR|	𒆴
lamma	KAL	𒆗
lammar	KAL	𒆗
lammaₓ	LAM	𒇴
lammu	LIMMU	𒐼
lammu₂	4(AŠ)	𒐂
lammu₆	|LAGAB×HAL|	𒇉
lam₂	NE	𒉈
lam₃	DAM	𒁮
lam₄	4(AŠ)	𒐂
lam₅	IGI	𒅆
lam₇	|LAM×KUR|	𒇵
lamₓ	|HI×ŠE|	𒄵
lap	KAL	𒆗
laq	ŠID	𒋃
lar	PA	𒉺
larag	|UD.UD.AK|	𒌓𒌓𒀝
larag₂	|UD.UD|	𒌓𒌓
larsa	|UD.AB@g|	𒌓𒀕
larsam	|UD.AB@g|	𒌓𒀕
larsam₂	|UD.AB|	𒌓𒀊
larsa₂	|UD.AB|	𒌓𒀊
lasimₓ	|DU@s.KI|	𒁽𒆠
lat	KUR	𒆳
lata	KUR	𒆳
lazₓ	KIŠ	𒆧
laʾu	LAL₂	𒇳
laʾu₂	|LAL₂.A|	𒇳𒀀
laʾu₃	|LAL₂.NI|	𒇳𒉌
laʾu₄	|LAL₂.KAK|	𒇳𒆕
laʾu₅	|LAL.A|	𒇲𒀀
laʾu₆	|LAL.NI|	𒇲𒉌
laʾu₇	|LAL.KAK|	𒇲𒆕
laʾu₈	|LAL₂.U|	𒇳𒌋
laʾuₓ	|LAL₂.X|	𒇳X
laṭ	KUR	𒆳
la₁₀	ŠID	𒋃
la₁₂	LAM	𒇴
la₂	LAL	𒇲
la₃	NU	𒉡
la₄	|DU&DU|	𒁻
la₅	LAL₂	𒇳
la₆	KAL	𒆗
la₇	UD	𒌓
la₈	EDIN	𒂔
le	LI	𒇷
leb	LUL	𒈜
lelle	|IGI.IGI|	𒅆𒅆
lelli	|IGI.IGI|	𒅆𒅆
lel₂	KID	𒆤
lel₄	KISAL	𒆦
lem	IGI	𒅆
lem₄	NE	𒉈
lemₓ	LAM	𒇴
lep	LUL	𒈜
leq	UR	𒌨
let	AB₂	𒀖
le₁₀	DA	𒁕
le₂	NI	𒉌
le₃	IGI	𒅆
le₄	AN	𒀭
le₈	AB₂	𒀖
le₉	NE	𒉈
li	LI	𒇷
lib	LUL	𒈜
libi	LUL	𒈜
libin	|EZEN×LI|	𒂱
libir	|IGI.EŠ₂|	𒅆𒂠
libit	BA	𒁀
libiš	|AB₂×ŠA₃|	𒀚
libišₓ	|AB₂.ŠA₃|	𒀖𒊮
libiₓ	|NI.LU|	𒉌𒇻
lib₂	KAL	𒆗
lib₃	ŠA₃	𒊮
lib₄	IGI	𒅆
lib₅	|SAG×UM|	𒊤
libₓ	|LUL.A|	𒈜𒀀
lid	AB₂	𒀖
lidda	ŠITA	𒋖
lidda₂	|ŠA₃.DIŠ|	𒊮𒁹
liddaₓ	|ŠITA.GIŠ|	𒋖𒄑
lidim	|AL×DIM₂|	𒀢
lid₂	NI	𒉌
lidₓ	|ŠA₃.DIŠ|	𒊮𒁹
lig	UR	𒌨
ligidba	|ŠIM.AN.SAL.TUG₂.IB|	𒋆𒀭𒎏𒅁
ligidba₂	|ŠIM.AN.MAŠ|	𒋆𒀭𒈦
ligidbaₓ	|AN.SAL.TUG₂.IB|	𒀭𒎏𒅁
ligim	|IGI.TUR.TUR|	𒅆𒌉𒌉
ligima	|IGI.TUR.TUR|	𒅆𒌉𒌉
ligin	|IGI.TUR.TUR|	𒅆𒌉𒌉
ligiₓ	|NI.LU|	𒉌𒇻
lih	UD	𒌓
lih₂	PIR₂	𒎕
lih₃	LUH	𒈛
lih₄	LIŠ	𒇺
lik	UR	𒌨
liki	UR	𒌨
lik₂	ŠID	𒋃
likₓ	LUH	𒈛
lil	LIL	𒇸
lila₂	KID	𒆤
lilib	|IGI.IGI|	𒅆𒅆
liliru	|UR%UR|	𒌩
lilis	|AB₂×BALAG|	𒀗
lilisₓ	|AB₂×(ME.EN)|	𒀙
liliz	|AB₂×BALAG|	𒀗
lillan	LUGAL	𒈗
lilli	|IGI.IGI|	𒅆𒅆
lillia	LUGAL	𒈗
lillu	BAHAR₂	𒁃
lil₂	KID	𒆤
lil₃	|ŠU₂.U.U.U|	𒋙𒌍
lil₅	|ŠU₂.NE|	𒋙𒉈
lil₆	GU₂	𒄘
lil₇	BAHAR₂	𒁃
lil₈	LU₂@t	𒈑
lilₓ	KU₄	𒆭
lim	IGI	𒅆
lima	IGI	𒅆
limi	IGI	𒅆
limmu	LIMMU	𒐼
limmu₂	4(AŠ)	𒐂
limmu₃	4(U)	𒐏
limmu₄	4(AŠ~a)	𒐽
limmu₅	4(DIŠ)	𒐉
limmuₓ	LIMMU~a	𒐾
limu	LIMMU	𒐼
limu₂	4(AŠ)	𒐂
limu₃	4(U)	𒐏
limu₅	4(DIŠ)	𒐉
lim₂	4(AŠ)	𒐂
lim₃	LAM	𒇴
lim₄	NE	𒉈
limₓ	BUR	𒁓
lip	LUL	𒈜
lipiš	|AB₂×ŠA₃|	𒀚
lipišₓ	|AB₂.ŠA₃|	𒀖𒊮
lip₂	KAL	𒆗
lip₃	ŠA₃	𒊮
liq	UR	𒌨
liq₂	ŠID	𒋃
liq₃	|A.HU.SI|	𒀀𒄷𒋛
liri	|ŠU.KAL|	𒋗𒆗
liri₂	AŠ	𒀸
liri₃	|GIŠ%GIŠ|	𒄒
liri₄	|A₂.KAL|	𒀉𒆗
liri₅	|A₂.AŠ|	𒀉𒀸
liri₆	|NUN%NUN|	𒉫
liri₇	|KAL%KAL|	𒆙
liri₈	|UR%UR|	𒌩
liru	|ŠU.KAL|	𒋗𒆗
lirum	|ŠU.KAL|	𒋗𒆗
lirum₂	AŠ	𒀸
lirum₃	|GIŠ%GIŠ|	𒄒
lirum₄	|A₂.KAL|	𒀉𒆗
lirum₅	|A₂.AŠ|	𒀉𒀸
lirum₆	|NUN%NUN|	𒉫
lirum₇	|KAL%KAL|	𒆙
lirum₈	|UR%UR|	𒌩
lirumₓ	|GA₂&GA₂|	𒃭
liru₂	AŠ	𒀸
liru₃	|GIŠ%GIŠ|	𒄒
liru₄	|A₂.KAL|	𒀉𒆗
liru₅	|A₂.AŠ|	𒀉𒀸
liru₆	|NUN%NUN|	𒉫
liru₇	|KAL%KAL|	𒆙
liru₈	|UR%UR|	𒌩
lis	LIŠ	𒇺
lisi	|NE.SI@g|	𒉈𒋜
lisin	|NE.SI@g|	𒉈𒋜
lit	AB₂	𒀖
liti	AB₂	𒀖
lium	|GUD.AN.NA|	𒄞𒀭𒈾
liz	LIŠ	𒇺
liš	LIŠ	𒇺
lišanₓ	|KA×ME|	𒅴
liṭ	AB₂	𒀖
liṭi	AB₂	𒀖
liṭ₂	DUG	𒂁
li₁₀	DA	𒁕
li₁₁	NUN	𒉣
li₁₂	LIŠ	𒇺
li₂	NI	𒉌
li₃	IGI	𒅆
li₅	ŠA	𒊭
li₆	GAN	𒃶
li₇	UR	𒌨
li₈	AB₂	𒀖
li₉	NE	𒉈
lu	LU	𒇻
lub	LUL	𒈜
lubduₓ	|KA×NUN|	𒅻
lubun	|EZEN×LU|	𒂲
lubširₓ	|LU.LU.EŠ₂.EŠ₂|	𒇻𒇻𒂠𒂠
lubₓ	LU	𒇻
lud	DUG	𒂁
ludₓ	GURUN	𒄧
lug	LU	𒇻
luga	|PA.GA₂|	𒉺𒂷
lugal	LUGAL	𒈗
lugala	LUGAL	𒈗
lugud	|BAD.UD|	𒁁𒌓
lugud₂	LAGAB	𒆸
lugud₃	|LUM&LUM.GAR&GAR|	𒈟
lugud₄	|LAGAR×(ŠE.SUM)|	𒇮
luguₓ	HI	𒄭
lug₂	PA	𒉺
lugₓ	LAM	𒇴
luh	LUH	𒈛
luhmaₓ	|GIŠ.MI|	𒄑𒈪
luhu	LUH	𒈛
luhum	|LUM.LUM|	𒈝𒈝
luhummu	|GIŠ.MI|	𒄑𒈪
luhumₓ	|GIŠ.MI|	𒄑𒈪
luhša	LAHŠU	𒇱
luhšaₓ	|SUMAŠ.ME|	𒋨𒈨
luhšu	LAHŠU	𒇱
luhₓ	UD	𒌓
lukur	|SAL.ME|	𒊩𒈨
lukₓ	LUL	𒈜
lul	LUL	𒈜
lulim	|GIR₃×(LU.IGI)|	𒄎
lulima	|GIR₃×(LU.IGI)|	𒄎
lulu	LUL	𒈜
lulₓ	|LUL.A|	𒈜𒀀
lum	LUM	𒈝
luma	LUM	𒈝
lumašₓ	SAG@g	𒊨
lumgi	ŠIM	𒋆
lumgi₂	|ŠIM×A|	𒋇
lumgi₃	|ŠIM×GAR|	𒋋
lumha	BALAG	𒁆
lumhaₓ	EGIR	𒂕
lumu	LUM	𒈝
lumu₃	DUG	𒂁
lum₂	IGI	𒅆
lum₃	DUG	𒂁
lum₄	LAM	𒇴
lumₓ	|DUG.DUG|	𒂁𒂁
lun	PA	𒉺
lunga	ŠIM	𒋆
lunga₂	|ŠIM×A|	𒋇
lunga₃	|ŠIM×GAR|	𒋋
lungaₓ	|BI.DAR|	𒁉𒁯
lup	LUL	𒈜
lurₓ	|NUN&NUN|	𒉪
lut	DUG	𒂁
lutu	DUG	𒂁
luŋa	|PA.GA₂|	𒉺𒂷
luŋa₂	PA	𒉺
luŋ₂	PA	𒉺
luṭ	DUG	𒂁
luṭu	DUG	𒂁
lu₁₀	|DAG.KISIM₅×X|	𒁖X
lu₂	LU₂	𒇽
lu₃	LU₃	𒈖
lu₄	LUM	𒈝
lu₅	LUL	𒈜
lu₆	UR	𒌨
lu₇	|URU×MIN|	𒍇
lu₈	URU	𒌷
lu₉	PA	𒉺
luₓ	|ERIN₂+X|	𒒫
m	DIŠ	𒁹
ma	MA	𒈠
mabiₓ	|MUŠ₃.DI|	𒈹𒁲
mad	KUR	𒆳
mada	|SAL.UŠ.DAM|	𒊩𒍑𒁮
madal	BU	𒁍
madaₓ	|UŠ.DAM|	𒍑𒁮
madla	BU	𒁍
madlu	BU	𒁍
madul	BU	𒁍
magar	BULUG	𒁑
magara	BULUG	𒁑
mah	MAH	𒈤
maha	MAH	𒈤
mahar	IGI	𒅆
mahar₂	|U.SAR|	𒌋𒊬
maha₂	AL	𒀠
mahra	|IGI.DU|	𒅆𒁺
mah₂	AL	𒀠
mah₃	|U.KA|	𒌋𒅗
makaš	DIŠ	𒁹
makaš₂	AŠ	𒀸
makkaš	DIŠ	𒁹
makkaš₂	AŠ	𒀸
mak₀	KUR	𒆳
mal	GA₂	𒂷
mala	GA₂	𒂷
malakumₓ	SAG@g	𒊨
malba	|KI.LAM|	𒆠𒇴
malga	|GA₂×GAR|	𒃌
malla	BU	𒁍
malug	|GA₂×AN.LUL|	𒂼𒈜
mal₂	|SI.A|	𒋛𒀀
mal₄	LIŠ	𒇺
malₓ	|AN&AN|	𒀮
mam	|U.U|	𒎙
mammiₓ	|MUŠ₃.DI|	𒈹𒁲
mam₂	SAL	𒊩
mam₃	|SAL.MA|	𒊩𒈠
man	|U.U|	𒎙
mana	|U.U|	𒎙
mangaga	|KA×SA|	𒅾
mangara	BULUG	𒁑
man₂	SAL	𒊩
man₃	|AŠ.AŠ|	𒀸𒀸
manₓ	TAB	𒋰
mar	MAR	𒈥
mara	MAR	𒈥
marad	AMAR	𒀫
marad₂	|AMAR.DA|	𒀫𒁕
mara₂	AMAR	𒀫
marduk	|AMAR.UD|	𒀫𒌓
martu	TU	𒌅
martum	TU	𒌅
maru	TE@g	𒋽
mar₂	AMAR	𒀫
mar₃	GAR	𒃻
mar₅	TUR	𒌉
mar₆	|HI×AŠ₂|	𒄯
mas	MAŠ	𒈦
massa	|DAG.KISIM₅×(GA.MAŠ)|	𒁜
massa₂	|DAG.KISIM₅×(A.MAŠ)|	𒁗
mat	KUR	𒆳
matšammi	U₂	𒌑
matšammuₓ	U₂	𒌑
mat₂	BAD	𒁁
mat₃	|HU.HI|	𒄷𒄭
maš	MAŠ	𒈦
mašammi	U₂	𒌑
mašda	|MAŠ.KAK|	𒈦𒆕
mašda₂	|MAŠ.EN.KAK|	𒈦𒂗𒆕
mašda₃	|MAŠ.KAK.EN|	𒈦𒆕𒂗
mašda₄	|EN.MAŠ.KAK|	𒂗𒈦𒆕
mašdaₓ	DARA₃	𒁰
mašgagen	|MAŠ.EN.KAK|	𒈦𒂗𒆕
mašgi	|U&U.U@v&U@v|	𒌐
maškim	|PA.DU@s|	𒉺𒁽
maškim₂	|PA.DU@g|	𒉺𒁼
maškim₃	|PA.DU|	𒉺𒁺
maškimₓ	DU@s	𒁽
maškum	SU	𒋢
mašmin	|MAŠ.U.U|	𒈦𒎙
maštabaₓ	|A.BI|	𒀀𒁉
maššam	U₂	𒌑
maš₂	MAŠ₂	𒈧
maš₃	|MAŠ.PA|	𒈦𒉺
maš₄	PA	𒉺
maṣ	MAŠ	𒈦
maṭ	KUR	𒆳
ma₁₀	|U.U|	𒎙
ma₂	MA₂	𒈣
ma₃	GA₂	𒂷
ma₄	SAR	𒊬
ma₅	|KA×EŠ₂|	𒅡
ma₆	ME	𒈨
ma₇	MAŠ	𒈦
ma₈	|KA×SAR|	𒅿
ma₉	PI	𒉿
maₓ	E₂	𒂍
me	ME	𒈨
mebulug	URUDA	𒍏
mebulug₂	|BULUG&BULUG|	𒁒
mebulug₃	DUB	𒁾
mebulugₓ	BULUG	𒁑
med	BAD	𒁁
medda	|KU.AN|	𒆪𒀭
medda₂	|KU.IDIM|	𒆪𒅂
meddu	|KU.AN|	𒆪𒀭
meddu₂	|KU.IDIM|	𒆪𒅂
medu	|KA×(ME.DU)|	𒅵
megida	|TAB.TI|	𒋰𒋾
megida₂	|TAB.KUN|	𒋰𒆲
megidaₓ	|AŠ.KUN|	𒀸𒆲
megidda	|TAB.TI|	𒋰𒋾
megidda₂	|TAB.KUN|	𒋰𒆲
meh	MAH	𒈤
mehida	MU	𒈬
mehidi	MU	𒈬
mehidu	MU	𒈬
mel	IŠ	𒅖
mele₂	|KA×LI|	𒅲
meleₓ	|KA×(GAR.ŠA₃.A)|	𒅦
meli	|KI.NE|	𒆠𒉈
meli₂	|KA×LI|	𒅲
meliₓ	|KA×(GAR.ŠA₃.A)|	𒅦
mel₂	|KA×LI|	𒅲
mel₃	|KI.NE|	𒆠𒉈
mem	SAL	𒊩
men	|GA₂×(ME.EN)|	𒃞
menari	GAR	𒃻
menaₓ	|GA₂×(ME.EN)|	𒃞
menbulug	URUDA	𒍏
menbulug₂	|BULUG&BULUG|	𒁒
menbulug₃	DUB	𒁾
men₂	ME	𒈨
men₃	DU	𒁺
men₄	|LAGAB×(ME.EN)|	𒇙
men₅	|U.U|	𒎙
menₓ	|GA₂×EN|	𒃉
mer	DUN₃@g@g	𒂇
mere	DUN₃@g@g	𒂇
mereₓ	|EN%EN|	𒂛
merimer	|EN%EN|	𒂛
merimeri	|EN%EN|	𒂛
merimeri₂	|4×EN|	𒂝
merimeri₃	|IM%IM|	𒅐
merimeri₄	|4×IM|	𒅒
merimeri₅	|KU&(HI×AŠ₂).KU&(HI×AŠ₂)|	𒆫
merimer₂	|4×EN|	𒂝
merimer₃	|IM%IM|	𒅐
merimer₄	|4×IM|	𒅒
merimer₅	|KU&(HI×AŠ₂).KU&(HI×AŠ₂)|	𒆫
meri₃	GIR₂	𒄈
mermer	|EN%EN|	𒂛
mermeri	|EN%EN|	𒂛
mermeri₂	|4×EN|	𒂝
mermeri₃	|IM%IM|	𒅐
mermeri₄	|4×IM|	𒅒
mermeri₅	|KU&(HI×AŠ₂).KU&(HI×AŠ₂)|	𒆫
mermer₂	|4×EN|	𒂝
mermer₃	|IM%IM|	𒅐
mermer₄	|4×IM|	𒅒
mermer₅	|KU&(HI×AŠ₂).KU&(HI×AŠ₂)|	𒆫
mer₂	IM	𒅎
mer₃	GIR₂	𒄈
mer₄	ŠID	𒋃
merₓ	GIR₃	𒄊
mes	MES	𒈩
mesa	MES	𒈩
mesi	MES	𒈩
mes₂	DUB	𒁾
mes₃	|ME.U.U.U|	𒎌
met	BAD	𒁁
mete	|TE.ME|	𒋼𒈨
metuₓ	|KU.AN.RA|	𒆪𒀭𒊏
mez	MES	𒈩
meze	|AB₂×(ME.EN)|	𒀙
mezeg	|ŠID×A|	𒋄
mezem	|ŠID×A|	𒋄
mezeŋ	|ŠID×A|	𒋄
mezeₓ	|AB₂×GAN₂@t|	𒀘
meš	|ME.U.U.U|	𒎌
meša	|KA×(ME.DU)|	𒅵
mešezanₓ	SUD₂	𒋥
meštunuₓ	PI	𒉿
meš₂	ME	𒈨
meš₃	MES	𒈩
mešₓ	|U.U|	𒎙
meṣ	MES	𒈩
meṭ	BAD	𒁁
meṭa	|KU.AN|	𒆪𒀭
meṭa₂	|KU.IDIM|	𒆪𒅂
meṭu	|KU.AN|	𒆪𒀭
meṭu₂	|KU.IDIM|	𒆪𒅂
me₁₀	NI₂	𒉎
me₁₂	NE	𒉈
me₂	MI	𒈪
me₃	|AK×ERIN₂|	𒀞
me₄	BAD	𒁁
me₅	A	𒀀
me₆	AK	𒀝
me₇	|GA₂×KASKAL|	𒃙
me₈	PI	𒉿
me₉	|LAGAB×(ŠITA@t.GIŠ)|	𒇞
meₓ	KA	𒅗
mi	MI	𒈪
mid	IDIM	𒅂
midda	|KU.AN|	𒆪𒀭
midda₂	|KU.IDIM|	𒆪𒅂
middu	|KU.AN|	𒆪𒀭
middu₂	|KU.IDIM|	𒆪𒅂
midra	PA	𒉺
migir	DUN₃@g@g	𒂇
migir₂	DUN₄	𒂈
mih	MAH	𒈤
mil	IŠ	𒅖
mili	IŠ	𒅖
milibₓ	KA	𒅗
mili₂	|KA×LI|	𒅲
milla	IŠ	𒅖
mim	SAL	𒊩
mim-ma	|SAL.MA|	𒊩𒈠
mim₂	MUŠ₃	𒈹
mim₃	|U.U|	𒎙
mim₄	|SAL.MA|	𒊩𒈠
min	MIN	𒈫
mina	MIN	𒈫
mina₃	|U.U|	𒎙
minbulug	URUDA	𒍏
minbulug₂	|BULUG&BULUG|	𒁒
minbulugₓ	|BAL&BAL|	𒁅
minudugabaₓ	|NINDA₂×(U.U)|	𒔫
min₂	SAL	𒊩
min₃	|U.U|	𒎙
min₄	|SAL.TUG₂|	𒎏
min₅	|AŠ.AŠ|	𒀸𒀸
min₆	TAB	𒋰
min₇	|GA₂×(ME.EN)|	𒃞
min₈	TAB@t	󰂃
mir	DUN₃@g@g	𒂇
miri	DUN₃@g@g	𒂇
miriₓ	GIR₂	𒄈
mir₂	IM	𒅎
mir₅	|EZEN×DUN₃@g@g|	𒂨
mirₓ	KAL	𒆗
mis	MES	𒈩
misal	|GIŠ.TUG₂.PI.NU₁₁@90.SILA₃|	𒄑𒌆𒉿𒎓𒋡
mit	BAD	𒁁
miti	BAD	𒁁
mitta	|KU.AN|	𒆪𒀭
mitta₂	|KU.IDIM|	𒆪𒅂
mittu	|KU.AN|	𒆪𒀭
mittu₂	|KU.IDIM|	𒆪𒅂
mitu	BAD	𒁁
mitum	|KU.AN|	𒆪𒀭
mitum₂	|KU.IDIM|	𒆪𒅂
mitₓ	|KU.AN|	𒆪𒀭
mizal	GISAL	𒄐
mizeg	|ŠID×A|	𒋄
mizem	|ŠID×A|	𒋄
miš	MES	𒈩
mišhaš	|GIŠ.TAR|	𒄑𒋻
mišsun	|GIŠ.BAD|	𒄑𒁁
mištunuₓ	PI	𒉿
miš₂	|ME.U.U.U|	𒎌
miš₃	GIŠ	𒄑
mišₓ	UŠ	𒍑
miṣ	MES	𒈩
miṭ	BAD	𒁁
miṭa	|KU.AN|	𒆪𒀭
miṭa₂	|KU.IDIM|	𒆪𒅂
miṭu	|KU.AN|	𒆪𒀭
miṭu₂	|KU.IDIM|	𒆪𒅂
mi₂	SAL	𒊩
mi₃	ME	𒈨
mi₄	|GA₂×(ME.EN)|	𒃞
mi₅	PI	𒉿
miₓ	DU	𒁺
mu	MU	𒈬
mua	PA	𒉺
muati	PA	𒉺
muatiₓ	|PA.LAGAB×(GUD&GUD)|	𒉺𒇇
muatu	PA	𒉺
mud	|HU.HI|	𒄷𒄭
mudgi	|BAD.MI|	𒁁𒈪
mudla	BU	𒁍
mudlu	BU	𒁍
mudnaₓ	|SAL.UŠ.DAM|	𒊩𒍑𒁮
mudra₃	BU	𒁍
mudra₅	|SIK₂.BU|	𒋠𒁍
mudra₆	|MU.BU|	𒈬𒁍
mudraₓ	|SIG.MU.BU|	𒋝𒈬𒁍
mudru	PA	𒉺
mudru₂	|EN.KU.A|	𒂗𒆪𒀀
mudru₃	BU	𒁍
mudru₄	DARA₄	𒁱
mudru₅	|SIK₂.BU|	𒋠𒁍
mudru₆	|MU.BU|	𒈬𒁍
mudul	BU	𒁍
mud₂	BAD	𒁁
mud₃	|NUNUZ.AB₂×BI|	𒉯
mud₄	|LAGAB.U.KAK|	𒆸𒌋𒆕
mud₅	ŠIM	𒋆
mud₆	SAR	𒊬
mud₇	|ZI&ZI.LAGAB|	𒍤𒆸
mud₈	|NUNUZ.AB₂×KAD₃|	𒉳
mudₓ	|A.ZI&ZI|	𒀀𒍤
mug	MUG	𒈮
muga	MUG	𒈮
muguₓ	MUG	𒈮
mug₂	SAL	𒊩
muh	|U.KA|	𒌋𒅗
muhaldim	MU	𒈬
muhaldima	MU	𒈬
muhhumₓ	SAG	𒊕
muh₂	|SAG×KAK|	𒊚
muh₃	|SAG×UB|	𒊣
muh₄	SAG@g	𒊨
muhₓ	|A.SAG|	𒀀𒊕
muk	MUG	𒈮
muk₃	SAL	𒊩
mul	|3×AN|	𒀯
mulla	BU	𒁍
mullaₓ	|TE.LAL|	𒋼𒇲
mullil	5(U)	𒐐
mullu	BU	𒁍
mulu	|3×AN|	𒀯
mulugₓ	ŠIM	𒋆
mulu₄	GAN₂	𒃷
mulu₄-bu	|GAN₂.BU|	𒃷𒁍
mul₂	TE	𒋼
mul₃	|HI×AŠ|	𒄮
mul₄	|U.GUD|	𒌌
mulₓ	AB₂	𒀖
mum	DE₂	𒌤
mummun	|KA×LI.KA×LI|	𒅲𒅲
mumun	|KA×LI.KA×LI|	𒅲𒅲
mumunₓ	|KA×LI|	𒅲
mun	|DIM×ŠE|	𒁵
munsub	MUNSUB	𒈰
munsub₂	|SIK₂.LAM.SUHUR|	𒋠𒇴𒋦
munsub₃	|GU₂×NUN|	𒄛
munsub₄	GU₂@g	𒄝
munsubₓ	|KA×SUHUR|	𒆅
munu	|DIM×ŠE|	𒁵
munus	SAL	𒊩
munussa	|SAL.UŠ.DI|	𒊩𒍑𒁲
munuz	SAL	𒊩
munu₂	|KI.NE|	𒆠𒉈
munu₃	|GA₂×DIM×ŠE|	𒃅
munu₄	|PAP.PAP|	𒉽𒉽
munu₅	|PAP.ŠE.PAP|	𒉽𒊺𒉽
munu₆	|ŠE.BULUG|	𒊺𒁑
munuₓ	|AB₂.KU|	𒀖𒆪
munzer	|KI.AN.ŠEŠ.KI|	𒆠𒀭𒋀𒆠
munzerₓ	|AB₂.AN.ŠEŠ.KI|	𒀖𒀭𒋀𒆠
munzur	|KI.AN.ŠEŠ.KI|	𒆠𒀭𒋀𒆠
munšub	MUNSUB	𒈰
munšub₂	|SIK₂.LAM.SUHUR|	𒋠𒇴𒋦
mun₂	DE₂	𒌤
mun₃	DIM	𒁴
mun₄	ŠEŠ	𒋀
mun₅	|U.DIM×ŠE|	𒌋𒁵
mun₆	|U.DIM|	𒌋𒁴
munₓ	|3×AN|	𒀯
muq	MUG	𒈮
mur	|HI×AŠ₂|	𒄯
muraₓ	MAR	𒈥
murga	|KA×NE|	𒅺
murgišur	|EZEN×A|	𒂢
murgišurₓ	|EZEN×UD|	𒂴
murgu₂	MURGU₂	𒈱
murgu₃	|KA×NE|	𒅺
muri	MURUB₄	𒌘
murim	IM	𒅎
muru	|HI×AŠ₂|	𒄯
murub	SAL	𒊩
murub₂	|SAL.LAGAR|	𒊩𒇬
murub₃	|EN.ME.LAGAR|	𒂗𒈨𒇬
murub₄	MURUB₄	𒌘
murub₅	|SAL.UD.EDIN|	𒊩𒌓𒂔
murubₓ	|SAL.LAGAB|	𒊩𒆸
murum	|HI×AŠ₂|	𒄯
murum₁₁	|NINDA₂×(U₂.AŠ)|	𒉞
murum₄	|UR₂×(U₂.AŠ)|	𒌲
murum₅	|SAL.UD.EDIN|	𒊩𒌓𒂔
murum₆	|KI.EN.KAK|	𒆠𒂗𒆕
murumₓ	|KA×HI×AŠ₂|	𒎂
murušₓ	GURUŠ	𒄨
muru₁₁	|NINDA₂×(U₂.AŠ)|	𒉞
muru₁₂	KID	𒆤
muru₂	MURUB₄	𒌘
muru₃	IM	𒅎
muru₄	|UR₂×(U₂.AŠ)|	𒌲
muru₅	|SAL.UD.EDIN|	𒊩𒌓𒂔
muru₆	|KI.EN.KAK|	𒆠𒂗𒆕
muru₉	|IM.DUGUD|	𒅎𒂂
muruₓ	DUGUD	𒂂
mur₁₀	TUG₂	𒌆
mur₂	MURUB₄	𒌘
mur₃	IM	𒅎
mur₆	|KI.EN.KAK|	𒆠𒂗𒆕
mur₇	MURGU₂	𒈱
murₓ	KAD₃	𒆑
mus	MUŠ	𒈲
mussa	|SAL.UŠ.DI|	𒊩𒍑𒁲
mussaₓ	|SAL.UŠ|	𒊩𒍑
musub	MUNSUB	𒈰
musub₂	|SIK₂.LAM.SUHUR|	𒋠𒇴𒋦
musub₃	|GU₂×NUN|	𒄛
musub₄	GU₂@g	𒄝
musug₂	|U₂.KA|	𒌑𒅗
musug₄	|U₂.KUR.NI.TUK.KI|	𒌑𒆳𒉌𒌇𒆠
musug₅	|KA×U₂|	𒆈
musur	|KI.AN.ŠEŠ.KI|	𒆠𒀭𒋀𒆠
mut	|HU.HI|	𒄷𒄭
muthum	|U₂.GIŠ.SAR|	𒌑𒄑𒊬
mut₂	BAD	𒁁
muwa	PA	𒉺
muwati	PA	𒉺
muya	PA	𒉺
muyati	PA	𒉺
muz	MUŠ	𒈲
muzer	|SIK₂.LAM.SUHUR|	𒋠𒇴𒋦
muzir	|SIK₂.LAM.SUHUR|	𒋠𒇴𒋦
muzug₂	|U₂.KA|	𒌑𒅗
muzug₄	|U₂.KUR.NI.TUK.KI|	𒌑𒆳𒉌𒌇𒆠
muzug₆	|U₂.KA×LI|	𒌑𒅲
muš	MUŠ	𒈲
mušda	DIM₂	𒁶
mušdam	DIM₂	𒁶
mušdama	DIM₂	𒁶
mušdama₂	|MUŠ%MUŠ|	𒈸
mušen	HU	𒄷
mušena	HU	𒄷
mušeŋₓ	HU	𒄷
muši	MI	𒈪
mušku	MUŠ₃	𒈹
muškuₓ	|MUŠ%MUŠ|	𒈸
mušnaₓ	NU₁₁	𒉢
muštaptin	BAHAR₂	𒁃
muštu	PI	𒉿
muštug	PI	𒉿
muštug₂	|MU.UŠ.TUG₂.PI|	𒈬𒍑𒌆𒉿
muštugₓ	|GIŠ.TUG₂.PI|	𒄑𒌆𒉿
muštu₂	|MU.UŠ.TUG₂.PI|	𒈬𒍑𒌆𒉿
muštuₓ	|GIŠ.TUG₂.PI|	𒄑𒌆𒉿
mušu	MI	𒈪
muššagana	|LAGAB×MUŠ|	𒇚
muššagana₂	|LAGAB×(ŠITA@t.GIŠ)|	𒇞
muš₂	MUŠ₃@g	𒈽
muš₃	MUŠ₃	𒈹
muš₄	|HI×AŠ|	𒄮
muš₅	ŠEŠ	𒋀
muš₆	BULUG	𒁑
muš₇	DIŠ	𒁹
muš₈	HU	𒄷
muš₉	MI	𒈪
mušₓ	|MUŠ&MUŠ|	𒈶
muṣ	MUŠ	𒈲
muṭ	|HU.HI|	𒄷𒄭
muṭuₓ	|HU.HI|	𒄷𒄭
mu₁₀	SAL	𒊩
mu₁₁	|KA×SAR|	𒅿
mu₁₂	|HU.HI|	𒄷𒄭
mu₁₄	A	𒀀
mu₂	SAR	𒊬
mu₃	|KA×EŠ₂|	𒅡
mu₄	TUG₂	𒌆
mu₅	NI	𒉌
mu₆	PA	𒉺
mu₇	|KA×LI|	𒅲
mu₈	GAR	𒃻
mu₉	GIŠ	𒄑
muₓ	HI	𒄭
na	NA	𒈾
nab	|AN&AN|	𒀮
nab₃	|AN.AN|	𒀭𒀭
nab₄	IGI@g	𒅊
nad	KUR	𒆳
nad₃	NA₂	𒈿
nag	|KA×A|	𒅘
naga	NAGA	𒉀
nagada	|PA.DAG.KISIM₅×KAK|	𒉺𒁣
nagadₓ	|AB₂.KU|	𒀖𒆪
nagal	LAGAR	𒇬
nagar	NAGAR	𒉄
nagara	NAGAR	𒉄
nagargalₓ	|GAL.NAGAR|	𒃲𒉄
nagar₃	LUL	𒈜
nagarₓ	BULUG	𒁑
naga₂	|KA×A|	𒅘
naga₃	|GUM×ŠE|	𒄤
naga₄	GUM	𒄣
nagbu	IDIM	𒅂
nagbumₓ	IDIM	𒅂
nagga	|AN.NA|	𒀭𒈾
nagiri	|KA×(AD.KU₃)|	𒅚
nag₃	|GUM×ŠE|	𒄤
nag₄	GUM	𒄣
nagₓ	KA	𒅗
nah	LUH	𒈛
nah₂	EŠ₂	𒂠
nak	|KA×A|	𒅘
nak₂	NAGA	𒉀
nam	NAM	𒉆
nam-ri	|MUŠ₃.ZA|	𒈹𒍝
nama	NAGA	𒉀
namduₓ	|KA×NUN|	𒅻
namma	|LAGAB×HAL|	𒇉
nammaₓ	|LAGAB×A|	𒆹
nammu	|LAGAB×HAL|	𒇉
nammuₓ	|LAGAB×A|	𒆹
namri	|U₂.KUR.ZA.MUŠ₃@g.KI|	𒌑𒆳𒍝𒈽𒆠
namruₓ	|U₂.ZA.MUŠ₃|	𒌑𒍝𒈹
nam₂	NAM₂	𒉇
nam₃	NIM	𒉏
nam₄	IGI@g	𒅊
namₓ	|AN.AN|	𒀭𒀭
nan	ŠEŠ	𒋀
nanam	|ŠA₃×NE|	𒊲
nanam₂	|ŠA₃×BAD|	𒊰
nanga	|LAL₂.LAGAB|	𒇳𒆸
nanga₂	|LAL.LAGAB|	𒇲𒆸
nanga₃	|LAL₂.SAR|	𒇳𒊬
nanga₄	|LAL.SAR|	𒇲𒊬
nanga₅	|AN.NA|	𒀭𒈾
nanga₆	NAGA	𒉀
nangaₓ	|LAL₂.DU|	𒇳𒁺
nanibgal	|AN.NAGA|	𒀭𒉀
nanibgal₂	|AN.ŠE.NAGA|	𒀭𒊺𒉀
nanibgalₓ	NAGA	𒉀
nanna	|ŠEŠ.KI|	𒋀𒆠
nanna₂	|AN.ŠEŠ.KI|	𒀭𒋀𒆠
nanše	|AB×HA|	𒀏
nan₂	|ŠEŠ.KI|	𒋀𒆠
nan₃	|U.U.U|	𒌍
nap	|AN&AN|	𒀮
nap₂	|3×AN|	𒀯
naq	|KA×A|	𒅘
nar	LUL	𒈜
nara	LUL	𒈜
naraₓ	|NUN&NUN|	𒉪
nari	LUL	𒈜
nar₃	|NUN&NUN|	𒉪
narₓ	|A.LAGAB×HAL|	𒀀𒇉
nat	KUR	𒆳
nata	KUR	𒆳
nat₂	I	𒄿
nazi	|AB×HA|	𒀏
naŋ	|KA×A|	𒅘
naŋa	NAGA	𒉀
naŋar	NAGAR	𒉄
naŋa₃	|GUM×ŠE|	𒄤
naŋa₄	GUM	𒄣
naŋaₓ	|KA×A|	𒅘
naŋ₃	|GUM×ŠE|	𒄤
naŋ₄	GUM	𒄣
naš	|U.U|	𒎙
našše	|AB×HA|	𒀏
na₂	NA₂	𒈿
na₃	AK	𒀝
na₄	|NI.UD|	𒎎
na₅	ŠA	𒊭
na₆	LU₂	𒇽
na₇	NAM	𒉆
na₈	|KA×A|	𒅘
naₓ	AN	𒀭
ne	NE	𒉈
ne-ru	|NE.RU|	𒉈𒊒
ned	UŠ	𒍑
neda	PI	𒉿
nehandiₓ	|KA×(GIŠ%GIŠ)|	𒅪
nem	NIM	𒉏
nemur	|KI.NE|	𒆠𒉈
nemur₂	|PIRIG.TUR|	𒊊𒌉
nemurₓ	PIRIG	𒊊
nen	|SAL.TUG₂|	𒎏
nenerₓ	|NUN&NUN|	𒉪
nenim	|ŠA₃×NE|	𒊲
nenin	|KUR.SI.A.GA|	𒆳𒋛𒀀𒂵
nenkum	|SAL.TUG₂.PAP.IGI@g.NUN.ME.EZEN×KASKAL|	𒎏𒉽𒅊𒉣𒈨𒂬
nenkumₓ	|SAL.TUG₂.PAP.E.IGI@g.NUN.ME.EZEN×KASKAL|	𒎏𒉽𒂊𒅊𒉣𒈨𒂬
nenna	|LAGAB×(U.U.U).LAGAB×(U.U.U)|	𒇧𒇧
nenna₂	|LAGAB×(U.U.U)|	𒇧
nenni	|LAGAB×(U.U.U).LAGAB×(U.U.U)|	𒇧𒇧
nenni₂	|LAGAB×(U.U.U)|	𒇧
nenni₅	|(ŠE.NUN&NUN)&(ŠE.NUN&NUN)|	𒌃
nen₉	|SAL.KU|	𒎐
neq₂	GAR	𒃻
ner	|NUN&NUN|	𒉪
nerah	MUŠ	𒈲
nergal	|PIRIG.AB@g.GAL|	𒊊𒀕𒃲
nergalₓ	|KIŠ.AB@g|	𒆧𒀕
nerigal	|PIRIG.AB@g.GAL|	𒊊𒀕𒃲
nes	|U.U|	𒎙
nesag	NISAG	𒉠
nesag₂	ŠID	𒋃
nesaŋ	NISAG	𒉠
nesaŋ₂	ŠID	𒋃
net	UŠ	𒍑
neš	|U.U|	𒎙
neša	|UR.MAH|	𒌨𒈤
neš₂	GIŠ	𒄑
neṭ	UŠ	𒍑
ne₂	NI	𒉌
ne₃	PIRIG	𒊊
ne₄	|ŠU₂.NE|	𒋙𒉈
ne₅	|KI.NE|	𒆠𒉈
ne₆	NA	𒈾
ne₇	NA₂	𒈿
ne₈	NE@s	𒉋
ni	NI	𒉌
ni-ir	|NA₂.X|	𒈿X
nib	|PIRIG×KAL|	𒊋
nibri	|EN.KID|	𒂗𒆤
nibru	|EN.KID|	𒂗𒆤
nid	UŠ	𒍑
nida	|GU₂.NUNUZ|	𒄘𒉭
nidaba	|ŠE.NAGA|	𒊺𒉀
nidaba₂	NAGA	𒉀
nidalam	|SAL.UŠ.DAM|	𒊩𒍑𒁮
nidalam₂	|UŠ.DAM|	𒍑𒁮
nidalam₃	|UŠ.SAL.DAM|	𒍑𒊩𒁮
nidalam₄	|SAL.UŠ|	𒊩𒍑
nida₂	NINDA₂	𒉒
nidba	|PAD.AN.MUŠ₃|	𒉻𒀭𒈹
nidba₂	|PAD.MUŠ₃|	𒉻𒈹
nidbaₓ	|GAD.PAD.MUŠ₃|	𒃰𒉻𒈹
nidlam	|SAL.UŠ.DAM|	𒊩𒍑𒁮
nidlam₂	|UŠ.DAM|	𒍑𒁮
nidlam₃	|UŠ.SAL.DAM|	𒍑𒊩𒁮
nidlam₄	|SAL.UŠ|	𒊩𒍑
nig	|SAL.UR|	𒊩𒌨
niga	ŠE	𒊺
nigan	ŠE	𒊺
nigar	|U.UD.KID|	𒌋𒌓𒆤
niggi	|AN.NA|	𒀭𒈾
niggin	|AN.NA|	𒀭𒈾
nigginaku	|LAGAB.LAGAB|	𒆸𒆸
niggiₓ	|LAGAB.LAGAB|	𒆸𒆸
nigi	|LAGAB.LAGAB|	𒆸𒆸
nigida	DIŠ	𒁹
nigidaeš	NIGIDAEŠ	𒑗
nigidalimmu	4(DIŠ)	𒐉
nigidamin	NIGIDAMIN	𒑖
nigin	|LAGAB.LAGAB|	𒆸𒆸
nigin₁₀	|UD@s.KID|	𒌚𒆤
nigin₁₁	|LAGAB×UŠ|	𒇪
nigin₂	LAGAB	𒆸
nigin₃	|U.UD.KID|	𒌋𒌓𒆤
nigin₄	|U.UD|	𒌋𒌓
nigin₅	|LAL₂.LAGAB|	𒇳𒆸
nigin₆	|AB×HA|	𒀏
nigin₇	|LAL.LAGAB|	𒇲𒆸
nigin₈	|LAL₂.SAR|	𒇳𒊬
nigin₉	|LAL.SAR|	𒇲𒊬
niginₓ	|AB×LAGAB|	𒀒
nigir	DUN₃@g@g	𒂇
nigirsiₓ	|SAL.UŠ|	𒊩𒍑
nigir₂	DUN₄	𒂈
nigir₃	|EN%EN|	𒂛
nigi₂	LAGAB	𒆸
nigi₃	|NUNUZ.DIM₂|	𒉭𒁶
nigiₓ	GAR	𒃻
nigru	|KA×(AD.KU₃)|	𒅚
nigu	ŠE	𒊺
nig₂	GAR	𒃻
nig₆	|U.UD.KID|	𒌋𒌓𒆤
nigₓ	|SAL.KAB|	𒊩𒆏
nik	|SAL.UR|	𒊩𒌨
nika	PEŠ₂	𒉾
nik₂	GAR	𒃻
nik₅	|KA×A|	𒅘
nim	NIM	𒉏
nima	NIM	𒉏
nimar	|U.UD.KID|	𒌋𒌓𒆤
nimbar	ŠA₆	𒊷
nimem₃	|LAL.LAGAB|	𒇲𒆸
nimen	|LAL₂.LAGAB|	𒇳𒆸
nimen₂	LAGAB	𒆸
nimen₄	|LAL₂.SAR|	𒇳𒊬
nimen₅	|LAL.SAR|	𒇲𒊬
nimenₓ	|LAGAB.LAGAB|	𒆸𒆸
nimgigre	|IM%IM|	𒅐
nimgigri	|EN%EN|	𒂛
nimgigri₂	|EN%EN.IM%IM|	𒂛𒅐
nimgin₃	|U.UD.KID|	𒌋𒌓𒆤
nimgir	DUN₃@g@g	𒂇
nimgirgireₓ	|IM%IM|	𒅐
nimgirgirri	|EN%EN|	𒂛
nimgirgirri₂	|EN%EN.IM%IM|	𒂛𒅐
nimgir₂	DUN₄	𒂈
nimin	4(U)	𒐏
nimina	4(U)	𒐏
niminₓ	NAGAR	𒉄
nimirₓ	DUN₃@g@g	𒂇
nimur	|KI.NE|	𒆠𒉈
nimurₓ	|PIRIG.TUR|	𒊊𒌉
nimŋirŋirri₂	|EN%EN.IM%IM|	𒂛𒅐
nim₂	|SAL.TUG₂|	𒎏
nim₃	|U.UD|	𒌋𒌓
nim₄	LUM	𒈝
nim₅	GAR	𒃻
nin	|SAL.TUG₂|	𒎏
nina	|AB×HA|	𒀏
ninagal	DE₂	𒌤
nina₂	DARA₄	𒁱
nina₃	|SAL.TUG₂|	𒎏
nina₄	4(U)	𒐏
ninda	GAR	𒃻
nindaba	|PAD.AN.MUŠ₃|	𒉻𒀭𒈹
nindabaₓ	|PAD.AN.MUŠ₃@g|	𒉻𒀭𒈽
nindamekar	|NINDA₂×(ME.GAN₂@t)|	𒉗
nindan	GAR	𒃻
nindanaₓ	GAR	𒃻
nindar	|SI.A|	𒋛𒀀
ninda₂	NINDA₂	𒉒
ninda₃	|LAGAB×IM|	𒇌
ninda₄	|LAGAB×GAR|	𒇅
nindaₓ	DU	𒁺
nindu	|LAGAB×GAR|	𒇅
nindubₓ	|SI.A|	𒋛𒀀
nindu₂	|LAGAB×IM|	𒇌
ningi	ŠIM	𒋆
ningin₃	|U.UD.KID|	𒌋𒌓𒆤
ningin₄	|U.UD|	𒌋𒌓
ningi₂	|ŠIM×A|	𒋇
ningi₃	|ŠIM×GAR|	𒋋
ningiₓ	|BI×GAR|	𒁋
nini	|LAGAB.LAGAB|	𒆸𒆸
ninim	|ŠA₃×NE|	𒊲
ninindu	|LAGAB×GAR|	𒇅
ninindu₂	|LAGAB×IM|	𒇌
ninir	|NUN&NUN|	𒉪
ninkum	|SAL.TUG₂.PAP.IGI@g.NUN.ME.EZEN×KASKAL|	𒎏𒉽𒅊𒉣𒈨𒂬
ninkumₓ	|SAL.TUG₂.PAP.E.IGI@g.NUN.ME.EZEN×KASKAL|	𒎏𒉽𒂊𒅊𒉣𒈨𒂬
ninmuš	|LAGAB×TAK₄|	𒇣
ninna	|LAGAB×(U.U.U).LAGAB×(U.U.U)|	𒇧𒇧
ninna₂	|LAGAB×(U.U.U)|	𒇧
ninnaₓ	DARA₄	𒁱
ninnim₄	|LAGAB×(U.U.U)|	𒇧
ninnim₇	|PAD.AN.MUŠ₃|	𒉻𒀭𒈹
ninnimₓ	|PAD.MUŠ₃|	𒉻𒈹
ninni₂	|LAGAB.LAGAB|	𒆸𒆸
ninni₃	GAR	𒃻
ninni₄	|LAGAB×(U.U.U)|	𒇧
ninni₅	|(ŠE.NUN&NUN)&(ŠE.NUN&NUN)|	𒌃
ninni₆	MUŠ₃	𒈹
ninni₇	|PAD.AN.MUŠ₃|	𒉻𒀭𒈹
ninni₈	|ŠE.NUN&NUN|	𒌁
ninniₓ	|PAD.MUŠ₃|	𒉻𒈹
ninnu	5(U)	𒐐
ninnu₂	|LAGAB×(U.U.U).LAGAB×(U.U.U)|	𒇧𒇧
ninnuₓ	|LAGAB×(U.U.U)|	𒇧
ninta	UŠ	𒍑
nintah	UŠ	𒍑
nintahu	UŠ	𒍑
nintah₂	ARAD	𒀴
nintah₃	|SAL.UŠ|	𒊩𒍑
ninta₂	ARAD	𒀴
ninuₓ	5(U)	𒐐
ninšatumₓ	|PA.TUG₂|	𒉺𒌆
nin₁₀	|SAL.SIK₂|	𒊩𒋠
nin₂	MUŠ₃	𒈹
nin₃	|LAGAB.LAGAB|	𒆸𒆸
nin₄	LAGAB	𒆸
nin₅	4(U)	𒐏
nin₆	GAR	𒃻
nin₇	|LAGAB×(U.U.U).LAGAB×(U.U.U)|	𒇧𒇧
nin₉	|SAL.KU|	𒎐
ninₓ	|PA.TE|	𒉺𒋼
niq	|SAL.UR|	𒊩𒌨
niqiₓ	GAR	𒃻
niq₂	GAR	𒃻
nir	|NUN&NUN|	𒉪
nira	|NUN&NUN|	𒉪
nirah	MUŠ	𒈲
nirahₓ	|AN.GUD|	𒀭𒄞
nira₂	|ZA.KUR|	𒍝𒆳
nira₃	|ZA.NIM|	𒍝𒉏
nir₂	|ZA.DUN₃@g|	𒍝𒂆
nir₃	|ZA.NIM|	𒍝𒉏
nir₄	|ZA.SU|	𒍝𒋢
nir₅	|ZA.IB|	𒍝𒅁
nir₆	KAL	𒆗
nir₇	|ZA.DUN₃@g@g|	𒍝𒂇
nirₓ	|DUN₃@g@g.ZA|	𒂇𒍝
nis	|U.U|	𒎙
nisaba	|ŠE.NAGA|	𒊺𒉀
nisaba₂	NAGA	𒉀
nisag	NISAG	𒉠
nisaga	|NUNUZ.KISIM₅|	𒉭𒆨
nisagga	LAK449	𒓱
nisag₂	ŠID	𒋃
nisaŋ	NISAG	𒉠
nisaŋ₂	ŠID	𒋃
nisaₓ	SAR	𒊬
nisi	SAR	𒊬
nisig	SAR	𒊬
nisikiₓ	|GAR.GAD.TAK₄.UR₂|	𒃻𒃰𒋺𒌫
nisku	PIRIG	𒊊
niskum	PIRIG	𒊊
nissa	SAR	𒊬
nis₂	GIŠ	𒄑
nit	UŠ	𒍑
nita	UŠ	𒍑
nitadam	|SAL.UŠ.DAM|	𒊩𒍑𒁮
nitadam₂	|UŠ.DAM|	𒍑𒁮
nitadam₄	|SAL.UŠ|	𒊩𒍑
nitadamₓ	|DAM.UŠ|	𒁮𒍑
nitah	UŠ	𒍑
nitahu	UŠ	𒍑
nitah₂	ARAD	𒀴
nitah₃	|SAL.UŠ|	𒊩𒍑
nitalam	|SAL.UŠ.DAM|	𒊩𒍑𒁮
nitalam₂	|UŠ.DAM|	𒍑𒁮
nitalam₃	|UŠ.SAL.DAM|	𒍑𒊩𒁮
nitalam₄	|SAL.UŠ|	𒊩𒍑
nita₂	ARAD	𒀴
nita₃	|SAL.UŠ|	𒊩𒍑
nita₄	GAR	𒃻
nitaₓ	|ARAD×KUR|	𒀵
nitlam	|SAL.UŠ.DAM|	𒊩𒍑𒁮
nitlam₂	|UŠ.DAM|	𒍑𒁮
nitlam₃	|UŠ.SAL.DAM|	𒍑𒊩𒁮
nitlam₄	|SAL.UŠ|	𒊩𒍑
nittaₓ	UŠ	𒍑
niz	|U.U|	𒎙
niŋ	|SAL.UR|	𒊩𒌨
niŋar	|U.UD.KID|	𒌋𒌓𒆤
niŋarₓ	|U.UD|	𒌋𒌓
niŋbunaₓ	|EZEN×BAD|	𒂦
niŋbunₓ	|EZEN×BAD|	𒂦
niŋdaba	|PAD.AN.MUŠ₃|	𒉻𒀭𒈹
niŋdaba₂	|PAD.MUŠ₃|	𒉻𒈹
niŋdanaₓ	GAR	𒃻
niŋdanₓ	GAR	𒃻
niŋemₓ	|AB×HA|	𒀏
niŋen	|LAGAB.LAGAB|	𒆸𒆸
niŋen₂	LAGAB	𒆸
niŋen₅	|LAL₂.LAGAB|	𒇳𒆸
niŋen₆	|AB×HA|	𒀏
niŋenₓ	|AN.AB×HA|	𒀭𒀏
niŋimₓ	|LAGAB×UŠ|	𒇪
niŋin	|LAGAB.LAGAB|	𒆸𒆸
niŋin₁₁	|LAGAB×UŠ|	𒇪
niŋin₂	LAGAB	𒆸
niŋin₃	|U.UD.KID|	𒌋𒌓𒆤
niŋin₄	|U.UD|	𒌋𒌓
niŋin₅	|LAL₂.LAGAB|	𒇳𒆸
niŋin₆	|AB×HA|	𒀏
niŋin₈	|LAL₂.SAR|	𒇳𒊬
niŋin₉	|LAL.SAR|	𒇲𒊬
niŋinₓ	BULUG	𒁑
niŋir	DUN₃@g@g	𒂇
niŋirgalₓ	|GAL.DUN₃@g@g|	𒃲𒂇
niŋirsiₓ	|SAL.UŠ|	𒊩𒍑
niŋir₂	DUN₄	𒂈
niŋi₂	LAGAB	𒆸
niŋ₂	GAR	𒃻
niŋ₆	|U.UD.KID|	𒌋𒌓𒆤
niš	|U.U|	𒎙
niša	SAR	𒊬
niš₂	GIŠ	𒄑
nišₓ	2(BURU)	𒐵
niṭ	UŠ	𒍑
ni₁₀	LAGAB	𒆸
ni₁₁	|UD@s.KID|	𒌚𒆤
ni₂	NI₂	𒉎
ni₃	GAR	𒃻
ni₄	|SAL.TUG₂|	𒎏
ni₅	NE	𒉈
ni₆	|LAGAB.LAGAB|	𒆸𒆸
ni₇	NIM	𒉏
ni₈	LI	𒇷
ni₉	|U.UD.KID|	𒌋𒌓𒆤
nu	NU	𒉡
nubₓ	|AN&AN|	𒀮
nud	NA₂	𒈿
nug	|ŠIM×MUG|	𒋐
nug₂	|ŠIM×DIN|	𒋊
nugₓ	ŠIM	𒋆
num	NIM	𒉏
numdu	|KA×NUN|	𒅻
numdum	|KA×NUN|	𒅻
numdun	|KA×NUN|	𒅻
numgišur	|EZEN×A|	𒂢
numma	|NU₁₁&NU₁₁.BUR&BUR|	𒋕
nummaₓ	|GA₂.NU₁₁|	𒂷𒉢
numu	KUL	𒆰
numun	KUL	𒆰
numun₂	|ZI&ZI.LAGAB|	𒍤𒆸
numun₃	|HI×NUN|	𒄴
numunₓ	|A.ZI&ZI|	𒀀𒍤
num₂	LUM	𒈝
numₓ	NU₁₁	𒉢
nun	NUN	𒉣
nuna	NUN	𒉣
nundu	|KA×NUN|	𒅻
nundum	|KA×NUN|	𒅻
nundumₓ	KA	𒅗
nundun	|KA×NUN|	𒅻
nungi	ŠIM	𒋆
nungi₂	|ŠIM×A|	𒋇
nungi₃	|ŠIM×GAR|	𒋋
nunmeli	|BAR.HU.KAK|	𒁇𒄷𒆕
nunpe	|NUN@t.KI|	𒉩𒆠
nunu	NUNUZ	𒉭
nunun	NUN	𒉣
nunurra	BAHAR₂	𒁃
nunurru	BAHAR₂	𒁃
nunus	NUNUZ	𒉭
nunusₓ	SAL	𒊩
nunuz	NUNUZ	𒉭
nunuzzi	|EN.NUNUZ.ZI.AN.UD|	𒂗𒉭𒍣𒀭𒌓
nunuzₓ	SAL	𒊩
nun₂	|A.HA.TAR.DU|	𒀀𒄩𒋻𒁺
nun₃	BU	𒁍
nunₓ	NE	𒉈
nur	|NUN&NUN|	𒉪
nura	ERIN₂	𒂟
nuri	ERIN₂	𒂟
nurra	LUGAL	𒈗
nuru	ERIN₂	𒂟
nurₓ	NU₁₁	𒉢
nus	NUNUZ	𒉭
nuska	|PA.TUG₂|	𒉺𒌆
nuska₂	|PA.LU|	𒉺𒇻
nusku	|PA.TUG₂|	𒉺𒌆
nusku₂	|PA.LU|	𒉺𒇻
nussu	|LAGAB×(U.U.U)|	𒇧
nuz	NUNUZ	𒉭
nuzzi	|EN.NUNUZ.ZI.AN.UD|	𒂗𒉭𒍣𒀭𒌓
nuŋa	GUM	𒄣
nuŋun	KUL	𒆰
nuŋₓ	NUN	𒉣
nuška	|PA.TUG₂|	𒉺𒌆
nuška₂	|PA.LU|	𒉺𒇻
nušku₂	|PA.LU|	𒉺𒇻
nu₁₀	KU	𒆪
nu₁₁	NU₁₁	𒉢
nu₁₂	LU	𒇻
nu₁₃	|HI×NUN|	𒄴
nu₂	NA₂	𒈿
nu₃	NIM	𒉏
nu₄	LUM	𒈝
nu₅	KUL	𒆰
nu₆	NUN	𒉣
nu₇	AB@g	𒀕
nu₈	NA	𒈾
nu₉	LI	𒇷
nuₓ	|AB×(U.U.U)|	𒀔
o	O	
oo	OO	
pa	PA	𒉺
pab	PAP	𒉽
pabadₓ	|IGI.IGI|	𒅆𒅆
pad	PAD	𒉻
pada	PAD	𒉻
pad₂	BAD	𒁁
pad₃	|IGI.RU|	𒅆𒊒
pad₄	IGI	𒅆
pad₅	|PAP.E|	𒉽𒂊
pad₆	|PAP.IŠ|	𒉽𒅖
pag	HU	𒄷
pagra₃	|4×LU₂|	𒈔
pagraₓ	|LU₂@LU₂|	𒈓
pah	LUL	𒈜
pah₃	HU	𒄷
pak	HU	𒄷
pal	BAL	𒁄
pala	|NAM.LUGAL|	𒉆𒈗
pala₂	|NAM.EN|	𒉆𒂗
pala₃	|NAM.SAL.TUG₂|	𒉆𒎏
pala₄	BAL	𒁄
palaₓ	|NAM.EN.NA|	𒉆𒂗𒈾
palil	|IGI.DU|	𒅆𒁺
palil₂	|IGI.EŠ₂.DU.ERIN₂|	𒅆𒂠𒁺𒂟
pallilₓ	|IGI.EŠ₂.DU.ERIN₂|	𒅆𒂠𒁺𒂟
pan	PAN	𒉼
pana	PAN	𒉼
panaₓ	|ŠE.NUN&NUN|	𒌁
pansur	|URU×URUDA|	𒍎
panuₓ	|ZA.MUŠ₃@g.AB@g|	𒍝𒈽𒀕
panšur	|URU×URUDA|	𒍎
pan₂	LUL	𒈜
pan₃	IGI	𒅆
pap	PAP	𒉽
pap-ugur₂	|PAP.IGI@g|	𒉽𒅊
papadₓ	|IGI.IGI|	𒅆𒅆
papa₂	KA₂	𒆍
papnun	LAL₂	𒇳
paq	HU	𒄷
par	UD	𒌓
para	UD	𒌓
parag	BARA₂	𒁈
para₁₀	BARA₂	𒁈
para₂	BAR	𒁇
para₃	DAG	𒁖
para₄	|NI.GIŠ|	𒉌𒄑
para₅	|LAGAB×EN|	𒇃
para₆	|LAGAB×(ME.EN)|	𒇙
para₇	|LAGAB×IGI@g|	𒇋
para₈	|LAGAB×TAK₄|	𒇣
para₉	|LAGAB×LUL|	𒇗
parim	DU@s	𒁽
parimₓ	|PA.DU@s|	𒉺𒁽
parsa	|KUR.TI|	𒆳𒋾
par₂	BAR	𒁇
par₃	DAG	𒁖
par₄	KISAL	𒆦
par₅	PIR₂	𒎕
par₆	BARA₂	𒁈
par₇	DAG₃	𒍴
parₓ	BUR	𒁓
pat	PAD	𒉻
pata	PAD	𒉻
patru	GIR₂	𒄈
pat₂	BAD	𒁁
paṭ	PAD	𒉻
paṭ₂	BAD	𒁁
paṭₓ	IGI	𒅆
pa₁₀	IGI	𒅆
pa₁₂	PI	𒉿
pa₂	BA	𒁀
pa₃	|IGI.RU|	𒅆𒊒
pa₄	PAP	𒉽
pa₅	|PAP.E|	𒉽𒂊
pa₆	|PAP.IŠ|	𒉽𒅖
pa₇	HU	𒄷
pa₈	ŠID	𒋃
pa₉	ŠA₆	𒊷
paₓ	BAD	𒁁
pe	PI	𒉿
pel	NE	𒉈
pel₂	NE@s	𒉋
pel₅	NUNUZ	𒉭
per	UD	𒌓
per₂	PIR₂	𒎕
pes	HA@g	𒄫
pet	E₂	𒂍
pet₂	BAD	𒁁
peš	HA@g	𒄫
pešpešₓ	|UD.DU|	𒌓𒁺
pešše	MA	𒈠
peš₁₀	|KI.A|	𒆠𒀀
peš₁₁	HA	𒄩
peš₁₂	UD	𒌓
peš₁₃	|ŠA₃×TUR|	𒊴
peš₁₄	|ŠU.KAD₄|	𒋗𒆒
peš₂	PEŠ₂	𒉾
peš₃	MA	𒈠
peš₄	|ŠA₃×A|	𒊯
peš₅	KAD₄	𒆒
peš₆	KAD₅	𒆓
peš₇	TUR	𒌉
peš₈	|ŠU.GAN|	𒋗𒃶
pešₓ	|GA.KAD₃|	𒂵𒆑
pe₂	BI	𒁉
pe₃	BAD	𒁁
pe₄	KA	𒅗
pe₅	NE	𒉈
pi	PI	𒉿
pid	E₂	𒂍
pid₂	BAD	𒁁
pih	LUL	𒈜
pihu	|BI.U₂.SA.KA.KAK|	𒁉𒌑𒊓𒅗𒆕
pihu₂	|NUNUZ.AB₂×BI|	𒉯
pihu₃	|KA.KAK|	𒅗𒆕
pihu₄	|BI.U₂.SA|	𒁉𒌑𒊓
pihu₅	|BI.UŠ.SA|	𒁉𒍑𒊓
pihu₆	|NUNUZ.AB₂×IGI@g|	𒉲
pik	SIG	𒋝
pil	NE	𒉈
pil₂	NE@s	𒉋
pil₃	|GIŠ.NE@s|	𒄑𒉋
pil₄	|GIŠ.NE|	𒄑𒉈
pil₆	NU₁₁	𒉢
pil₇	PIRIG	𒊊
pin	APIN	𒀳
piq	SIG	𒋝
pir	UD	𒌓
pirig	PIRIG	𒊊
piriga	PIRIG	𒊊
pirig₂	UD	𒌓
pirig₃	|PIRIG×UD|	𒊌
piriŋ	PIRIG	𒊊
piriŋa	PIRIG	𒊊
piriŋ₂	UD	𒌓
piriŋ₃	|PIRIG×UD|	𒊌
piru	|GA₂×(A.IGI)|	𒂺
pir₂	PIR₂	𒎕
pir₃	|HI×ŠE|	𒄵
pir₆	NAM	𒉆
pis	HA@g	𒄫
pisag	GA₂	𒂷
pisag₂	ŠID	𒋃
pisag₃	|ŠID×A|	𒋄
pisagₓ	|GA₂×GI|	𒃍
pisan	GA₂	𒂷
pisan₂	ŠID	𒋃
pisan₃	|ŠID×A|	𒋄
pisanₓ	|GA₂×GI|	𒃍
pisaŋ	GA₂	𒂷
pisaŋ₂	ŠID	𒋃
pisaŋ₃	|ŠID×A|	𒋄
pisaŋₓ	MES	𒈩
pit	E₂	𒂍
pitru	GABA	𒃮
pit₂	BAD	𒁁
piš	HA@g	𒄫
piša	HA@g	𒄫
piš₁₀	|KI.A|	𒆠𒀀
piš₂	PEŠ₂	𒉾
piš₄	|ŠA₃×A|	𒊯
piš₅	KAD₄	𒆒
piš₆	KAD₅	𒆓
pišₓ	|KA×A.A|	𒅘𒀀
piṭ	E₂	𒂍
piṭₓ	BAD	𒁁
pi₂	BI	𒁉
pi₃	BAD	𒁁
pi₄	KA	𒅗
pi₅	NE	𒉈
pi₇	|GA₂×(A.IGI)|	𒂺
pi₈	BU	𒁍
pu	BU	𒁍
pu-udu	|KA×LU|	𒅳
puginₓ	|LAGAB×A|	𒆹
puglu	|ŠA₃.GI|	𒊮𒄀
puh	LUL	𒈜
puk	MUG	𒈮
pul	|LAGAB×(U.U.U)|	𒇧
pul₂	BUR₂	𒁔
pul₃	BAL	𒁄
pum	|KA×GAN₂@t|	𒅤
pumₓ	BALAG	𒁆
puq₂	HU	𒄷
pur	BUR	𒁓
puru	BUR	𒁓
pur₁₃	|PAP.PAP|	𒉽𒉽
pus	HA@g	𒄫
puta	ZAG	𒍠
pute	ZAG	𒍠
puti	ZAG	𒍠
putu	ZAG	𒍠
puzur	U	𒌋
puzur₂	|U.U|	𒎙
puzur₃	|U.ZAG|	𒌋𒍠
puzur₄	|KA×GAN₂@t.ŠA|	𒅤𒊭
puzur₅	|KA×GAN₂@t|	𒅤
puš₂	|PAP.HAL|	𒉽𒄬
puš₃	HA@g	𒄫
puš₄	DUN₃@g	𒂆
pu₁₁	U₂	𒌑
pu₂	|LAGAB×U|	𒇥
pu₃	|KA×GAN₂@t|	𒅤
pu₅	KA	𒅗
pu₆	|LAGAB×BAD|	𒇀
puₓ	TUR	𒌉
p₁	P₁	𒑰
p₂	P₂	𒑱
p₃	P₃	𒑲
p₄	P₄	𒑳
p₅	P₅	𒑴
qa	SILA₃	𒋡
qab	GABA	𒃮
qab₂	KAB	𒆏
qab₃	DA	𒁕
qad	ŠU	𒋗
qadma	GUD	𒄞
qadmaₓ	TAR	𒋻
qadmu	TAR	𒋻
qad₂	|ŠU.MIN|	𒋗𒈫
qad₃	GAD	𒃰
qad₆	KAD₂	𒆐
qal	GAL	𒃲
qal₃	|URU×MIN|	𒍇
qal₄	KAL	𒆗
qam	GAM	𒃵
qamaₓ	KAM₂	𒆚
qam₂	|HI×BAD|	𒄰
qamₓ	KAM₄	𒆛
qan	GAN	𒃶
qan₂	GI	𒄀
qap	GABA	𒃮
qaptu	DUGUD	𒂂
qap₂	KAB	𒆏
qaq	KAK	𒆕
qar	GAR₃	𒃼
qara₃	GAR	𒃻
qar₂	|TE.A|	𒋼𒀀
qar₃	GAR	𒃻
qat	ŠU	𒋗
qata	ŠU	𒋗
qati	|ŠU.MIN.ME.U.U.U|	𒋗𒈫𒎌
qat₂	|ŠU.MIN|	𒋗𒈫
qat₃	GAD	𒃰
qat₅	KAD₄	𒆒
qat₆	KAD₂	𒆐
qat₇	KAD₃	𒆑
qat₈	KAD₅	𒆓
qaṭ₃	GAD	𒃰
qa₂	GA	𒂵
qa₃	KA	𒅗
qa₄	|ŠU.MIN|	𒋗𒈫
qa₆	KAK	𒆕
qe	KIN	𒆥
qeb	|GIŠ%GIŠ|	𒄒
qel	LAGAB	𒆸
qep	|GIŠ%GIŠ|	𒄒
qer	HA@g	𒄫
qer₃	LAGAB	𒆸
qer₅	GAR₃	𒃼
qerₓ	GIR₃	𒄊
qet	KID	𒆤
qe₂	KI	𒆠
qe₃	GI	𒄀
qe₄	GI₄	𒄄
qi	KIN	𒆥
qib	|GIŠ%GIŠ|	𒄒
qid	KID	𒆤
qid₂	BU	𒁍
qid₄	GAD	𒃰
qil	LAGAB	𒆸
qili₂	|GI%GI|	𒄃
qil₂	|GI%GI|	𒄃
qim	DIM₂	𒁶
qimku	KINGUSILI	𒑜
qin	KIN	𒆥
qinₓ	|HI×AŠ₂|	𒄯
qip	|GIŠ%GIŠ|	𒄒
qiq	GIG	𒍼
qir	HA@g	𒄫
qiri	HA@g	𒄫
qir₃	LAGAB	𒆸
qir₆	|AB₂×GAN₂@t|	𒀘
qir₇	GIR₃	𒄊
qirₓ	KA	𒅗
qis	KIŠ	𒆧
qit	KID	𒆤
qit₂	BU	𒁍
qit₃	BAD	𒁁
qiš	KIŠ	𒆧
qišat	|ŠE.NUN&NUN|	𒌁
qišatₓ	|GIŠ×TAK₄|	𒄔
qi₂	KI	𒆠
qi₃	GI	𒄀
qi₄	GI₄	𒄄
qi₅	KID	𒆤
qi₆	KAK	𒆕
qu	GUM	𒄣
qub	DU	𒁺
qud	TAR	𒋻
qudma	TAR	𒋻
qudmaₓ	GUD	𒄞
qudmu	TAR	𒋻
qul	KUL	𒆰
qul₂	GUL	𒄢
qum	GUM	𒄣
qum₂	NE	𒉈
qum₃	LUM	𒈝
qumₓ	TAR	𒋻
qun	KUN	𒆲
qup	DU	𒁺
qup₂	|HUB₂×UD|	𒄽
qur	GUR	𒄥
quru	GUR	𒄥
qur₂	KUR	𒆳
qur₃	GAM	𒃵
qur₄	PAP	𒉽
qur₈	TE@g	𒋽
qur₉	LAGAB	𒆸
qut	TAR	𒋻
qutra	|KI.AN.IM|	𒆠𒀭𒅎
qutraₓ	|AN.IM|	𒀭𒅎
qutu	TAR	𒋻
qu₂	KU	𒆪
qu₃	GU	𒄖
qu₅	KU₃	𒆬
qu₆	GU₂	𒄘
ra	RA	𒊏
rab	RAB	𒊐
raba	RAB	𒊐
rabita	EDIN	𒂔
rab₂	GAL	𒃲
rab₃	LUGAL	𒈗
rab₄	KAL	𒆗
rad	SUD₂	𒋥
rad₂	|IM%IM|	𒅐
rag	SAL	𒊩
ragab₃	|KAB.UŠ|	𒆏𒍑
ragabₓ	|DA.UŠ|	𒁕𒍑
rah	LUH	𒈛
rah₂	RA	𒊏
rahₓ	|DU.DU|	𒁺𒁺
rak	SAL	𒊩
rak₀	|SAL.BAR|	𒊩𒁇
ram	|NINDA₂×NE|	𒉘
rama	|NINDA₂×NE|	𒉘
raman	KUR	𒆳
ramanu	KUR	𒆳
rammanu	KUR	𒆳
ram₀	EL	𒂖
ram₂	AŠ	𒀸
ramₓ	KUR	𒆳
rap	RAB	𒊐
rapiku	|DAG.KISIM₅×(PAP.PAP)|	𒁩
rapikum	|DAG.KISIM₅×(PAP.PAP)|	𒁩
rapiqu	|DAG.KISIM₅×(PAP.PAP)|	𒁩
rapiqu₂	IDIM	𒅂
raq	SAL	𒊩
raqₓ	ZUM	𒍮
ras	KASKAL	𒆜
rat	SUD₂	𒋥
rata	SUD₂	𒋥
razu	KUR	𒆳
raš	KASKAL	𒆜
rašu	KUR	𒆳
raš₂	TUK	𒌇
rašₓ	|GIŠ%GIŠ|	𒄒
raṭ	SUD₂	𒋥
ra₂	DU	𒁺
ra₃	UD	𒌓
ra₄	SUD₂	𒋥
ra₅	BU	𒁍
ra₆	AK	𒀝
raₓ	DU@s	𒁽
re	RI	𒊑
reb	KAL	𒆗
red	MES	𒈩
reg	ŠIM	𒋆
rek	ŠIM	𒋆
rem	LAGAB	𒆸
reme	LAGAB	𒆸
reme₂	AB₂	𒀖
rem₂	AB₂	𒀖
rep	KAL	𒆗
req	ŠIM	𒋆
res	SAG	𒊕
ret	MES	𒈩
reš	SAG	𒊕
reʾe	|PA.LU|	𒉺𒇻
reʾi	|PA.LU|	𒉺𒇻
re₁₂	KAK	𒆕
re₂	URU	𒌷
re₃	LAGAB	𒆸
re₆	DU	𒁺
re₇	|DU&DU|	𒁻
re₈	|MUŠ%MUŠ|	𒈸
reₓ	|DU.DU.DU.DU|	𒁺𒁺𒁺𒁺
ri	RI	𒊑
rib	KAL	𒆗
ribₓ	EDIN	𒂔
rid	MES	𒈩
rig	ŠIM	𒋆
rige₁₂	|DU.HUB₂|	𒁺𒄸
rig₁₀	|PA.DAG.KISIM₅×KAK|	𒉺𒁣
rig₁₁	|MES.RU|	𒈩𒊒
rig₁₂	|DU.HUB₂|	𒁺𒄸
rig₂	ZUM	𒍮
rig₃	|ŠITA.GIŠ|	𒋖𒄑
rig₅	RI	𒊑
rig₇	|PA.HUB₂.DU|	𒉺𒄸𒁺
rig₈	|PA.HUB₂|	𒉺𒄸
rig₉	|HUB₂.DU|	𒄸𒁺
rigₓ	|PA.DU@s.HUB₂|	𒉺𒁽𒄸
rih	LUH	𒈛
rik	ŠIM	𒋆
rik₂	ZUM	𒍮
rik₄	ŠEN	𒊿
rim	LAGAB	𒆸
rimu₂	AB₂	𒀖
rim₂	AB₂	𒀖
rim₃	|NE.RU|	𒉈𒊒
rim₄	DU@s	𒁽
rim₅	AŠ	𒀸
rimₓ	|RU.NE|	𒊒𒉈
rin	LAGAB	𒆸
rina₂	ERIN₂	𒂟
rin₂	ERIN₂	𒂟
rin₃	|LAGAB.LAGAB|	𒆸𒆸
rin₄	|MUŠ%MUŠ|	𒈸
rin₅	LU₂@s	𒈕
rin₆	KASKAL	𒆜
rinₓ	|LU₂@s+GAM|	𒈕𒃵
rip	KAL	𒆗
riq	ŠIM	𒋆
riq₂	ZUM	𒍮
ririg	|PA.DAG.KISIM₅×KAK|	𒉺𒁣
ris	SAG	𒊕
rit	MES	𒈩
rit₂	SUD₂	𒋥
rixₓ	TUM	𒌈
riŋ₂	ZUM	𒍮
riš	SAG	𒊕
riṭ	MES	𒈩
ri₁₀	EDIN	𒂔
ri₁₂	KAK	𒆕
ri₂	URU	𒌷
ri₃	LAGAB	𒆸
ri₄	ZUM	𒍮
ri₅	|NUN&NUN|	𒉪
ri₆	DU	𒁺
ri₇	|DU&DU|	𒁻
ri₈	|MUŠ%MUŠ|	𒈸
ri₉	LU₂@s	𒈕
riₓ	|NE.RU|	𒉈𒊒
ru	RU	𒊒
rub	KAL	𒆗
rud	SUD₂	𒋥
rug	ŠEN	𒊿
rug₂	|NAM.SU|	𒉆𒋢
ruh	LUH	𒈛
ruh₂	LU₂	𒇽
ruk	ŠEN	𒊿
rum	AŠ	𒀸
rum₂	|NE.RU|	𒉈𒊒
rum₃	NIM	𒉏
rumₓ	IGI	𒅆
ruq	ŠEN	𒊿
ruqu	ŠEN	𒊿
ruš	|HI.GIR₃|	𒍽
rušban	GUD	𒄞
rušpan	GUD	𒄞
ruṭ	SUD₂	𒋥
ru₁₀	TE@g	𒋽
ru₁₁	|URU×GAN₂@t|	𒌾
ru₁₂	EN	𒂗
ru₁₃	|EN×GAN₂@t|	𒂙
ru₁₄	|URU×A|	𒌸
ru₂	KAK	𒆕
ru₃	AŠ	𒀸
ru₄	|URU×UD|	𒍍
ru₅	|U.GUD|	𒌌
ru₆	EDIN	𒂔
ru₇	UR	𒌨
ru₈	|TA×HI|	𒋭
ru₉	URU	𒌷
ruₓ	TE	𒋼
sa	SA	𒊓
sab	|PA.IB|	𒉺𒅁
saba	|PA.IB|	𒉺𒅁
sabad	|GA₂×U|	𒃪
sabad₂	|GA₂×BAD|	𒂿
sabad₃	|GA₂×IGI@g|	𒃖
sabar	|ŠEG₉.BAR|	𒊾𒁇
sabar₂	ŠEG₉	𒊾
sabu	|SI.A.BUR₂|	𒋛𒀀𒁔
sad	KUR	𒆳
sadu	|DI.DI|	𒁲𒁲
sad₂	|GA₂×U|	𒃪
sad₃	|GA₂×BAD|	𒂿
sad₄	|GA₂×IGI@g|	𒃖
sadₓ	|E₂×U|	𒂓
sag	SAG	𒊕
saga₁₀	|IGI.ERIN₂|	𒅆𒂟
saga₁₁	KIN	𒆥
saga₇	GAN	𒃶
sagaₓ	KAL	𒆗
sagbar	|HI×AŠ₂|	𒄯
sagdu	|SAG×DU|	𒊗
sagdudu	|LAGAB×(ŠITA@t.GIŠ)|	𒇞
sagdul	|U.SAG|	𒌋𒊕
sagga	ŠID	𒋃
saggar	SAG	𒊕
saggar₂	|HI×AŠ₂|	𒄯
sagi	|SILA₃.ŠU.GABA|	𒋡𒋗𒃮
sagiaₓ	|SILA₃.ŠU.GABA|	𒋡𒋗𒃮
sagiₓ	ŠU	𒋗
sagkurini	DUB₂	𒂀
sagkurun	|DIN.KASKAL.U@g.DIŠ|	𒁸
sagman	|MAŠ.U.U|	𒈦𒎙
sagmaš	|BAD.KASKAL|	𒁁𒆜
sagmin	|MAŠ.U.U|	𒈦𒎙
sagminₓ	|SAG&SAG|	𒊧
sagmunzer	|SIK₂.MU.BU|	𒋠𒈬𒁍
sagmunzir	|SIK₂.MU.BU|	𒋠𒈬𒁍
sagtag	AŠ	𒀸
sagtag₃	AŠ@t	𒀹
sagtak	AŠ	𒀸
sagtak₃	AŠ@t	𒀹
sagtušₓ	|U.SAG|	𒌋𒊕
sagus	|UD.DU|	𒌓𒁺
saguš	|UD.DU|	𒌓𒁺
sagšu	|U.SAG|	𒌋𒊕
sag₁₀	|IGI.ERIN₂|	𒅆𒂟
sag₁₁	KIN	𒆥
sag₁₂	IGI@g	𒅊
sag₁₃	ŠE	𒊺
sag₂	|PA.GAN|	𒉺𒃶
sag₃	PA	𒉺
sag₄	LUGAL	𒈗
sag₅	ŠID	𒋃
sag₆	NISAG	𒉠
sag₇	GAN	𒃶
sag₈	KAL	𒆗
sag₉	ŠA₆	𒊷
sagₓ	AN	𒀭
sah	KID	𒆤
saha	ŠUBUR	𒋚
sahab	|ŠU.DIŠ|	𒋗𒁹
sahab₂	|ŠU.DI.U.U.U|	𒋗𒁲𒌍
sahabₓ	|ŠU.SI.DI|	𒋗𒋛𒁲
sahan	MUŠ	𒈲
sahar	IŠ	𒅖
sahardub	IŠ	𒅖
sahar₂	SAR	𒊬
saha₆	|HA.A|	𒄩𒀀
saha₇	|A×HA|	𒀄
sah₂	ŠUBUR	𒋚
sah₃	DUN	𒂄
sah₄	|GU%GU|	𒄗
sah₆	|HA.A|	𒄩𒀀
sah₇	|A×HA|	𒀄
sahₓ	|A.HA|	𒀀𒄩
sak	SAG	𒊕
saka	KIN	𒆥
sakar	SAR	𒊬
sakarₓ	NU₁₁	𒉢
sakkan	GIR₃	𒄊
sakkan₂	|GIR₃.GA₂×PA.A.AN|	𒄊𒃢𒀀𒀭
sak₃	PA	𒉺
sak₆	ZAG	𒍠
sal	SAL	𒊩
sala	SAL	𒊩
salagud	DI	𒁲
salah	UD	𒌓
salamₓ	|IGI@g.ALAN|	𒅊𒀩
sala₄	SILA₃	𒋡
salgud	DI	𒁲
salim	DI	𒁲
salubug₂	DIŠ	𒁹
salugub	AŠ	𒀸
salugub₂	DIŠ	𒁹
sal₂	DI	𒁲
sal₃	NI	𒉌
sal₄	SILA₃	𒋡
salₓ	|GA₂×PA|	𒃢
sam	U₂	𒌑
samag	DUB	𒁾
samag₂	|UM×ŠA₃|	𒌠
samag₃	|UM×U|	𒌡
samag₄	|UM×U.LAGAB|	𒌡𒆸
samag₅	|UM×LAGAB|	𒌞
samag₆	IGI@g	𒅊
samagₓ	UM	𒌝
saman	|EŠ₂.SUD.NUN.EŠ₂.TU|	𒂠𒋤𒉣𒂠𒌅
samannu	|IŠ.URUDA|	𒅖𒍏
samanur	|IŠ.URUDA|	𒅖𒍏
samanurₓ	|EŠ₂.SUD.NUN.EŠ₂.TU|	𒂠𒋤𒉣𒂠𒌅
saman₄	|U.GAN|	𒌋𒃶
saman₅	|NUNUZ.AB₂×AŠGAB|	𒉮
samanₓ	|A.PA.BI.SI.A.GA|	𒀀𒉺𒁉𒋛𒀀𒂵
samun⁺	|EŠ₂.SUD.NUN.EŠ₂.TU|	𒂠𒋤𒉣𒂠𒌅
sam₂	|NINDA₂×ŠE|	𒉚
samₓ	|NINDA₂×AN|	𒉓
san	SAG	𒊕
sandak₄	DIŠ	𒁹
sandaₓ	ŠID	𒋃
sanga	ŠID	𒋃
sanga₂	SANGA₂	𒊫
sangaₓ	EGIR	𒂕
sangu	ŠID	𒋃
santa	AŠ	𒀸
santag	AŠ	𒀸
santag₂	GE₂₂	𒍻
santag₃	AŠ@t	𒀹
santag₄	DIŠ	𒁹
santak	AŠ	𒀸
santak₂	GE₂₂	𒍻
santak₃	AŠ@t	𒀹
santak₄	DIŠ	𒁹
santan	|GAL.NI|	𒃲𒉌
santana	|GAL.NI|	𒃲𒉌
santa₂	GE₂₂	𒍻
santa₃	AŠ@t	𒀹
santa₄	DIŠ	𒁹
san₂	ŠEN	𒊿
san₃	|NINDA₂×AN|	𒉓
sap	|PA.IB|	𒉺𒅁
saparu	|LU₂.ME.EN|	𒇽𒈨𒂗
sap₂	ERIN₂	𒂟
sap₃	|PA.LU|	𒉺𒇻
saq	SAG	𒊕
sar	SAR	𒊬
sara	SAR	𒊬
saragaₓ	|SAG.HUB₂.DU|	𒊕𒄸𒁺
sara₂	ŠAR₂	𒊹
sare₂	ŠAR₂	𒊹
sargad	|HI×GAD|	𒄲
sariₓ	SAR	𒊬
sarsa	|SAR.SAR|	𒊬𒊬
sar₂	ŠAR₂	𒊹
sar₃	NI	𒉌
sar₄	SUD	𒋤
sar₅	MUŠ₃	𒈹
sar₆	|LAGAB×SUM|	𒇡
sar₇	LUL	𒈜
sar₈	SUM	𒋧
sarₓ	|A.LAGAB×KUL|	𒀀𒇒
sas	|KI.KAL|	𒆠𒆗
sasₓ	KI	𒆠
sat	KUR	𒆳
sata	KUR	𒆳
saŋ	SAG	𒊕
saŋa	SAG	𒊕
saŋa₂	SANGA₂	𒊫
saŋa₈	ŠID	𒋃
saŋaₓ	|IL₂.KID.DUB₂|	𒅍𒆤𒂀
saŋdu	|SAG×DU|	𒊗
saŋdudu	|LAGAB×(ŠITA@t.GIŠ)|	𒇞
saŋdul	|U.SAG|	𒌋𒊕
saŋdulₓ	|U.KA|	𒌋𒅗
saŋduₓ	SAG	𒊕
saŋeš	|MAŠ.U.U.U|	𒈦𒌍
saŋkurini	DUB₂	𒂀
saŋkurun	|DIN.KASKAL.U@g.DIŠ|	𒁸
saŋman	|MAŠ.U.U|	𒈦𒎙
saŋmaš	|BAD.KASKAL|	𒁁𒆜
saŋmin	|MAŠ.U.U|	𒈦𒎙
saŋminₓ	SAG	𒊕
saŋtak	AŠ	𒀸
saŋtak₂	GE₂₂	𒍻
saŋtak₃	AŠ@t	𒀹
saŋtak₄	DIŠ	𒁹
saŋtaₓ	AŠ@t	𒀹
saŋturₓ	|U.SAG|	𒌋𒊕
saŋtušₓ	|U.SAG|	𒌋𒊕
saŋtuₓ	|U.SAG|	𒌋𒊕
saŋus	|UD.DU|	𒌓𒁺
saŋuš	|UD.DU|	𒌓𒁺
saŋŋa	ŠID	𒋃
saŋŋar	SAG	𒊕
saŋŋar₂	|HI×AŠ₂|	𒄯
saŋŋaₓ	|E₂.BAR|	𒂍𒁇
saŋšu	|U.SAG|	𒌋𒊕
saŋ₄	LUGAL	𒈗
saŋ₅	ŠID	𒋃
saŋ₆	NISAG	𒉠
saŋₓ	|U.ŠA|	𒌋𒊭
sa₁₀	|NINDA₂×ŠE|	𒉚
sa₁₁	SI@g	𒋜
sa₁₂	SAG	𒊕
sa₁₃	|IGI.ERIN₂|	𒅆𒂟
sa₁₄	KAL	𒆗
sa₁₅	GAR	𒃻
sa₁₆	UD	𒌓
sa₁₇	|ŠU₂.NAGA|	𒋙𒉀
sa₁₈	BI	𒁉
sa₁₉	ŠA₃	𒊮
sa₂	DI	𒁲
sa₂₀	ŠA	𒊭
sa₂₁	ŠEG₉	𒊾
sa₃	ZA	𒍝
sa₄	|HU.NA₂|	𒄷𒈿
sa₅	|SI.A|	𒋛𒀀
sa₆	ŠA₆	𒊷
sa₇	IGI@g	𒅊
sa₇-alan	|IGI@g.ALAN|	𒅊𒀩
sa₈	AN	𒀭
sa₉	MAŠ	𒈦
saₓ	|GU%GU|	𒄗
se	SI	𒋛
sedi₄	|MUŠ₃.DI|	𒈹𒁲
sedi₆	MUŠ₃	𒈹
sedi₇	MUŠ₃@g	𒈽
sed₄	|MUŠ₃.DI|	𒈹𒁲
sed₆	MUŠ₃	𒈹
sed₇	MUŠ₃@g	𒈽
sedₓ	A	𒀀
seg	SIG	𒋝
segga	ŠEG₉	𒊾
seg₁₀	SUM	𒋧
seg₁₁	|PA.GAN|	𒉺𒃶
seg₁₄	ŠEG₉	𒊾
seg₁₅	KAL	𒆗
seg₁₆	GAN	𒃶
seg₁₇	GI	𒄀
seg₁₈	KIN	𒆥
seg₂	SIK₂	𒋠
seg₃	PA	𒉺
seg₄	SIG₄	𒋞
seg₅	|IGI.ERIN₂|	𒅆𒂟
seg₆	ŠA₆	𒊷
seg₇	IGI@g	𒅊
seg₈	|GAD.TAK₄.GIŠ|	𒃰𒋺𒄑
seg₉	SI	𒋛
seh₂	KID	𒆤
sek	SIG	𒋝
sel	TAR	𒋻
sem	ŠIM	𒋆
sem₃	|AB₂×ŠA₃|	𒀚
sem₅	|AB₂×GAN₂@t|	𒀘
sep	ME	𒈨
ser	SUD	𒋤
sermuššu	|IGI@g.TAK₄.ALAN|	𒅊𒋺𒀩
ser₂	BU	𒁍
ser₃	EZEN	𒂡
ses	ŠEŠ	𒋀
se₁₁	SIG	𒋝
se₁₂	IGI@g	𒅊
se₁₅	SAR	𒊬
se₂	ZI	𒍣
se₂₀	ZE₂	𒍢
se₂₅	|MUŠ₃.DI|	𒈹𒁲
se₂₇	MUŠ₃	𒈹
se₂₈	MUŠ₃@g	𒈽
se₃	SUM	𒋧
se₃₀	LUL	𒈜
se₈	DI	𒁲
si	SI	𒋛
sib	ME	𒈨
siba	|PA.LU|	𒉺𒇻
sibad	|PA.LU|	𒉺𒇻
sibir	|U.EN×GAN₂@t|	𒌋𒂙
sibir₂	|EN×GAN₂@t|	𒂙
sib₂	|PA.LU|	𒉺𒇻
sib₃	ZIB	𒍦
sidar	|IM.UD|	𒅎𒌓
sidra	EZEN	𒂡
sidug	|LAGAB×DAR|	𒇂
siduga₂	|LAGAB×GA|	𒇄
sidugaₓ	|LAGAB×TAG|	𒇢
sidugga	|LAGAB×DAR|	𒇂
sidugga₂	|LAGAB×GA|	𒇄
sidugga₃	|LAGAB×TAG|	𒇢
sidug₂	|LAGAB×GA|	𒇄
sid₂	ŠID	𒋃
sig	SIG	𒋝
siga	SIG	𒋝
siga₁₈	KIN	𒆥
sigaₓ	|ŠU₂.NAGA|	𒋙𒉀
sigga	ŠEG₉	𒊾
sigga₂	PA	𒉺
sig₁₀	SUM	𒋧
sig₁₁	|PA.GAN|	𒉺𒃶
sig₁₄	ŠEG₉	𒊾
sig₁₅	KAL	𒆗
sig₁₆	GAN	𒃶
sig₁₇	GI	𒄀
sig₁₈	KIN	𒆥
sig₁₉	SAR	𒊬
sig₂	SIK₂	𒋠
sig₃	PA	𒉺
sig₄	SIG₄	𒋞
sig₅	|IGI.ERIN₂|	𒅆𒂟
sig₆	ŠA₆	𒊷
sig₇	IGI@g	𒅊
sig₈	|GAD.TAK₄.GIŠ|	𒃰𒋺𒄑
sig₉	SI	𒋛
sigₓ	ERIN₂	𒂟
sih	ŠUBUR	𒋚
sih₂	KID	𒆤
sih₄	MUŠ₃@g	𒈽
sih₅	|GU%GU|	𒄗
sik	SIG	𒋝
siki	SIK₂	𒋠
sikil	EL	𒂖
sikin	|SIK₂.LAM|	𒋠𒇴
siki₂	UD	𒌓
sikiₓ	|PA.GAN|	𒉺𒃶
sikkuₓ	|IGI.GAR|	𒅆𒃻
sik₁₀	SUM	𒋧
sik₂	SIK₂	𒋠
sil	TAR	𒋻
sila	TAR	𒋻
silag	ŠID	𒋃
silaku	|GA₂×PA|	𒃢
silal	|EZEN×A|	𒂢
silalₓ	|EZEN×KU₃|	𒂮
silaŋ	ŠID	𒋃
sila₁₁	ŠID	𒋃
sila₃	SILA₃	𒋡
sila₄	|GA₂×PA|	𒃢
silaₓ	LAK636	𒔌
silig	|URU×IGI|	𒍂
silig₂	|TAG×UD|	𒋹
silig₃	|TAG×TUG₂|	𒋸
silig₄	|TAG×GUD|	𒋵
silig₅	|URU×URUDA|	𒍎
silig₆	|KA×ŠID|	𒆂
silim	DI	𒁲
silima	DI	𒁲
silima₂	KAL	𒆗
silim₂	KAL	𒆗
siliₓ	DI	𒁲
sillal	|EZEN×UD|	𒂴
sil₁₀	|EZEN×UD|	𒂴
sil₂	NUN	𒉣
sil₃	SILA₃	𒋡
sil₄	MI	𒈪
sil₅	|EZEN×KASKAL|	𒂬
sil₆	|EZEN×A|	𒂢
sil₇	|EZEN×(A.LAL)|	𒂣
sil₈	ŠIR	𒋓
sil₉	|EZEN×(A.LAL₂)|	𒂤
silₓ	EZEN	𒂡
sim	NAM	𒉆
simed	AŠ	𒀸
simig	DUB	𒁾
simigₓ	|UM×U|	𒌡
simug	UMUM	𒌣
simuggalₓ	|GAL.UMUM|	𒃲𒌣
simugₓ	|UMUM×PA|	𒌥
sim₂	SUM	𒋧
sim₃	DI	𒁲
sim₄	LAGAB	𒆸
sim₅	ZUM	𒍮
simₓ	GIG	𒍼
sin	|U.U.U|	𒌍
sin₂	NAM	𒉆
sin₃	|EN.ZU|	𒂗𒍪
sinₓ	ŠID	𒋃
sip	ME	𒈨
sipa	|PA.LU|	𒉺𒇻
sipad	|PA.LU|	𒉺𒇻
sipar	|UD.KA.BAR|	𒌓𒅗𒁇
sipa₂	|PA.IB|	𒉺𒅁
sippar	|UD.GIŠ%GIŠ.NUN|	𒌓𒄒𒉣
sip₂	|PA.LU|	𒉺𒇻
sip₃	ZIB	𒍦
sip₄	|PA.IB|	𒉺𒅁
siq	SIG	𒋝
siqqa	PA	𒉺
siqqaₓ	ŠA₆	𒊷
sir	SUD	𒋤
sirara	|AB×HA|	𒀏
siraran	|AB×HA|	𒀏
sirara₂	|UD.MA₂.AB×HA.ŠIR|	𒌓𒈣𒀏𒋓
sirara₃	|UD.MA₂.AB×HA.TAG|	𒌓𒈣𒀏𒋳
sirara₄	|UD.MA₂.AB×HA|	𒌓𒈣𒀏
sirara₅	AB@g	𒀕
sirara₆	|UD.MA₂.AB×HA.KI.TAG|	𒌓𒈣𒀏𒆠𒋳
siraraₓ	|AB×HA.TAG|	𒀏𒋳
siraš	ŠIM	𒋆
siraš₂	|ŠIM×A|	𒋇
siraš₃	|ŠIM×GAR|	𒋋
sirda	EZEN	𒂡
sirig	|PA.DAG.KISIM₅×KAK|	𒉺𒁣
sirim₂	EZEN	𒂡
siris	ŠIM	𒋆
siris₂	|ŠIM×A|	𒋇
siris₃	|ŠIM×GAR|	𒋋
siris₄	BI	𒁉
siris₅	|BI.MI|	𒁉𒈪
siriš	ŠIM	𒋆
sirmuššu	|IGI@g.TAK₄.ALAN|	𒅊𒋺𒀩
sirsir	|BU&BU.AB|	𒁎
siru	ŠIR	𒋓
sirum	ŠIR	𒋓
sir₂	BU	𒁍
sir₃	EZEN	𒂡
sir₄	ŠIR	𒋓
sir₅	NU	𒉡
sis	ŠEŠ	𒋀
sisaₓ	DI	𒁲
sishe	|GU%GU.GU%GU|	𒄗𒄗
sisi	|ANŠE.KUR.RA|	𒀲𒆳𒊏
siskur	|AMAR×ŠE|	𒀬
siskur₂	|AMAR×ŠE.AMAR×ŠE|	𒀬𒀬
siskurₓ	|MU&MU|	𒈭
sissiₓ	GI	𒄀
sit₂	ŠID	𒋃
siu	DE₂	𒌤
sizkur	|AMAR×ŠE|	𒀬
sizkur₂	|AMAR×ŠE.AMAR×ŠE|	𒀬𒀬
siš	ŠEŠ	𒋀
siškur	|AMAR×ŠE|	𒀬
siškur₂	|AMAR×ŠE.AMAR×ŠE|	𒀬𒀬
si₁₁	SIG	𒋝
si₁₂	IGI@g	𒅊
si₁₃	NAM	𒉆
si₁₄	DUG	𒂁
si₁₅	SAR	𒊬
si₁₇	IGI	𒅆
si₁₈	|KA×BALAG|	𒅝
si₁₉	|KA×UD|	𒆉
si₂	ZI	𒍣
si₂₀	ZE₂	𒍢
si₂₁	KAL	𒆗
si₂₂	GI	𒄀
si₂₃	GUL	𒄢
si₂₉	PA	𒉺
si₃	SUM	𒋧
si₃₀	|ŠE.NUN&NUN|	𒌁
si₄	SI@g	𒋜
si₅	|IGI.EŠ₂|	𒅆𒂠
si₆	LU	𒇻
si₇	DE₂	𒌤
si₈	DI	𒁲
siₓ	BU	𒁍
su	SU	𒋢
sub	|KA×GA|	𒅢
suba	|ZA.MUŠ₃@g|	𒍝𒈽
subar	ŠUBUR	𒋚
subarrumₓ	ARAD	𒀴
suba₂	|ZA.MUŠ₃|	𒍝𒈹
suba₃	|MUŠ₃.ZA|	𒈹𒍝
suba₄	MUŠ₃	𒈹
subaₓ	|PA.LU|	𒉺𒇻
subi	|ZA.MUŠ₃@g|	𒍝𒈽
subir	ŠUBUR	𒋚
subi₂	|ZA.MUŠ₃|	𒍝𒈹
subi₃	|MUŠ₃.ZA|	𒈹𒍝
subi₄	MUŠ₃	𒈹
subu	TAG	𒋳
subur	ŠUBUR	𒋚
subur₂	LUH	𒈛
suburₓ	ARAD	𒀴
sub₂	|DU&DU|	𒁻
sub₃	|GU₂×NUN|	𒄛
sub₄	|KA×EŠ₂|	𒅡
sub₅	MUNSUB	𒈰
sub₆	TAG	𒋳
sub₇	RU	𒊒
subₓ	|DAG.KISIM₅×GA|	𒁛
sud	SUD	𒋤
sud₂	SUD₂	𒋥
sud₃	|SU.KUR.RU|	𒋢𒆳𒊒
sud₄	BU	𒁍
sud₅	|EZEN×KASKAL|	𒂬
sudₓ	NU₁₁	𒉢
suen	|EN.ZU|	𒂗𒍪
suena	|EN.ZU|	𒂗𒍪
sug	|LAGAB×A|	𒆹
sugal	|ZA.MUŠ₃@g.AB@g|	𒍝𒈽𒀕
sugal₂	|ZA.MUŠ₃.AB@g|	𒍝𒈹𒀕
sugal₃	|MUŠ₃.AB@g|	𒈹𒀕
sugal₄	|MUŠ₃.ZA.AB@g|	𒈹𒍝𒀕
sugal₅	|MUŠ₃.AB|	𒈹𒀊
sugal₆	|AB.MUŠ₃|	𒀊𒈹
sugal₇	LUH	𒈛
sugin	BAD	𒁁
sugiₓ	|LAGAB×A|	𒆹
sug₂	|DU&DU|	𒁻
sug₄	SUD	𒋤
sug₅	DUN₃	𒂅
sug₆	SU	𒋢
sug₇	|KA×LI|	𒅲
sug₈	|LAGAR×ŠE|	𒇭
sug₉	NUNUZ	𒉭
sugₓ	BU	𒁍
suh	MUŠ₃@g	𒈽
suhirim	|LAGAR×(ŠE.SUM)|	𒇮
suhirin	|LAGAR×(ŠE.SUM)|	𒇮
suhub	|ŠU₂.3×AN|	𒋙𒀯
suhub₂	|3×AN|	𒀯
suhub₃	|ŠU.DIŠ|	𒋗𒁹
suhub₄	|ŠU.DI.U.U.U|	𒋗𒁲𒌍
suhub₅	|ŠU.GA|	𒋗𒂵
suhul	|ŠU₂.3×AN|	𒋙𒀯
suhul₂	|IM.DUN₃@g@g.DUN|	𒅎𒂇𒂄
suhul₃	|IM.DUN.DUN₃@g@g|	𒅎𒂄𒂇
suhur	SUHUR	𒋦
suhurₓ	KA	𒅗
suhuš	DU@g	𒁼
suhuš₂	|ŠA₆.TUR|	𒊷𒌉
suhušₓ	|NINDA₂×UŠ|	𒉟
suh₁₀	MUŠ₃	𒈹
suh₂	SUHUR	𒋦
suh₃	|GU%GU|	𒄗
suh₄	KID	𒆤
suh₅	KU	𒆪
suh₆	DU@g	𒁼
suh₇	MU	𒈬
suhₓ	MUŠ	𒈲
suk	|LAGAB×A|	𒆹
sukal	LUH	𒈛
sukkal	LUH	𒈛
sukkalgalₓ	|GAL.LUH|	𒃲𒈛
sukkal₂	|SAL.HUB₂|	𒊩𒄸
sukkal₃	|SAL.AL|	𒊩𒀠
sukud₂	MUŠ₃@g	𒈽
sukud₃	MUŠ₃	𒈹
sukuš	MUŠ₃	𒈹
suku₄	|KI.URU×MIN|	𒆠𒍇
suku₅	MUŠ₃@g	𒈽
suku₆	MUŠ₃	𒈹
sukuₓ	LIL	𒇸
suk₃	|URU×MIN|	𒍇
sul	DUN	𒂄
sulgar	|ŠU₂.3×AN|	𒋙𒀯
suliliₓ	|PA.URU×MIN|	𒉺𒍇
sullat	IDIM	𒅂
sullat₂	PA	𒉺
sullim	|EN×GAN₂@t|	𒂙
sulu	TAR	𒋻
sulug	LUL	𒈜
suluhu	|SIK₂.SUD|	𒋠𒋤
suluhu₂	|SIK₂.BU|	𒋠𒁍
suluhu₃	|ZI&ZI.A|	𒍤𒀀
suluhu₄	|LAGAB×A.LUM|	𒆹𒈝
suluhuₓ	|A.ZI&ZI|	𒀀𒍤
sululₓ	|LAGAR×ŠE|	𒇭
sulumhi	|SIK₂.SUD|	𒋠𒋤
sulumhi₂	|SIK₂.BU|	𒋠𒁍
sulumhi₃	|ZI&ZI.A|	𒍤𒀀
sulumhi₄	|LAGAB×A.LUM|	𒆹𒈝
sulummar	|KI.SAG.DU|	𒆠𒊕𒁺
sulummar₂	|KI.SAG@n.DU|	𒆠𒊔𒁺
sulumₓ	|KI.SAG.DU|	𒆠𒊕𒁺
sulun	LUL	𒈜
sul₂	NI	𒉌
sul₃	|KA×SA|	𒅾
sul₄	|LAGAR×ŠE|	𒇭
sulₓ	|KA×KID|	𒅱
sum	SUM	𒋧
sumaš	SUMAŠ	𒋨
sumu	SUM	𒋧
sumug	DUB	𒁾
sumugan	GIR₃	𒄊
sumuganₓ	ANŠE	𒀲
sumugga	GIR₃	𒄊
sumug₂	|UM×ŠA₃|	𒌠
sumug₃	|UM×U|	𒌡
sumug₄	|UM×U.LAGAB|	𒌡𒆸
sumug₅	|UM×LAGAB|	𒌞
sumugₓ	UM	𒌝
sumukan	GIR₃	𒄊
sumun	TIL	𒌀
sumuna₂	GUL	𒄢
sumunda	|LAGAR@g&LAGAR@g.ŠE|	𒇰
sumunu₂	GUL	𒄢
sumun₂	GUL	𒄢
sumunₓ	|AB₂.TUG₂|	𒀖𒌆
sumuqan	GIR₃	𒄊
sumur	SAG@g	𒊨
sumur₂	SUHUR	𒋦
sumur₃	MUNSUB	𒈰
sumurₓ	KA	𒅗
sumuₓ	KA	𒅗
sum₂	ZUM	𒍮
sum₃	SU	𒋢
sum₄	|KA×SA|	𒅾
sum₅	ZIB	𒍦
sum₆	TAG	𒋳
sumₓ	|AŠ@k&AŠ@k&AŠ@k&AŠ@k|	𒍧
sun	TIL	𒌀
suna	TIL	𒌀
suna₂	GUL	𒄢
sunaₓ	KAL	𒆗
sungin	BAD	𒁁
sun₂	GUL	𒄢
sun₃	SUM	𒋧
sun₄	|KA×SA|	𒅾
sun₅	BUR₂	𒁔
sun₆	ŠEN	𒊿
sun₇	KAL	𒆗
sunₓ	|KA×KID|	𒅱
sup₂	|DU&DU|	𒁻
suq	|LAGAB×A|	𒆹
sur	SUR	𒋩
sura	SUR	𒋩
sura₁₀	|MA₂.IGI@g|	𒈣𒅊
sura₁₂	|LAGAR×ŠE|	𒇭
sura₁₃	|EŠ₂.KA|	𒂠𒅗
sura₉	SUR₉	𒋪
surengal	|A.LAGAB×HAL.UD.NUN.KI|	𒀀𒇉𒌓𒉣𒆠
surgal	|A.LAGAB×HAL.UD.NUN.KI|	𒀀𒇉𒌓𒉣𒆠
suri	TUM	𒌈
surra₁₃	|EŠ₂.KA|	𒂠𒅗
surraₓ	|MA₂.LIŠ|	𒈣𒇺
surru	SUR₉	𒋪
surru₂	|MA₂.IGI@g|	𒈣𒅊
suruen	|EN.ŠEŠ|	𒂗𒋀
suruengal	|UD.NUN|	𒌓𒉣
surugal	|UD.NUN|	𒌓𒉣
surungal	|UD.NUN|	𒌓𒉣
surungalₓ	|ERIN₂.NUN.NA|	𒂟𒉣𒈾
suru₅	LAL	𒇲
sur₁₀	|MA₂.IGI@g|	𒈣𒅊
sur₁₁	KU	𒆪
sur₁₂	|LAGAR×ŠE|	𒇭
sur₁₄	SAG	𒊕
sur₂	SAG@g	𒊨
sur₃	|HI×AŠ|	𒄮
sur₄	|ŠA₃×A|	𒊯
sur₅	LAL	𒇲
sur₆	|KI.GAL|	𒆠𒃲
sur₇	|KI.KAK|	𒆠𒆕
sur₈	|LAGAB×SUM|	𒇡
sur₉	SUR₉	𒋪
surₓ	AMAR	𒀫
sus	MUŠ₃@g	𒈽
susan	|MUŠ₃.EREN|	𒈹𒂞
susbu	|MUŠ₃@g.BU|	𒈽𒁍
susbu₂	MUŠ₃@g	𒈽
susbu₃	|MUŠ₃.BU|	𒈹𒁍
susbu₄	MUŠ₃	𒈹
susin	|MUŠ₃.EREN|	𒈹𒂞
susina	|MUŠ₃.EREN|	𒈹𒂞
suslug	|ŠU.LUL|	𒋗𒈜
susu	SUD₂	𒋥
sus₂	MUŠ₃	𒈹
susₓ	SUD₂	𒋥
sutu	1(BAN₂)	𒑏
sutₓ	1(BAN₂)	𒑏
suz	MUŠ₃@g	𒈽
suzbu	|MUŠ₃@g.BU|	𒈽𒁍
suzbu₂	MUŠ₃@g	𒈽
suzbu₃	|MUŠ₃.BU|	𒈹𒁍
suz₂	MUŠ₃	𒈹
suš	KU	𒆪
sušbu	MUŠ₃@g	𒈽
suš₂	NI	𒉌
suš₃	BU	𒁍
sušₓ	IŠ	𒅖
su₁₀	MUŠ₃@g	𒈽
su₁₁	KA	𒅗
su₁₂	SUM	𒋧
su₁₃	BU	𒁍
su₁₄	ZUM	𒍮
su₁₅	BI	𒁉
su₁₆	BUR₂	𒁔
su₁₇	DUN	𒂄
su₁₈	DUN₃	𒂅
su₂	ZU	𒍪
su₂₀	ŠIM	𒋆
su₃	SUD	𒋤
su₄	SI@g	𒋜
su₅	KU	𒆪
su₆	|KA×SA|	𒅾
su₇	|LAGAR×ŠE|	𒇭
su₈	|DU&DU|	𒁻
su₉	|SI@g.A|	𒋜𒀀
suₓ	DU	𒁺
ta	TA	𒋫
tab	TAB	𒋰
taba	TAB	𒋰
tabira	|DUB.NAGAR|	𒁾𒉄
tab₂	GIR₂@g	𒄉
tab₄	TAB@t	󰂃
tabₓ	PAP	𒉽
tad	TAK₄	𒋺
tag	TAG	𒋳
taga	TAG	𒋳
tagrimₓ	|LAGAB×KU₃|	𒇑
tagrinₓ	|LAGAB×KU₃|	𒇑
tag₂	DAG	𒁖
tag₄	TAK₄	𒋺
tah	|MU&MU|	𒈭
taha	|MU&MU|	𒈭
tahta	|HUB₂×UD|	𒄽
tahtu	|HUB₂×UD|	𒄽
tah₂	GABA	𒃮
tah₃	MU	𒈬
tak	TAG	𒋳
taka	TAG	𒋳
taka₄	TAK₄	𒋺
takaₓ	BALAG	𒁆
tak₂	DAG	𒁖
tak₃	DAG₃	𒍴
tak₄	TAK₄	𒋺
tal	RI	𒊑
tala	RI	𒊑
tala₂	PI	𒉿
taltal	|PI%PI|	𒊉
tal₂	PI	𒉿
tal₃	AŠ	𒀸
tal₄	DIŠ	𒁹
tal₅	|KAD₅.KAD₅|	𒆓𒆓
talₓ	|GAD.TAK₄|	𒃰𒋺
tam	UD	𒌓
tama	UD	𒌓
tam₂	DAM	𒁮
tam₃	DIM	𒁴
tam₄	TUM	𒌈
tam₅	PIR₂	𒎕
tam₆	DIM₂	𒁶
tan	KAL	𒆗
tana	KAL	𒆗
tanaₓ	|GA₂×(ME.EN)|	𒃞
tan₂	|GA₂×(ME.EN)|	𒃞
tan₃	|GA₂×TAK₄|	𒃩
tan₄	|GA₂×GAN₂@t|	𒃋
tan₆	|UŠ×TAK₄|	𒍕
tan₇	|GA₂×DA|	𒃃
tan₈	UR	𒌨
tap	TAB	𒋰
tapa	TAB	𒋰
taq	TAG	𒋳
taq₂	DAG	𒁖
taq₃	DAG₃	𒍴
tar	TAR	𒋻
tara	TAR	𒋻
tarah	DARA₃	𒁰
tarah₂	DARA₄	𒁱
tara₃	DARA₃	𒁰
tara₄	DARA₄	𒁱
targul	|MA₂.MUG|	𒈣𒈮
tari	GUR	𒄥
tarim	|LAGAB×KU₃|	𒇑
taru	GUR	𒄥
taru₅	GI	𒄀
tar₂	DAR	𒁯
tar₃	DARA₃	𒁰
tar₅	GI	𒄀
tas	UR	𒌨
taskarin	TUG₂	𒌆
tat	TAK₄	𒋺
tatam	|UD.UD|	𒌓𒌓
tatge	|TAK₄.TAK₄|	𒋺𒋺
taz	UR	𒌨
taš	UR	𒌨
taša	UR	𒌨
taškarin	TUG₂	𒌆
taš₂	DIŠ	𒁹
taš₃	AŠ₂	𒀾
taṣ	UR	𒌨
ta₂	DA	𒁕
ta₃	TAG	𒋳
ta₄	DAM	𒁮
ta₅	UD	𒌓
ta₆	TAK₄	𒋺
ta₇	PI	𒉿
ta₈	HI	𒄭
ta₉	TUK	𒌇
taₓ	TA@g	𒋯
te	TE	𒋼
teb	DIB	𒁳
tebiru	|DUB.NAGAR|	𒁾𒉄
tegi	|BALAG.LUL|	𒁆𒈜
tegi₂	|LUL.BALAG|	𒈜𒁆
teg₃	TE	𒋼
tehe	DUB	𒁾
tehe₃	NIM	𒉏
tehi	DUB	𒁾
tehi₂	UM	𒌝
tehi₃	NIM	𒉏
tehi₄	IDIM	𒅂
teh₂	UM	𒌝
tek	GU₂	𒄘
tel	TIL	𒌀
telmun	|NI.TUK|	𒉌𒌇
tel₃	TI	𒋾
tem	DIM	𒁴
teme	NAGA	𒉀
temen	TE	𒋼
temennaₓ	TE	𒋼
teme₂	NAGA@180	𒉁
temₓ	TE	𒋼
ten	TE	𒋼
ten₂	DIN	𒁷
ten₃	DUN₃@g@g	𒂇
tenₓ	TE@g	𒋽
tep	DIB	𒁳
ter	|ŠE.NUN&NUN|	𒌁
ter₂	TAR	𒋻
ter₄	|SI.A|	𒋛𒀀
terₓ	|GIŠ×TAK₄|	𒄔
tes₂	UR	𒌨
teŋ₃	TE	𒋼
teŋ₄	TI	𒋾
teš	AŠ	𒀸
tešbi	U₂	𒌑
tešlug	|LU₂×LAGAB|	𒈊
tešub	IM	𒅎
teššela	|UR.A.EDIN|	𒌨𒀀𒂔
teššeru	|UR.A.EDIN|	𒌨𒀀𒂔
teš₂	UR	𒌨
te₁₀	DI	𒁲
te₂	TI₂	𒎗
te₃	NAGA	𒉀
te₄	NE	𒉈
te₅	TUG₂	𒌆
te₆	ŠID	𒋃
te₈	A₂	𒀉
te₉	TI	𒋾
teₓ	BAD	𒁁
ti	TI	𒋾
tib	DIB	𒁳
tibir	TAG	𒋳
tibira	|DUB.NAGAR|	𒁾𒉄
tibira₂	|KA×(GIŠ%GIŠ)|	𒅪
tibir₂	|TAG×ŠU|	𒋷
tibir₃	|TAG×UD|	𒋹
tibir₄	|TAG×TUG₂|	𒋸
tibir₅	|TAG×GUD|	𒋵
tibirₓ	KU	𒆪
tibₓ	KU	𒆪
tid	IM	𒅎
tidimₓ	|PA.ŠA₆|	𒉺𒊷
tidnum	|PIRIG@PIRIG|	𒊎
tidnumₓ	|ERIN₂+X|	𒒫
tigi	|BALAG.LUL|	𒁆𒈜
tigidla	|ŠA₃.TAR|	𒊮𒋻
tigidla₂	|ŠA₃.MIN.KASKAL|	𒊮𒈫𒆜
tigidla₃	|ŠA₃.MIN.DI|	𒊮𒈫𒁲
tigidlaₓ	|ŠA₃.MIN.TAR|	𒊮𒈫𒋻
tigi₂	|LUL.BALAG|	𒈜𒁆
tigiₓ	|KID.BALAG|	𒆤𒁆
tigu	|BALAG.LUL|	𒁆𒈜
tigu₂	|LUL.BALAG|	𒈜𒁆
tig₃	DUB₂	𒂀
tig₄	TI	𒋾
tik	GU₂	𒄘
tik₂	NI	𒉌
til	TIL	𒌀
tila	URI	𒌵
tila₃	TI	𒋾
tile	BAD	𒁁
tilhar	|GA₂×BAD|	𒂿
tilla	URI	𒌵
tilla₂	|AN.AŠ.AN|	𒀭𒀸𒀭
tilla₃	|AN.DIŠ.AN|	𒀭𒁹𒀭
tilla₄	|AN.AŠ.A.AN|	𒀭𒀸𒀀𒀭
tilla₅	|AN.AŠ@z.AN|	𒀭𒀹𒀭
tillaₓ	|AN&AN|	𒀮
tilmun	|NI.TUK|	𒉌𒌇
til₂	LAGAR@g	𒇯
til₃	TI	𒋾
til₄	AŠ	𒀸
til₅	DIŠ	𒁹
til₆	|KAD₅.KAD₅|	𒆓𒆓
til₇	PI	𒉿
til₈	KUL	𒆰
tilₓ	|KAD₅&KAD₅.KAD₅&KAD₅|	𒆔𒆔
tim	DIM	𒁴
timuaₓ	NA₂	𒈿
tim₂	TUM	𒌈
tim₃	DIN	𒁷
tin	DIN	𒁷
tinur	|LAGAB×IM|	𒇌
tinuru	|LAGAB×IM|	𒇌
tinur₂	|ŠU.LAGAB.NA|	𒋗𒆸𒈾
tinur₃	|LAGAB×GAR|	𒇅
tinurₓ	|ŠU.LAGAB|	𒋗𒆸
tin₃	DUN₃@g@g	𒂇
tinₓ	LAGAB	𒆸
tip	DIB	𒁳
tiq	GU₂	𒄘
tiq₂	NI	𒉌
tir	|ŠE.NUN&NUN|	𒌁
tirigi	|SAG.AN|	𒊕𒀭
tiru	|GAL.TE|	𒃲𒋼
tirum	|GAL.TE|	𒃲𒋼
tir₂	TAR	𒋻
tir₃	DAR	𒁯
tir₄	|SI.A|	𒋛𒀀
tir₅	PAN	𒉼
tirₓ	|GIŠ×TAK₄|	𒄔
tis₂	UR	𒌨
titab₂	|LU₃.PAP.PAP|	𒈖𒉽𒉽
titabₓ	|BARA₂.BI|	𒁈𒁉
tiz	DIŠ	𒁹
tiz₂	UR	𒌨
tiŋ₄	TI	𒋾
tiš	DIŠ	𒁹
tišdanₓ	ŠITA	𒋖
tiškarin	TUG₂	𒌆
tiškarini	TUG₂	𒌆
tiškurₓ	|AMAR×ŠE.AMAR×ŠE|	𒀬𒀬
tišpak	MUŠ₃@g	𒈽
tiš₂	UR	𒌨
tiṣ₂	UR	𒌨
ti₂	TI₂	𒎗
ti₃	DIM	𒁴
ti₄	DI	𒁲
ti₅	BAD	𒁁
ti₇	TE	𒋼
ti₈	A₂	𒀉
ti₉	NE	𒉈
tu	TU	𒌅
tub	DUB	𒁾
tuba	ME	𒈨
tubašin	KU₇	𒆯
tuba₂	|A.HA|	𒀀𒄩
tuba₃	ŠID	𒋃
tuba₄	TUG₂	𒌆
tubaₓ	EŠ₂	𒂠
tub₂	DUB₂	𒂀
tud	TU	𒌅
tudu	|PA.UZU|	𒉺𒍜
tud₂	|PA.UZU|	𒉺𒍜
tug	TUK	𒌇
tugir	|TUG₂.DU@s|	𒌆𒁽
tugul	|NAGAR.ZA@t|	𒉄𒍞
tugure	|KA×GAN₂@t|	𒅤
tug₂	TUG₂	𒌆
tug₃	DUG	𒂁
tug₄	|LAGAB×(U.U.U)|	𒇧
tug₇	|IM×TAK₄|	𒅏
tug₈	DUN₃	𒂅
tugₓ	LAK483	𒓺
tuh	DUH	𒂃
tuhu	GABA	𒃮
tuhul	|NAGAR.ZA@t|	𒉄𒍞
tuh₂	|MU&MU|	𒈭
tuh₃	MU	𒈬
tuk	TUK	𒌇
tuku	TUK	𒌇
tukul	KU	𒆪
tukula	KU	𒆪
tukul₂	|GIŠ.KU|	𒄑𒆪
tukulₓ	LAGAB	𒆸
tukum	|ŠU.GAR.TUR.LAL|	𒋗𒃻𒌉𒇲
tukumbi	|ŠU.GAR.TUR.LAL.BI|	𒋗𒃻𒌉𒇲𒁉
tukun	|ŠU.GAR.TUR.LAL|	𒋗𒃻𒌉𒇲
tukunbi	|ŠU.GAR.TUR.LAL.BI|	𒋗𒃻𒌉𒇲𒁉
tukur	LAGAB	𒆸
tukureₓ	|KA×ŠE|	𒆁
tukur₂	|KA×ŠE|	𒆁
tukur₃	|KA×U₂|	𒆈
tukurₓ	|KA×GAR|	𒅥
tuku₂	TUG₂	𒌆
tuku₄	|LAGAB×(U.U.U)|	𒇧
tuku₅	TAG	𒋳
tuku₆	LAGAB	𒆸
tukuₓ	HUB₂	𒄸
tuk₂	TUG₂	𒌆
tuk₃	DUG	𒂁
tuk₄	|LAGAB×(U.U.U)|	𒇧
tuk₇	|IM×TAK₄|	𒅏
tuk₈	|IM.KAD₃|	𒅎𒆑
tukₓ	HUB₂	𒄸
tul	|U.TUG₂|	𒌋𒌆
tul₂	|LAGAB×U|	𒇥
tul₄	TUR	𒌉
tul₅	LAGAR@g	𒇯
tul₆	DUN₄	𒂈
tul₇	UR@s	𒌪
tul₈	|LAGAB×BAD|	𒇀
tum	TUM	𒌈
tuma	KU	𒆪
tuma₂	DU	𒁺
tumga	LUL	𒈜
tumu	IM	𒅎
tumušₓ	TUG₂	𒌆
tumu₂	DU	𒁺
tumu₃	|NIM×GAN₂@t|	𒉐
tumu₄	NIM	𒉏
tum₁₀	DAM	𒁮
tum₁₁	|NIM×(GAR.GAN₂@t)|	𒉑
tum₁₂	TU	𒌅
tum₁₃	EGIR	𒂕
tum₂	DU	𒁺
tum₃	|NIM×GAN₂@t|	𒉐
tum₄	NIM	𒉏
tum₅	KU	𒆪
tum₈	DIM	𒁴
tum₉	IM	𒅎
tumₓ	HUB₂	𒄸
tun	|HUB₂×UD|	𒄽
tuna₃	DUN₃	𒂅
tunda	|PA.UZU|	𒉺𒍜
tungal	|EN.ZU|	𒂗𒍪
tungal₂	|EN.KI|	𒂗𒆠
tunur	|LAGAB×IM|	𒇌
tunŋal₂	|EN.KI|	𒂗𒆠
tun₂	HUB₂	𒄸
tun₃	DUN₃	𒂅
tun₄	DUN	𒂄
tunₓ	DUB₂	𒂀
tup	DUB	𒁾
tup₂	DUB₂	𒂀
tuq	TUK	𒌇
tuq₃	DUG	𒂁
tuqₓ	TUG₂	𒌆
tur	TUR	𒌉
tur-tur	|TUR.TUR|	𒌉𒌉
tura	TUR	𒌉
turan	|GU₂×KAK.GIŠ%GIŠ|	𒄙𒄒
turu	TUR	𒌉
turungal	|UD.NUN|	𒌓𒉣
turungalₓ	|A.LAGAB×HAL.UD.NUN.KI|	𒀀𒇉𒌓𒉣𒆠
tur₂	|GU₂×KAK|	𒄙
tur₃	|NUN.LAGAR|	𒉣𒇬
tur₄	|GIŠ%GIŠ|	𒄒
tur₅	TU	𒌅
tur₆	LAGAB	𒆸
tur₇	DUR₂	𒂉
tur₈	BU	𒁍
turₓ	|NUN.LAGAR×SAL|	𒉦
tutke	|LAGAB×(U.U.U).LAGAB×(U.U.U)|	𒇧𒇧
tutki	|LAGAB×(U.U.U).LAGAB×(U.U.U)|	𒇧𒇧
tutku	|LAGAB×(U.U.U).LAGAB×(U.U.U)|	𒇧𒇧
tuš	KU	𒆪
tuše	|A.DU|	𒀀𒁺
tušu	KU	𒆪
tuššuru	|A.DU|	𒀀𒁺
tu₁₀	|HUB₂×UD|	𒄽
tu₁₁	HUB₂	𒄸
tu₁₂	TUK	𒌇
tu₁₃	|LAGAB×(U.U.U)|	𒇧
tu₁₄	ŠID	𒋃
tu₁₅	IM	𒅎
tu₁₆	DUB₂	𒂀
tu₁₇	|A.ŠU.NAGA|	𒀀𒋗𒉀
tu₁₈	DUN₃	𒂅
tu₁₉	TUR	𒌉
tu₂	UD	𒌓
tu₂₀	KAK	𒆕
tu₂₁	LAGAR@g	𒇯
tu₂₂	NAGA	𒉀
tu₂₃	|NAGA×ŠU@t|	𒉂
tu₂₄	GABA	𒃮
tu₂₅	|NIM×GAN₂@t|	𒉐
tu₃	DU	𒁺
tu₄	TUM	𒌈
tu₅	|ŠU.NAGA|	𒋗𒉀
tu₆	|KA×LI|	𒅲
tu₇	|HI×BAD|	𒄰
tu₈	NIM	𒉏
tu₉	TUG₂	𒌆
tuₓ	|KA×GAN₂@t|	𒅤
u	U	𒌋
u-gun₃	|U.DAR|	𒌋𒁯
ua	|LAGAB×(GUD&GUD)|	𒇇
ua₂	DARA₄	𒁱
ua₄	|DAG.KISIM₅×(LU.MAŠ₂)|	𒁦
uaₓ	|LAGAB×GUD|	𒇆
ub	UB	𒌒
uba	UB	𒌒
ubar	|EZEN×KASKAL|	𒂬
ubara	|EZEN×KASKAL|	𒂬
ubaruₓ	|EZEN×KASKAL|	𒂬
uba₂	EŠ₂	𒂠
uba₅	|AB₂×TAK₄|	𒀛
ubda	UB	𒌒
ubdaₓ	KI	𒆠
ubilla	|GIŠ.NE@s|	𒄑𒉋
ubilla₂	|GIŠ.MI|	𒄑𒈪
ubisag	ŠID	𒋃
ubisag₂	|ŠID×A|	𒋄
ubišaga	|TAB&TAB.NI&NI.DIŠ&DIŠ|	𒋱
ubi₂	SUHUR	𒋦
ubiₓ	|ŠE.SUHUR|	𒓣
ubri	|IGI.KAK|	𒅆𒆕
ubrim	|IGI.KAK|	𒅆𒆕
ubri₂	|IGI.DIM|	𒅆𒁴
ubriₓ	|IGI.MAR|	𒅆𒈥
ubu	AŠ@t	𒀹
ubudil	|NINDA₂×(U₂.AŠ)|	𒉞
ubudili	|NINDA₂×(U₂.AŠ)|	𒉞
ubur	|DAG.KISIM₅×GA|	𒁛
ubura	GE₂₂	𒍻
uburaₓ	AŠ@t	𒀹
uburu	GE₂₂	𒍻
ubur₂	|DAG.KISIM₅×LU|	𒁥
ubur₃	|DAG.KISIM₅×IR|	𒁡
ubur₄	|DAG.KISIM₅×(IR.LU)|	𒁢
uburₓ	|DAG.KISIM₅×(LU.MAŠ₂)|	𒁦
ubu₂	UB	𒌒
ubuₓ	U	𒌋
ub₂	EŠ₂	𒂠
ub₃	|AB₂×ŠA₃|	𒀚
ub₄	|LAGAB×U|	𒇥
ub₅	|AB₂×TAK₄|	𒀛
ub₆	|AB₂×(ME.EN)|	𒀙
ub₇	|AB₂×GAN₂@t|	𒀘
ubₓ	|AB₂.ŠA₃|	𒀖𒊮
ud	UD	𒌓
uda₅	UZ₃	𒍚
udaₓ	PIR₂	𒎕
udda	|LAGAB×KIN|	𒇐
udeššu	AŠ₂	𒀾
udilia	|U.5(DIŠ)|	𒌋𒐊
udiliyaₓ	|U.5(DIŠ)|	𒌋𒐊
udinim	|EZEN×IGI@g|	𒂫
udkinₓ	|SIK₂.LAM|	𒋠𒇴
udnim	|EZEN×IGI@g|	𒂫
udnimₓ	|EZEN×HA|	𒂩
udra	|ZIZ₂.A.AN|	𒍩𒀀𒀭
udra₂	|ZIZ₂.AN.NA|	𒍩𒀭𒈾
udra₃	|ZIZ₂.AN|	𒍩𒀭
udraₓ	|ZIZ₂.A|	𒍩𒀀
udru	|ZIZ₂.A.AN|	𒍩𒀀𒀭
udu	LU	𒇻
uduaₓ	|DAG.KISIM₅×UŠ|	𒁭
udub	|LAGAB×NE|	𒇛
udub₂	|ŠITA.GIŠ|	𒋖𒄑
udub₃	|NE.SI.A|	𒉈𒋛𒀀
udug	UDUG	𒌜
udugabaₓ	|NINDA₂×U|	𒔪
udug₂	|ŠITA.GIŠ|	𒋖𒄑
udul	|AB₂.KU|	𒀖𒆪
udul₁₀	|AB₂.LU|	𒀖𒇻
udul₁₁	|PA.DAG.KISIM₅×GUD|	𒉺𒁟
udul₂	|HI×BAD|	𒄰
udul₃	|DAG.KISIM₅×(LU.MAŠ₂)|	𒁦
udul₄	|PA.DAG.KISIM₅×(LU.MAŠ₂)|	𒉺𒁦
udul₅	|DAG.KISIM₅×GUD|	𒁟
udul₆	|DAG.KISIM₅×UŠ|	𒁭
udul₇	KAM₂	𒆚
udul₈	|U.MU|	𒌋𒈬
udul₉	|PA.DAG.KISIM₅×KAK|	𒉺𒁣
udulₓ	|HI×AŠ|	𒄮
udun	|U.MU|	𒌋𒈬
udunₓ	|LAGAB×IM|	𒇌
udu₂	|ŠU.BAD|	𒋗𒁁
uduₓ	|U.MU|	𒌋𒈬
ud₂	AŠ₂	𒀾
ud₂-duru₅	|ZIZ₂.A|	𒍩𒀀
ud₄	|TAG×TUG₂|	𒋸
ud₅	UZ₃	𒍚
ud₆	|U.GA|	𒌋𒂵
udₓ	|PIRIG×UD|	𒊌
ug	|PIRIG×UD|	𒊌
uga	|U₂.NAGA.GA|	𒌑𒉀𒂵
ugab	SUHUR	𒋦
ugal	|KA×UŠ|	𒆋
ugar	|A.GAR₃|	𒀀𒃼
ugarₓ	IGI@g	𒅊
uga₂	|A.KA|	𒀀𒅗
uga₃	NAGA	𒉀
uga₅	|EZEN×BAD|	𒂦
ugaₓ	|NU₁₁.BUR|	𒉢𒁓
ugnim	|KI.SU.LU.EŠ₂.GAR|	𒆠𒋢𒇻𒂠𒃻
ugra	|LAGAB×(U₂.AŠ)|	𒇨
ugri	|LAGAB×(U₂.AŠ)|	𒇨
ugu	|U.KA|	𒌋𒅗
ugudil	|NINDA₂×(U₂.AŠ)|	𒉞
ugudili	|NINDA₂×(U₂.AŠ)|	𒉞
ugula	PA	𒉺
ugulu	PA	𒉺
ugun	|U.DAR|	𒌋𒁯
ugunu	|U.DAR|	𒌋𒁯
ugunu₂	GAŠAN	𒃽
ugun₂	GAŠAN	𒃽
ugun₃	|U.KA|	𒌋𒅗
ugur	|U.GUR|	𒌋𒄥
ugur₂	IGI@g	𒅊
ugurₓ	|GU₂×KAK×IGI@g|	𒄚
ugu₂	|A.KA|	𒀀𒅗
ugu₃	|A.SAG|	𒀀𒊕
ugu₄	KU	𒆪
ugu₅	SAG@g	𒊨
ugu₆	KA	𒅗
ugu₇	NINDA₂	𒉒
uguₓ	|A.U.KA|	𒀀𒌋𒅗
ug₂	PIRIG	𒊊
ug₃	KALAM@g	𒌦
ug₄	UD	𒌓
ug₅	|EZEN×BAD|	𒂦
ug₆	|IGI.E₂|	𒅆𒂍
ug₇	TIL	𒌀
ug₈	LU₂@s	𒈕
ugₓ	|BAD.BAD|	𒁁𒁁
uh	|HI×NUN|	𒄴
uhhu	|KA×BAD|	𒅜
uhhur	|IGI.BI|	𒅆𒁉
uhhur₂	|IGI.GA|	𒅆𒂵
uhhur₃	|IGI.A|	𒅆𒀀
uhu	|HI×NUN|	𒄴
uhul	NAGA	𒉀
uhu₂	|UD.KUŠU₂|	𒌔
uh₂	|UD.KUŠU₂|	𒌔
uh₃	KUŠU₂	𒆵
uh₄	|KA×BAD|	𒅜
uh₅	ALEPH	𒀪
uh₆	|IM.ŠU₂|	𒅎𒋙
uhₓ	|HI×NUN.HI×NUN|	𒄴𒄴
uia	|U.5(DIŠ)|	𒌋𒐊
uk	|PIRIG×UD|	𒊌
ukdin	|IGI@g.ALAN|	𒅊𒀩
ukidₓ	GE₂₂	𒍻
ukitₓ	DIŠ	𒁹
ukken	|URU×BAR|	𒌺
ukkin	|URU×BAR|	𒌺
ukra	|GAL.ŠUBUR|	𒃲𒋚
uktim	|IGI@g.ALAN|	𒅊𒀩
uktin	|IGI@g.ALAN|	𒅊𒀩
uku	DUN₃@g@g	𒂇
uku-uš	|DUN₃@g.UŠ|	𒂆𒍑
ukum	IŠ	𒅖
ukur	GIR₂	𒄈
ukurrim	|EN.ME.AN.MUŠ₃|	𒂗𒈨𒀭𒈹
ukur₂	|GAL.ŠUBUR|	𒃲𒋚
ukur₃	|LAL₂.DU|	𒇳𒁺
ukur₄	|LAL₂.DU.DU|	𒇳𒁺𒁺
ukur₅	IGI@g	𒅊
ukuš	|DUN₃@g@g.UŠ|	𒂇𒍑
ukuš₂	HUL₂	𒄾
uku₂	|LAL₂.DU|	𒇳𒁺
uku₃	KALAM@g	𒌦
uku₄	|PIRIG×UD|	𒊌
uku₅	|LAL₂.DU.DU|	𒇳𒁺𒁺
uk₅	|EZEN×BAD|	𒂦
ul	|U.GUD|	𒌌
ula	|U.GUD|	𒌌
ulal	BAD	𒁁
ula₂	|GA₂×U|	𒃪
ulaₓ	|E₂×U|	𒂓
uli	|KA×ME|	𒅴
ulil	GE₂₂	𒍻
ulilₓ	AŠ@k	𒀺
ullu	|GIŠ%GIŠ|	𒄒
ullu₃	|U.GUD|	𒌌
ulu	|U.GUD|	𒌌
uluba	|IM.GAN₂.HI×NUN.ME.U|	𒅎𒃷𒄴𒈨𒌋
ulubar	|IM.GAN₂.HI×NUN.ME.U|	𒅎𒃷𒄴𒈨𒌋
ulubar₂	|IM.HI×NUN.ME.U.GAN₂|	𒅎𒄴𒈨𒌋𒃷
uluba₂	|IM.HI×NUN.ME.U.GAN₂|	𒅎𒄴𒈨𒌋𒃷
ulud	DUG	𒂁
uludi	MUŠ	𒈲
uludim	|KI.KAL|	𒆠𒆗
uludim₂	|IGI@g.ALAN|	𒅊𒀩
uludin	|KI.KAL|	𒆠𒆗
uludin₂	|IGI@g.ALAN|	𒅊𒀩
uluki	MUŠ	𒈲
ulul	|GIŠ%GIŠ|	𒄒
ulul₂	|GAN₂%GAN₂|	𒃺
ululₓ	GAN₂	𒃷
ulumaš	|IM.GAN₂.HI×NUN.ME.U|	𒅎𒃷𒄴𒈨𒌋
ulumaš₂	|IM.HI×NUN.ME.U.GAN₂|	𒅎𒄴𒈨𒌋𒃷
ulutim	|KI.KAL|	𒆠𒆗
ulutim₂	|IGI@g.ALAN|	𒅊𒀩
ulutin	|KI.KAL|	𒆠𒆗
ulutin₂	|IGI@g.ALAN|	𒅊𒀩
ulušin	|ZIZ₂.A.AN|	𒍩𒀀𒀭
ulušin₂	|ZIZ₂.AN.NA|	𒍩𒀭𒈾
ulušin₃	|ZIZ₂.AN|	𒍩𒀭
ulušinₓ	|BI.A.SUD|	𒁉𒀀𒋤
ulu₂	LAHŠU	𒇱
ulu₃	|URU×MIN|	𒍇
ulu₄	URU	𒌷
ul₁₂	|URU×MIN|	𒍇
ul₂	NU	𒉡
ul₃	|GIŠ%GIŠ|	𒄒
ul₄	GIR₂@g	𒄉
ul₅	|EZEN×KASKAL|	𒂬
ul₆	UD	𒌓
ul₇	|ŠU.BU|	𒋗𒁍
ul₈	GAN₂	𒃷
ulₓ	AN	𒀭
um	UM	𒌝
um-me-da	|UM.ME|	𒌝𒈨
umah	|LAGAB×(U.A)|	𒇦
umahₓ	|SAL.LAGAR|	𒊩𒇬
uman	|HI×NUN|	𒄴
umanₓ	|HI×AŠ₂|	𒄯
umbara	|EZEN×KASKAL|	𒂬
umbin	UMBIN	𒌢
umbinₓ	|UR₂×TAK₄.SU|	󰁟𒋢
umbisag	ŠID	𒋃
umbisag₂	|ŠID×A|	𒋄
umbisaŋ	ŠID	𒋃
umbisaŋ₂	|ŠID×A|	𒋄
umma	|GIŠ.KUŠU₂|	𒄑𒆵
ummalₓ	|NUN.LAGAR|	𒉣𒇬
umman	|KI.SU.LU.EŠ₂.GAR|	𒆠𒋢𒇻𒂠𒃻
umma₂	|HI×DIŠ|	𒄱
ummaₓ	|GIŠ.SAL.KUR|	𒄑𒊩𒆳
ummeda	|UM.ME|	𒌝𒈨
ummeda₂	|UM×(ME.DA)|	𒌟
ummenₓ	|GIŠ.KUŠU₂|	𒄑𒆵
ummiₓ	|GIŠ.KUŠU₂|	𒄑𒆵
ummud	|A.EDIN.LAL|	𒀀𒂔𒇲
ummu₃	|A.EDIN.LAL|	𒀀𒂔𒇲
ummuₓ	|EDIN.A.SU|	𒂔𒀀𒋢
umu	UM	𒌝
umuh	|LAGAB×(U.A)|	𒇦
umum	UMUM	𒌣
umun	U	𒌋
umuna₁₂	|LAGAB×UD|	𒇩
umunaₓ	7(DIŠ)	𒐌
umun₁₀	|U.MU|	𒌋𒈬
umun₁₁	|LAGAB×A|	𒆹
umun₁₂	|LAGAB×UD|	𒇩
umun₂	UMUM	𒌣
umun₃	|HI×NUN|	𒄴
umun₄	ALEPH	𒀪
umun₅	|LAGAB×(U.A)|	𒇦
umun₆	|LAGAB×HI×NUN|	𒇊
umun₇	7(DIŠ)	𒐌
umun₈	|TAB.TAB.TAB.AŠ|	𒋰𒋰𒋰𒀸
umun₉	|AŠ&AŠ&AŠ.AŠ&AŠ&AŠ.AŠ|	𒀼𒀼𒀸
umunₓ	|HI×ŠE|	𒄵
umuš	TUG₂	𒌆
um₂	UD	𒌓
umₓ	KALAM@g	𒌦
un	KALAM@g	𒌦
unken	|URU×BAR|	𒌺
unkin	|URU×BAR|	𒌺
unu	AB@g	𒀕
unud	|AB₂.KU|	𒀖𒆪
unug	AB@g	𒀕
unugi	|AB×IGI@g|	𒀐
unugi₂	|AB×GAL|	𒀍
unug₂	|TE.AB@g|	𒋼𒀕
unug₃	|TE.AB|	𒋼𒀊
unug₄	|TE@g.AB@g|	𒋽𒀕
unugₓ	|AB×(U.U.U)|	𒀔
ununₓ	|EZEN×KASKAL|	𒂬
unu₁₀	|GI%GI|	𒄃
unu₁₁	|ZA.MUŠ₃@g.AB@g|	𒍝𒈽𒀕
unu₁₂	|BU%BU|	𒁐
unu₂	|TE.AB@g|	𒋼𒀕
unu₃	|AB₂.KU|	𒀖𒆪
unu₄	KALAM@g	𒌦
unu₅	AB	𒀊
unu₆	|TE.AB|	𒋼𒀊
unu₇	|TE@g.AB@g|	𒋽𒀕
unu₈	UŠ	𒍑
unu₉	KAD₄	𒆒
unuₓ	|AB×(U.U.U)|	𒀔
un₂	U	𒌋
un₃	|EZEN×BAD|	𒂦
un₄	|EZEN×KASKAL|	𒂬
un₅	UD	𒌓
unₓ	|TE.AB@g|	𒋼𒀕
up	UB	𒌒
upaₓ	AŠ@t	𒀹
upuₓ	AŠ@t	𒀹
up₂	EŠ₂	𒂠
uq	|PIRIG×UD|	𒊌
uq₅	|EZEN×BAD|	𒂦
ur	UR	𒌨
ura	UR	𒌨
uram	|ŠEŠ.AB@g|	𒋀𒀕
uram₂	|ŠEŠ.AB|	𒋀𒀊
uraš	IB	𒅁
ura₁₅	|ŠEŠ.AB@g|	𒋀𒀕
ura₁₆	|ŠEŠ.AB|	𒋀𒀊
ura₃	|GA₂×(NUN&NUN)|	𒃡
ura₄	UR₄	𒌴
ura₅	|HI×AŠ₂|	𒄯
urbigu	|UR%UR|	𒌩
urbigu₂	|EN%EN|	𒂛
urbigu₃	|LU₂@LU₂|	𒈓
urbingu	|UR%UR|	𒌩
urbingu₂	|EN%EN|	𒂛
urbingu₃	|LU₂@LU₂|	𒈓
urda	ARAD	𒀴
urda₂	|ARAD×KUR|	𒀵
urdu	ARAD	𒀴
urdu₂	|ARAD×KUR|	𒀵
urgilim	|NUN%NUN|	𒉫
urgu	|HI×AŠ₂.KA×GAR|	𒄯𒅥
urgu₂	|KA×NE|	𒅺
urguₓ	|KA×IM|	𒅮
urhušₓ	|GA₂×SAL|	𒃣
uri	URI	𒌵
urim₂	|ŠEŠ.AB@g|	𒋀𒀕
urim₅	|ŠEŠ.AB|	𒋀𒀊
urimₓ	URI₃	𒌶
urin	URI₃	𒌶
urinₓ	|ŠEŠ.HU.HU|	𒋀𒄷𒄷
uri₂	|ŠEŠ.AB@g|	𒋀𒀕
uri₃	URI₃	𒌶
uri₄	IDIM	𒅂
uri₅	|ŠEŠ.AB|	𒋀𒀊
uriₓ	|ERIN₂.A|	𒂟𒀀
urrub	DUG	𒂁
urrub₂	KAL	𒆗
ursagsim	TAR	𒋻
ursaŋsim	TAR	𒋻
ursub	DUG	𒂁
ursub₂	KAL	𒆗
urta	IB	𒅁
uru	URU	𒌷
urua	|URU×A|	𒌸
uruaka	|GAD.TAK₄.GIŠ|	𒃰𒋺𒄑
urub	|URU×GAN₂@t|	𒌾
urud	URUDA	𒍏
uruda	URUDA	𒍏
urudu	URUDA	𒍏
urudu₂	DUB	𒁾
urud₂	DUB	𒁾
urugal	|AB×GAL|	𒀍
urugal₂	AB@g	𒀕
urugalₓ	|AB×(U.U.U)|	𒀔
uruh	|KUŠU₂.AN.MUŠ₃|	𒆵𒀭𒈹
uruišdua	|GAD.TAK₄.GIŠ|	𒃰𒋺𒄑
uruišduha	|GAD.TAK₄.GIŠ|	𒃰𒋺𒄑
uruk	AB@g	𒀕
urukₓ	|AB×(U.U.U)|	𒀔
urulla	|GAD.TAK₄.GIŠ|	𒃰𒋺𒄑
urum	|NINDA₂×(U₂.AŠ)|	𒉞
urume	|ERIN₂.NA|	𒂟𒈾
urum₂	|UR₂×(U₂.AŠ)|	𒌲
urum₃	|SAG×DUB|	𒊘
urum₄	|UR₂×HA|	𒌯
urum₅	|ŠEŠ.AB@g|	𒋀𒀕
urum₆	|ŠEŠ.AB|	𒋀𒀊
urum₇	|U.ŠA|	𒌋𒊭
urum₈	|UR₂×U₂|	𒌱
urum₉	|UR₂×(A.HA)|	𒌬
urumₓ	|A.HA|	𒀀𒄩
urun	URI₃	𒌶
urunₓ	EN	𒂗
ururim	|URU×UD|	𒍍
urutamga	|URU×GAN₂@t|	𒌾
urutamga₂	|URU×UD|	𒍍
urušeb	|URU×HA|	𒍁
urušib	|URU×HA|	𒍁
urušibₓ	|URU×UD|	𒍍
urušₓ	|SAL.TUG₂|	𒎏
uru₁₀	|SAG×DUB|	𒊘
uru₁₁	|URU×GAN₂@t|	𒌾
uru₁₂	|GA₂×(NUN&NUN)|	𒃡
uru₁₃	UR	𒌨
uru₁₄	|ŠEŠ.AB@g|	𒋀𒀕
uru₁₅	|ŠEŠ.AB|	𒋀𒀊
uru₁₆	EN	𒂗
uru₁₇	|URU×MIN|	𒍇
uru₁₈	|URU×A|	𒌸
uru₁₉	URI	𒌵
uru₂	|URU×UD|	𒍍
uru₃	URI₃	𒌶
uru₄	APIN	𒀳
uru₅	TE@g	𒋽
uru₆	|NINDA₂×(U₂.AŠ)|	𒉞
uru₇	|UR₂×(U₂.AŠ)|	𒌲
uru₈	UR₂	𒌫
uru₉	|SIG₄.IDIM|	𒋞𒅂
uruₓ	|EZEN×KU₃|	𒂮
urzababitumₓ	|AN.SAL.TUG₂.IB|	𒀭𒎏𒅁
urzub	DUG	𒂁
urša	|HI×AŠ₂.DU|	𒄯𒁺
urṣub	DUG	𒂁
ur₁₀	URI	𒌵
ur₁₁	APIN	𒀳
ur₁₂	TE@g	𒋽
ur₁₃	|RAB.GAL|	𒊐𒃲
ur₁₄	|GA₂×SAL|	𒃣
ur₂	UR₂	𒌫
ur₃	|GA₂×(NUN&NUN)|	𒃡
ur₄	UR₄	𒌴
ur₅	|HI×AŠ₂|	𒄯
ur₅-gu₇	|HI×AŠ₂.KA×GAR|	𒄯𒅥
ur₅-ša₄	|HI×AŠ₂.DU|	𒄯𒁺
ur₆	|U.GUD|	𒌌
ur₇	|NINDA₂×(U₂.AŠ)|	𒉞
ur₈	DU	𒁺
ur₉	|UR₂×(U₂.AŠ)|	𒌲
urₓ	BAHAR₂	𒁃
us	|ŠE.HU|	𒊻
usa	8(DIŠ)	𒐍
usab	|UD.NUN|	𒌓𒉣
usag	|SAG×U₂|	𒊢
usagₓ	|NUNUZ.AB₂×GUD|	𒉱
usan	|GU₂×NUN|	𒄛
usanda	|HU.KAK|	𒄷𒆕
usandu	|HU.KAK|	𒄷𒆕
usanduₓ	|NUNUZ.AB₂×AŠGAB|	𒉮
usansuruₓ	|NUNUZ.AB₂×AŠGAB|	𒉮
usan₂	GU₂@g	𒄝
usan₃	|NUNUZ.AB₂×AŠGAB|	𒉮
usan₃-sur₅	|NUNUZ.AB₂×AŠGAB|	𒉮
usan₄	SI@g	𒋜
usan₅	HU	𒄷
usan₆	|GU₂×KAK|	𒄙
usanₓ	AN	𒀭
usar	|LAL₂.SAR|	𒇳𒊬
usar₂	|LAL.SAR|	𒇲𒊬
usar₃	|LAL₂.LAGAB|	𒇳𒆸
usar₄	|LAL.LAGAB|	𒇲𒆸
usarₓ	|LAL₂.TUG₂|	𒇳𒌆
usa₂	UŠ	𒍑
usaₓ	GU₂@g	𒄝
usduha	|LAGAB×GUD.LU.HI.A|	𒇆𒇻𒄭𒀀
usi	|GA₂×ŠE|	𒃥
usian	|GU₂×NUN|	𒄛
usigi	|EZEN×KASKAL|	𒂬
usil	|EZEN×U₂|	𒂳
usilalₓ	|EZEN×U₂|	𒂳
usiₓ	|E₂×ŠE|	𒂒
ussa₂	|TAB.TAB.TAB.TAB|	𒋰𒋰𒋰𒋰
ussu	8(DIŠ)	𒐍
ussu₂	|TAB.TAB.TAB.TAB|	𒋰𒋰𒋰𒋰
ussu₃	USSU₃	𒑅
ussuₓ	8(U)	𒐓
usu	|A₂.KAL|	𒀉𒆗
usud	|GA₂×(AN.KAK.A)|	𒍹
usug	|ZAG.AN|	𒍠𒀭
usug₂	|U₂.KA|	𒌑𒅗
usug₃	|SAG×U₂|	𒊢
usug₄	|U₂.KUR.NI.TUK.KI|	𒌑𒆳𒉌𒌇𒆠
usug₅	|KA×U₂|	𒆈
usuh	|SAL.LAGAR|	𒊩𒇬
usun	|NUNUZ.AB₂×AŠGAB|	𒉮
usur	|LAL₂.SAR|	𒇳𒊬
usur₄	|LAL.LAGAB|	𒇲𒆸
usu₂	UŠ	𒍑
usu₃	UZU	𒍜
us₂	UŠ	𒍑
us₃	UZ₃	𒍚
us₄	|PIRIG×ZA|	𒊍
us₅	|LAGAB×(GUD&GUD)|	𒇇
usₓ	UŠX	𒍖
ut	UD	𒌓
uta	UD	𒌓
utag	GE₂₂	𒍻
utah	|U.GA|	𒌋𒂵
utahₓ	U	𒌋
utak	GE₂₂	𒍻
utaqaₓ	AŠ@k	𒀺
utima	|GA₂×MI|	𒃟
utima₂	|UD×MI|	𒌖
utte	|KI.KI|	𒆠𒆠
uttu	|TAG×TUG₂|	𒋸
uttuku	|GAR.ŠID|	𒃻𒋃
uttu₂	ŠID	𒋃
uttu₄	MUG	𒈮
uttu₅	|UŠ.BAR|	𒍑𒁇
uttu₆	|KI.LAL|	𒆠𒇲
uttuₓ	MUG@g	𒈯
utu	UD	𒌓
utua	|DAG.KISIM₅×UŠ|	𒁭
utua₂	|DAG.KISIM₅×(LU.MAŠ₂)|	𒁦
utudi	UTUKI	𒍙
utug	UDUG	𒌜
utug₂	|ŠITA.GIŠ|	𒋖𒄑
utugₓ	|GAR.ŠID|	𒃻𒋃
utuki	UTUKI	𒍙
utul	|AB₂.KU|	𒀖𒆪
utul₁₀	|AB₂.LU|	𒀖𒇻
utul₁₁	|PA.DAG.KISIM₅×GUD|	𒉺𒁟
utul₂	|HI×BAD|	𒄰
utul₃	|DAG.KISIM₅×(LU.MAŠ₂)|	𒁦
utul₄	|PA.DAG.KISIM₅×(LU.MAŠ₂)|	𒉺𒁦
utul₅	|DAG.KISIM₅×GUD|	𒁟
utul₆	|DAG.KISIM₅×UŠ|	𒁭
utul₇	KAM₂	𒆚
utul₈	|U.MU|	𒌋𒈬
utul₉	|PA.DAG.KISIM₅×KAK|	𒉺𒁣
utulₓ	|HI×DIŠ|	𒄱
utun	|U.MU|	𒌋𒈬
utuqₓ	|GAR.ŠID|	𒃻𒋃
utuwa	|DAG.KISIM₅×UŠ|	𒁭
utuwa₂	|DAG.KISIM₅×(LU.MAŠ₂)|	𒁦
utu₂	|U.GA|	𒌋𒂵
utu₃	|U.U|	𒎙
utu₄	|KI.KI|	𒆠𒆠
utu₅	AŠ₂	𒀾
utuₓ	|TAG×TUG₂|	𒋸
ut₂	AŠ₂	𒀾
ut₄	|TAG×TUG₂|	𒋸
ut₅	UZ₃	𒍚
ut₆	|U.GA|	𒌋𒂵
uw	PI	𒉿
uwaₓ	|LAGAB×(GUD&GUD)|	𒇇
uya	|U.5(DIŠ)|	𒌋𒐊
uz	|ŠE.HU|	𒊻
uza	|ŠE.HU|	𒊻
uzaglal	AŠ@t	𒀹
uzalag	GE₂₂	𒍻
uzalagₓ	AŠ@k	𒀺
uzalak	GE₂₂	𒍻
uzalakₓ	AŠ@k	𒀺
uzaraₓ	AŠ@t	𒀹
uza₃	UZ₃	𒍚
uzduha	|LAGAB×GUD.LU.HI.A|	𒇆𒇻𒄭𒀀
uzu	UZU	𒍜
uzud	UZ₃	𒍚
uzug	|ZAG.AN|	𒍠𒀭
uzug₂	|U₂.KA|	𒌑𒅗
uzug₃	|SAG×U₂|	𒊢
uzug₄	|U₂.KUR.NI.TUK.KI|	𒌑𒆳𒉌𒌇𒆠
uzug₅	|KA×U₂|	𒆈
uzugₓ	|AN.ZAG|	𒀭𒍠
uzunₓ	|NUNUZ.AB₂×AŠGAB|	𒉮
uzu₂	|ZU₅×A|	𒍬
uzu₃	|ŠE.HU|	𒊻
uzu₅	|U.UD|	𒌋𒌓
uz₂	UŠ	𒍑
uz₃	UZ₃	𒍚
uz₄	|PIRIG×ZA|	𒊍
uz₅	|LAGAB×(GUD&GUD)|	𒇇
uzₓ	|U.U.U|	𒌍
uŋnim	|KI.SU.LU.EŠ₂.GAR|	𒆠𒋢𒇻𒂠𒃻
uŋ₂	PIRIG	𒊊
uŋ₃	KALAM@g	𒌦
uŋ₅	|EZEN×BAD|	𒂦
uš	UŠ	𒍑
ušanₓ	|AN.GU×KAK|	𒀭X
ušar	|LAL₂.SAR|	𒇳𒊬
ušar₂	|LAL.SAR|	𒇲𒊬
ušar₃	|LAL₂.LAGAB|	𒇳𒆸
ušar₄	|LAL.LAGAB|	𒇲𒆸
ušbar	|UR₂×NUN|	𒌰
ušbar₂	|ZU₅×A|	𒍬
ušbar₃	|UR₂×(U₂.AŠ)|	𒌲
ušbar₄	SUMAŠ	𒋨
ušbar₅	|U.EN×GAN₂@t|	𒌋𒂙
ušbar₆	|NINDA₂×(U₂.AŠ)|	𒉞
ušbar₇	|UR₂×U₂|	𒌱
ušbarₓ	|SUMAŠ.MAŠ|	𒋨𒈦
ušbur	|UR₂×NUN|	𒌰
ušbur₂	|ZU₅×A|	𒍬
ušbur₃	|UR₂×(U₂.AŠ)|	𒌲
ušbur₄	SUMAŠ	𒋨
ušbur₅	|U.EN×GAN₂@t|	𒌋𒂙
ušbur₆	|NINDA₂×(U₂.AŠ)|	𒉞
ušbur₇	|UR₂×U₂|	𒌱
ušen	|GU₂×NUN|	𒄛
ušera	|LAGAB×(U₂.AŠ)|	𒇨
ušeri	|LAGAB×(U₂.AŠ)|	𒇨
uštu	PI	𒉿
uštug	PI	𒉿
uštug₂	|UŠ.TUG₂.PI|	𒍑𒌆𒉿
uštuh	|KI.IB|	𒆠𒅁
uštu₂	|UŠ.TUG₂.PI|	𒍑𒌆𒉿
ušu	BUR₂	𒁔
ušub	|SI.A|	𒋛𒀀
ušuburₓ	|UR₂×(U₂.AŠ)|	𒌲
ušum	BUR₂	𒁔
ušumgal	|GAL.BUR₂|	𒃲𒁔
ušur	|LAL₂.SAR|	𒇳𒊬
ušur₂	|LAL.SAR|	𒇲𒊬
ušur₃	|LAL₂.LAGAB|	𒇳𒆸
ušur₄	|LAL.LAGAB|	𒇲𒆸
ušur₅	U	𒌋
ušurₓ	|LAL₂.DUR₂|	𒇳𒂉
ušuš	|GA₂×NUN|	𒃠
ušu₂	|U.UD|	𒌋𒌓
ušu₃	|U.U.U|	𒌍
ušuₓ	3(BURU)	𒐶
ušša	|HI×AŠ|	𒄮
uššuₓ	|A₂.KAL|	𒀉𒆗
uš₁₀	|ŠE.HU|	𒊻
uš₁₁	|KA×BAD|	𒅜
uš₁₄	|KA×PI|	𒅼
uš₁₅	|SI.A|	𒋛𒀀
uš₁₆	|ŠU.BAD|	𒋗𒁁
uš₁₇	|HI×AŠ|	𒄮
uš₁₈	|U.U.U|	𒌍
uš₂	TIL	𒌀
uš₃	|GA₂×SAL|	𒃣
uš₄	TUG₂	𒌆
uš₅	|NUN.LAGAR×SAL|	𒉦
uš₇	|KA×LI|	𒅲
uš₈	APIN	𒀳
uš₉	DIŠ	𒁹
ušₓ	|E₂×SAL|	𒂑
uʾ	ALEPH	𒀪
uʾa	|LAGAB×(GUD&GUD).A|	𒇇𒀀
uʾi	|LAGAB×(GUD&GUD).A|	𒇇𒀀
uʾu	|LAGAB×(GUD&GUD).A|	𒇇𒀀
uʾ₂	|HI×NUN|	𒄴
uʾ₃	|LAGAB×GUD|	𒇆
uʾ₄	|UD.KUŠU₂|	𒌔
uṣ	|ŠE.HU|	𒊻
uṣ₂	UŠ	𒍑
uṣ₄	|PIRIG×ZA|	𒊍
uṭ	UD	𒌓
uṭe	|KI.KI|	𒆠𒆠
uṭu	|TAG×TUG₂|	𒋸
uṭuku	|GAR.ŠID|	𒃻𒋃
uṭu₂	ŠID	𒋃
uṭu₄	MUG@g	𒈯
uṭu₅	|UŠ.BAR|	𒍑𒁇
uṭu₆	|KI.LAL|	𒆠𒇲
u₁₀	DARA₄	𒁱
u₁₁	HU	𒄷
u₁₂	KALAM@g	𒌦
u₁₃	|HI×NUN|	𒄴
u₁₄	|U.GA|	𒌋𒂵
u₁₆	UM	𒌝
u₁₇	PI	𒉿
u₁₈	|URU×MIN|	𒍇
u₁₉	URU	𒌷
u₂	U₂	𒌑
u₂₀	ŠE	𒊺
u₂₁	|PIRIG×UD|	𒊌
u₂₂	|UD×(U.U.U)|	𒌗
u₂₄	NI	𒉌
u₃	|IGI.DIB|	𒅇
u₄	UD	𒌓
u₄-sakar	|UD.SAR|	𒌓𒊬
u₅	|HU.SI|	𒄷𒋛
u₆	|IGI.E₂|	𒅆𒂍
u₇	|KI.MIN|	𒆠𒈫
u₈	|LAGAB×(GUD&GUD)|	𒇇
u₉	|EZEN×BAD|	𒂦
uₓ	AN	𒀭
wa	PI	𒉿
wan	|U.U|	𒎙
war₂	MAR	𒈥
war₃	ARAD	𒀴
warₓ	UB	𒌒
waṣitₓ	UD	𒌓
wa₂	BA	𒁀
wa₃	U₂	𒌑
wa₄	|PI×A|	𒊀
wa₆	MA	𒈠
waₓ	|LAGAB×GUD|	𒇆
we	PI	𒉿
we₂	|PI×E|	𒊄
wi	PI	𒉿
wir	GIR₃	𒄊
wiš	|ME.U.U.U|	𒎌
wi₂	|PI×I|	𒊅
wi₄	MI	𒈪
wi₅	|GIŠ.DIN|	𒄑𒁷
wu	PI	𒉿
wuk	MUG	𒈮
wuš	MUŠ	𒈲
wu₂	|PI×U|	𒊇
wu₃	|PI×U₂|	𒊈
wu₄	MU	𒈬
wuₓ	U₂	𒌑
xašₓ	|LU₂×IM|	𒈄
xbaₓ	|KI.LAM|	𒆠𒇴
xbunₓ	|LAGAR×(ŠE.SUM)|	𒇮
xdiₓ	|NUNUZ.AB₂×X|	𒉭X
xennuₓ	|E₂.LU₂×GAN₂@t.A|	𒂍𒈂𒀀
xeₓ	|GA₂×(UD.DU)|	𒃬
xgaₓ	|KI.BI.KAK|	𒆠𒁉𒆕
xgidaₓ	|NUNUZ.AB₂×X|	𒉭X
xgiₓ	|GAD.TAK₄.GIŠ|	𒃰𒋺𒄑
xgukinₓ	|SAG×KUR|	𒊛
xidₓ	|LU₂×(EŠ₂.LAL)|	𒎊
xingaraₓ	|E₂.AN.ŠE.NAGA|	𒂍𒀭𒊺𒉀
xkiₓ	ARAD	𒀴
xlaₓ	|E₂.KI.SUM.GA|	𒂍𒆠𒋧𒂵
xlukuₓ	|IGI.KUR|	𒅆𒆳
xnunnamxₓ	KUN	𒆲
xrigₓ	|NUN.LAGAR×UŠ|	𒉨
xriₓ	|A.HA|	𒀀𒄩
xtalluₓ	|LU₂×NU|	𒈍
xₓ	|E₂×SAL|	𒂑
ya	PI	𒉿
ya₁₀	A	𒀀
ya₃	NI	𒉌
ya₄	|NI.UD|	𒎎
yaₓ	|A.A|	𒀀𒀀
ye	PI	𒉿
yi	PI	𒉿
yi₂	|I.A|	𒅀
yi₃	E	𒂊
yu	PI	𒉿
za	ZA	𒍝
zab	ERIN₂	𒂟
zabala	|ZA.MUŠ₃@g.AB@g|	𒍝𒈽𒀕
zabalam	|ZA.MUŠ₃@g.AB@g|	𒍝𒈽𒀕
zabalam₂	|ZA.MUŠ₃.AB@g|	𒍝𒈹𒀕
zabalam₃	|MUŠ₃.AB@g|	𒈹𒀕
zabalam₄	|MUŠ₃.ZA.AB@g|	𒈹𒍝𒀕
zabalam₅	|MUŠ₃.AB|	𒈹𒀊
zabalam₆	|AB.MUŠ₃|	𒀊𒈹
zabalamₓ	|ZA.MUŠ₃.AB×(U.U.U)|	𒍝𒈹𒀔
zabala₂	|ZA.MUŠ₃.AB@g|	𒍝𒈹𒀕
zabala₃	|MUŠ₃.AB@g|	𒈹𒀕
zabala₄	|MUŠ₃.ZA.AB@g|	𒈹𒍝𒀕
zabala₅	|MUŠ₃.AB|	𒈹𒀊
zabala₆	|AB.MUŠ₃|	𒀊𒈹
zabalaₓ	|AB@g.MUŠ₃|	𒀕𒈹
zabar	|UD.KA.BAR|	𒌓𒅗𒁇
zabar₂	ZUBUR	𒍭
zabar₃	|KA×UD.BAR|	𒆉𒁇
zabitum	|BALAG.TUR|	𒁆𒌉
zadim	MUG@g	𒈯
zadimgalₓ	|GAL.MUG@g|	𒃲𒈯
zadimₓ	MUG	𒈮
zadra	ŠID	𒋃
zadri	ŠID	𒋃
zadru	ŠID	𒋃
zag	ZAG	𒍠
zagarₓ	|MAŠ₂.MI|	𒈧𒈪
zagga	NI	𒉌
zagga₂	ZA	𒍝
zagindur	|ZA.KUR.A|	𒍝𒆳𒀀
zag₂	PA	𒉺
zag₃	NISAG	𒉠
zagₓ	|U.GA|	𒌋𒂵
zah	NE	𒉈
zahan	|U.GA.HI|	𒌋𒂵𒄭
zahan₂	|U.GA|	𒌋𒂵
zaha₂	|HA.A|	𒄩𒀀
zaha₃	|A×HA|	𒀄
zahaₓ	HA	𒄩
zahdaₓ	|DUN.NE.TUR|	𒂄𒉈𒌉
zah₂	|HA.A|	𒄩𒀀
zah₃	|A×HA|	𒀄
zahₓ	|A.HA|	𒀀𒄩
zak	ZAG	𒍠
zak₂	PA	𒉺
zal	NI	𒉌
zala	NI	𒉌
zalag	UD	𒌓
zalaga	UD	𒌓
zalag₂	ERIN₂	𒂟
zalag₃	LUL	𒈜
zalah	UD	𒌓
zalaqaₓ	UD	𒌓
zalaₓ	UD	𒌓
zalli	NI	𒉌
zal₂	|LAGAB×SUM|	𒇡
zalₓ	NUN	𒉣
zamin	|UB.RI|	𒌒𒊑
zamug	DUB	𒁾
zamₓ	ELLES396	𒍡
zanabal	|LU₂×(LA.AŠ)|	𒈉
zanabal₂	|LU₂×(KAD₃.AŠ)|	𒈇
zanabal₃	|LU₂×(SI.AŠ)|	𒈎
zanaru	MUŠ₃	𒈹
zanaru₂	|ZA.MUŠ₃|	𒍝𒈹
zanbur	|BAD.KASKAL|	𒁁𒆜
zandar	ŠID	𒋃
zandara	ŠID	𒋃
zanga	NI	𒉌
zannaru	MUŠ₃	𒈹
zannaru₂	|ZA.MUŠ₃|	𒍝𒈹
zannaruₓ	|A₂.ZA.AN.MUŠ₃|	𒀉𒍝𒀭𒈹
zansur	|LAGAB×(U.U.U)|	𒇧
zanzana	|HI×ŠE|	𒄵
zap	ERIN₂	𒂟
zapah	|ŠU.BAD|	𒋗𒁁
zapahₓ	MAŠ	𒈦
zap₂	KU	𒆪
zapₓ	KA	𒅗
zaq	ZAG	𒍠
zaq₂	PA	𒉺
zaq₄	ZIG	𒍨
zar	|LAGAB×SUM|	𒇡
zara	|LAGAB×SUM|	𒇡
zarah	|SAG.PA.LAGAB|	𒊕𒉺𒆸
zarah₂	|LU.KI.KAK|	𒇻𒆠𒆕
zarahₓ	|KI.KU.SAG|	𒆠𒆪𒊕
zara₅	BAD	𒁁
zara₆	|BAD.AŠ|	𒁁𒀸
zaraₓ	KUL	𒆰
zarih	|LAGAB×SUM|	𒇡
zarim	|LAGAB×SUM|	𒇡
zar₂	NI	𒉌
zar₃	SUM	𒋧
zar₄	KUL	𒆰
zar₅	BAD	𒁁
zar₆	|BAD.AŠ|	𒁁𒀸
zar₇	|LAGAB×(ŠE.SUM)|	𒇜
zarₓ	KAK	𒆕
zat	KUR	𒆳
zaz	BAD	𒁁
zazana	|TUR&TUR.ZA&ZA|	𒌊
zazanaₓ	|TUR&TUR.ZA&ZA.TUR&TUR.ZA&ZA|	𒌊𒌊
zazna	|TUR&TUR.ZA&ZA|	𒌊
zaznaₓ	|TUR&TUR.ZA&ZA.TUR&TUR.ZA&ZA|	𒌊𒌊
zaŋa	NI	𒉌
zaŋ₃	NISAG	𒉠
za₂	|NI.UD|	𒎎
za₃	ZAG	𒍠
za₄	NUN	𒉣
za₅	AN	𒀭
za₆	|KA×UD|	𒆉
za₇	ZA₇	𒕁
zaₓ	|GU%GU|	𒄗
ze	ZI	𒍣
zeb	ZIB	𒍦
zeb₂	ZIG	𒍨
zeb₃	GUD	𒄞
zeh₂	ŠUBUR	𒋚
zehₓ	DUN	𒂄
zel	NUN	𒉣
zenaₓ	HA@t@g	𒓎
zer	KUL	𒆰
zermušku	|IGI@g.TAK₄.ALAN|	𒅊𒋺𒀩
zermuškuₓ	|TAK₄.ALAN|	𒋺𒀩
zermuššu	|IGI@g.TAK₄.ALAN|	𒅊𒋺𒀩
zer₃	MUŠ	𒈲
zerₓ	TUR	𒌉
zezna	|TUR&TUR.ZA&ZA|	𒌊
zeznaₓ	|TUR&TUR.ZA&ZA.TUR&TUR.ZA&ZA|	𒌊𒌊
ze₂	ZE₂	𒍢
ze₄	ZA	𒍝
zeₓ	|AB×ŠEŠ|	𒀓
zi	ZI	𒍣
zib	ZIB	𒍦
zibar	|UD.KA.BAR|	𒌓𒅗𒁇
zibar₃	|KA×UD.BAR|	𒆉𒁇
zibbir	|UD.GIŠ%GIŠ.NUN|	𒌓𒄒𒉣
zibin	|DAG.KISIM₅×TAK₄|	𒁫
zibin₂	|DAG.KISIM₅×(U₂.GIR₂)|	𒁬
zib₂	ZIG	𒍨
zib₃	GUD	𒄞
zib₄	KA	𒅗
zibₓ	EGIR	𒂕
zid	ZI	𒍣
zid₂	ZI₃	𒍥
zidₓ	SUHUR	𒋦
zig	ZIG	𒍨
zigara	|IM%IM|	𒅐
zigkaru	|IM%IM|	𒅐
zigum	|LAGAB×HAL|	𒇉
zig₂	SIG	𒋝
zig₃	ZI	𒍣
zigₓ	|PA.GI|	𒉺𒄀
zih	|GU%GU|	𒄗
zih₂	ŠUBUR	𒋚
zik	ZIG	𒍨
zikara	|IM%IM|	𒅐
zikaru	|IM%IM|	𒅐
zikum	|LAGAB×HAL|	𒇉
zikumuₓ	|LAGAB×HAL|	𒇉
zikumₓ	|EŠ₂.UD|	𒂠𒌓
zikura	|KASKAL.6(DIŠ)|	𒆜𒐋
zik₀	ZAG	𒍠
zik₂	SIG	𒋝
zik₃	|URU×MIN|	𒍇
zil	NUN	𒉣
zililiₓ	|PA.URU×MIN|	𒉺𒍇
zilpe	|NUN@t.KI|	𒉩𒆠
zilulu	|PA.URU×MIN|	𒉺𒍇
zil₂	TAG	𒋳
zil₃	TAR	𒋻
zilₓ	MI	𒈪
zimbir	|UD.GIŠ%GIŠ.NUN|	𒌓𒄒𒉣
zin	ŠEN	𒊿
zinanutu	|HI×AŠ|	𒄮
zip	ZIB	𒍦
zipah	MAŠ	𒈦
zipah₂	|ŠU.BAD|	𒋗𒁁
zipahₓ	|ŠU₂.BAD|	𒋙𒁁
zip₃	|PA.LU|	𒉺𒇻
ziq	ZIG	𒍨
ziqi	ZIG	𒍨
ziq₂	SIG	𒋝
zir	KUL	𒆰
ziri	KUL	𒆰
zirmuššu	|IGI@g.TAK₄.ALAN|	𒅊𒋺𒀩
zirru	|EN.NUNUZ.ZI.AN.ŠEŠ.KI|	𒂗𒉭𒍣𒀭𒋀𒆠
zirruₓ	|AN.EN.NU.NUNUZ.NAM.AN.ŠEŠ.KI|	𒀭𒂗𒉡𒉭𒉆𒀭𒋀𒆠
zir₂	|EŠ₂.KA|	𒂠𒅗
zir₃	MUŠ	𒈲
zir₄	SUD	𒋤
zis	BAD	𒁁
zixₓ	|NUN.ŠE|	𒉣𒊺
ziz	BAD	𒁁
zizanu	KUR	𒆳
zizi	|ANŠE.KUR.RA|	𒀲𒆳𒊏
zizna	|TUR&TUR.ZA&ZA|	𒌊
ziznaₓ	|TUR&TUR.ZA&ZA.TUR&TUR.ZA&ZA|	𒌊𒌊
ziz₂	ZIZ₂	𒍩
ziz₃	|HI×AŠ|	𒄮
ziz₄	|GIŠ×BAD|	𒄓
ziz₅	|TAG.TAG|	𒋳𒋳
zizₓ	|TUR&TUR.ZA&ZA|	𒌊
zi₂	ZE₂	𒍢
zi₃	ZI₃	𒍥
zi₃-kum₄	|EŠ₂.UD|	𒂠𒌓
zi₄	|AB×ŠEŠ|	𒀓
zi₇	|KI.NE|	𒆠𒉈
zi₈	KAL	𒆗
ziₓ	IGI@g	𒅊
zu	ZU	𒍪
zubud	HA@t	𒄪
zubur	ZUBUR	𒍭
zub₂	ZIB	𒍦
zubₓ	HA@t	𒄪
zuen	|EN.ZU|	𒂗𒍪
zuena	|EN.ZU|	𒂗𒍪
zug	|LAGAB×A|	𒆹
zugud	HA@t	𒄪
zuguz	|KA×LUM|	𒎃
zug₂	KA	𒅗
zug₃	|SAG×U₂|	𒊢
zug₄	|KA×LI|	𒅲
zugₓ	|LAGAB×GAR|	𒇅
zuh	KA	𒅗
zuhₓ	|KA×LI|	𒅲
zuk	|LAGAB×A|	𒆹
zukum	|ZI&ZI.LAGAB|	𒍤𒆸
zukum₂	|ZI&ZI.A|	𒍤𒀀
zukumₓ	|A.ZI&ZI|	𒀀𒍤
zukura	|KA×TAR|	𒆆
zuliₓ	|KA×UD|	𒆉
zulug	LUL	𒈜
zuluhu	|SIK₂.SUD|	𒋠𒋤
zuluhu₂	|SIK₂.BU|	𒋠𒁍
zuluhu₃	|ZI&ZI.A|	𒍤𒀀
zuluhu₄	|LAGAB×A.LUM|	𒆹𒈝
zulumhi	|SIK₂.SUD|	𒋠𒋤
zulumhi₂	|SIK₂.BU|	𒋠𒁍
zulumhi₃	|ZI&ZI.A|	𒍤𒀀
zulumhi₄	|LAGAB×A.LUM|	𒆹𒈝
zum	ZUM	𒍮
zuq	|LAGAB×A|	𒆹
zur	AMAR	𒀫
zuru₁₀	|BAD.AŠ|	𒁁𒀸
zuru₅	LAL	𒇲
zuru₉	BAD	𒁁
zurzub	DUG	𒂁
zurzub₂	KAL	𒆗
zur₂	SUR₉	𒋪
zur₃	|MA₂.IGI@g|	𒈣𒅊
zur₄	|LAGAB×SUM|	𒇡
zur₅	LAL	𒇲
zur₈	ŠA	𒊭
zusu	SUD₂	𒋥
zu₂	KA	𒅗
zu₃	ZUM	𒍮
zu₄	BAD	𒁁
zu₅	ZU₅	𒍫
zu₆	SUD	𒋤
zu₇	DUN	𒂄
zu₉	|KA×UD|	𒆉
zuₓ	AŠ	𒀸
{kaš}dida₂	|BI.UŠ.SA|	𒁉𒍑𒊓
{kaš}ulušin	|BI.ZIZ₂.A.AN|	𒁉𒍩𒀀𒀭
{kaš}ulušin₂	|BI.ZIZ₂.AN.NA|	𒁉𒍩𒀭𒈾
{kaš}ulušin₃	|BI.ZIZ₂.AN|	𒁉𒍩𒀭
{kaš}ulušinₓ	|BI.ZIZ₂|	𒁉𒍩
{munus}aš₂-gar₃	|SAL.AŠ₂.GAR₃|	𒊩𒀾𒃼
ŋaburra	|GA₂×(BUR.RA)|	𒃂
ŋadub	|GA₂×DUB|	𒃆
ŋagia	|GA₂×GI₄|	𒃎
ŋagia₂	|GA₂×GI|	𒃍
ŋagiaₓ	|GA₂×(GI₄.A)|	𒃏
ŋagi₂	|GA₂×GI|	𒃍
ŋahalla	|GA₂×(HAL.LA)|	𒃓
ŋahallaₓ	|GA₂×HAL|	𒃒
ŋahili	|GA₂×(HI.LI)|	𒃔
ŋaiku	|GA₂×AŠ|	𒂽
ŋakizzum	|GA₂×(AB₂@t.TAB)|	𒂻
ŋalga	|GA₂×GAR|	𒃌
ŋalgaₓ	|E₂×GAR|	𒂏
ŋalilla	|GA₂×(KID.LAL)|	𒃛
ŋalillaₓ	|GA₂×KID|	𒃚
ŋal₂	IG	𒅅
ŋal₄	SAL	𒊩
ŋalₓ	|ŠU₂.IG|	𒋙𒅅
ŋanun	|GA₂×NUN|	𒃠
ŋanunₓ	|GA₂×EN.NUN|	𒃉𒉣
ŋar	GAR	𒃻
ŋargaₓ	|E₂×GAR|	𒂏
ŋarim	|LAGAB×KU₃|	𒇑
ŋarim₂	|DAG.KISIM₅×AMAR|	𒁘
ŋarin	|LAGAB×KU₃|	𒇑
ŋarza	|PA.AN|	𒉺𒀭
ŋarza₂	|PA.LUGAL|	𒉺𒈗
ŋarzu	|PA.AN|	𒉺𒀭
ŋar₃	GAR₃	𒃼
ŋar₇	MAR	𒈥
ŋar₈	SIG₄	𒋞
ŋasag	|GA₂×(KU₃.AN)|	𒃜
ŋasibir	|GA₂×EN×GAN₂@t|	𒃊
ŋasikilla	|GA₂×(EL.LA)|	𒃈
ŋasikillaₓ	|GA₂×EL|	𒃇
ŋaŋirsu	|GA₂×(GIR₂.SU)|	𒃐
ŋa₁₀	A	𒀀
ŋa₂	GA₂	𒂷
ŋa₃	GAN₂	𒃷
ŋa₆	IL₂	𒅍
ŋaₓ	E₂	𒂍
ŋedar	PA	𒉺
ŋedru	PA	𒉺
ŋeli₃	|KA×LI|	𒅲
ŋen	DU	𒁺
ŋepar	KISAL	𒆦
ŋereš₂	GURUŠ	𒄨
ŋer₁₅	EŠ₂	𒂠
ŋessal	|GIŠ.TUG₂.PI.NU₁₁@90.SILA₃|	𒄑𒌆𒉿𒎓𒋡
ŋessalₓ	|GIŠ.TUG₂.PI|	𒄑𒌆𒉿
ŋessu	|GIŠ.MI|	𒄑𒈪
ŋessun	|GIŠ.MI|	𒄑𒈪
ŋestug	PI	𒉿
ŋezzal	|GIŠ.TUG₂.PI.NU₁₁@90.SILA₃|	𒄑𒌆𒉿𒎓𒋡
ŋeš	GIŠ	𒄑
ŋeš-nu₁₁	|GIŠ.NU₁₁|	𒄑𒉢
ŋešba	RU	𒊒
ŋešba₂	|ŠU.PAP.PAP|	𒋗𒉽𒉽
ŋešbu	RU	𒊒
ŋešbun	|KI.BI.GAR|	𒆠𒁉𒃻
ŋešbun₂	|KI.BI|	𒆠𒁉
ŋešburₓ	U	𒌋
ŋešbu₂	|ŠU.PAP.PAP|	𒋗𒉽𒉽
ŋešbuₓ	|GIŠ.RU|	𒄑𒊒
ŋešdan	|SAL.UŠ.DAM|	𒊩𒍑𒁮
ŋešdana	|SAL.UŠ.DAM|	𒊩𒍑𒁮
ŋešdana₂	|UŠ.DAM|	𒍑𒁮
ŋešdana₃	|UŠ.SAL.DAM|	𒍑𒊩𒁮
ŋešdana₄	|SAL.UŠ|	𒊩𒍑
ŋešdan₂	|UŠ.DAM|	𒍑𒁮
ŋešdan₃	|UŠ.SAL.DAM|	𒍑𒊩𒁮
ŋešdan₄	|SAL.UŠ|	𒊩𒍑
ŋešdu	PI	𒉿
ŋešgal	|URU×MIN|	𒍇
ŋešgem	|IGI.DUB|	𒅆𒁾
ŋešgiriₓ	|GIŠ.LU₂|	𒄑𒇽
ŋešhar	|GIŠ×BAD|	𒄓
ŋešhur	|GIŠ×BAD|	𒄓
ŋešimmar	ŠA₆	𒊷
ŋeškadₓ	KAD₅	𒆓
ŋeškim	|IGI.DUB|	𒅆𒁾
ŋešmaš	|AL×GIŠ|	𒀣
ŋešnimbar	ŠA₆	𒊷
ŋešninbar	ŠA₆	𒊷
ŋešniₓ	|NU₁₁@t.SILA₃|	𒋔𒋡
ŋešnu	NU₁₁	𒉢
ŋešnu₂	|NU₁₁.IR|	𒉢𒅕
ŋešnu₃	NA₂	𒈿
ŋešpa	RU	𒊒
ŋešpaₓ	|GIŠ.RU|	𒄑𒊒
ŋešpu	RU	𒊒
ŋešpu₂	|ŠU.PAP.PAP|	𒋗𒉽𒉽
ŋešpuₓ	|GIŠ.RU|	𒄑𒊒
ŋeštae	|(4×ZA)×KUR|	𒍟
ŋeštae₂	|ZA.KUR|	𒍝𒆳
ŋeštan	|SAL.UŠ.DAM|	𒊩𒍑𒁮
ŋeštana	|SAL.UŠ.DAM|	𒊩𒍑𒁮
ŋeštana₂	|UŠ.DAM|	𒍑𒁮
ŋeštana₃	|UŠ.SAL.DAM|	𒍑𒊩𒁮
ŋeštana₄	|SAL.UŠ|	𒊩𒍑
ŋeštan₂	|UŠ.DAM|	𒍑𒁮
ŋeštan₃	|UŠ.SAL.DAM|	𒍑𒊩𒁮
ŋeštan₄	|SAL.UŠ|	𒊩𒍑
ŋeštin	GEŠTIN	𒃾
ŋeština	GEŠTIN	𒃾
ŋeštinₓ	DUB₂	𒂀
ŋeštu	PI	𒉿
ŋeštug	PI	𒉿
ŋeštug₂	|GIŠ.TUG₂.PI|	𒄑𒌆𒉿
ŋeštug₃	|GIŠ.PI.TUG₂|	𒄑𒉿𒌆
ŋeštugₓ	|TUG₂.PI.PI|	𒌆𒉿𒉿
ŋeštukul₂	|GIŠ.KU|	𒄑𒆪
ŋešturu	PA	𒉺
ŋeštu₂	|GIŠ.TUG₂.PI|	𒄑𒌆𒉿
ŋeštu₃	|GIŠ.PI.TUG₂|	𒄑𒉿𒌆
ŋeštuₓ	|PI.GIŠ.TUG₂|	𒉿𒄑𒌆
ŋeššir	|EN×GAN₂@t|	𒂙
ŋešʾu	1(GEŠU)	𒐞
ŋeš₂	1(GEŠ₂)	𒐕
ŋeš₃	UŠ	𒍑
ŋe₂₆	GA₂	𒂷
ŋe₆	MI	𒈪
ŋe₇	EŠ₂	𒂠
ŋe₉	NE	𒉈
ŋidlam	|SAL.UŠ.DAM|	𒊩𒍑𒁮
ŋidlam₂	|UŠ.DAM|	𒍑𒁮
ŋidlam₃	|UŠ.SAL.DAM|	𒍑𒊩𒁮
ŋidlam₄	|SAL.UŠ|	𒊩𒍑
ŋidri	PA	𒉺
ŋidru	PA	𒉺
ŋili₃	|KA×LI|	𒅲
ŋim₆	DU	𒁺
ŋin	DU	𒁺
ŋiparₓ	KISAL	𒆦
ŋir	HA@g	𒄫
ŋiri	HA@g	𒄫
ŋiri₁₆	|GIR₃×GAN₂@t|	𒄌
ŋiri₂	GIR₂	𒄈
ŋiri₃	GIR₃	𒄊
ŋiriₓ	|KA×LI|	𒅲
ŋir₁₅	EŠ₂	𒂠
ŋir₂	GIR₂	𒄈
ŋir₃	GIR₃	𒄊
ŋisal	GISAL	𒄐
ŋiskim	|IGI.DUB|	𒅆𒁾
ŋissu	|GIŠ.MI|	𒄑𒈪
ŋissuₓ	MI	𒈪
ŋistug	PI	𒉿
ŋitlam	|SAL.UŠ.DAM|	𒊩𒍑𒁮
ŋitlam₂	|UŠ.DAM|	𒍑𒁮
ŋitlam₃	|UŠ.SAL.DAM|	𒍑𒊩𒁮
ŋiz	GIŠ	𒄑
ŋizal	GISAL	𒄐
ŋizza	MI	𒈪
ŋizzal	|GIŠ.TUG₂.PI.NU₁₁@90.SILA₃|	𒄑𒌆𒉿𒎓𒋡
ŋizzalₓ	GIŠ	𒄑
ŋiš	GIŠ	𒄑
ŋišbum	|KI.BI.GAR|	𒆠𒁉𒃻
ŋišbun	|KI.BI.GAR|	𒆠𒁉𒃻
ŋišbun₂	|KI.BI|	𒆠𒁉
ŋišbunₓ	KI	𒆠
ŋišdu	PI	𒉿
ŋišgal	|URU×MIN|	𒍇
ŋišimmar	ŠA₆	𒊷
ŋiškadₓ	TUM	𒌈
ŋiškim	|IGI.DUB|	𒅆𒁾
ŋišnimbar	ŠA₆	𒊷
ŋišnu₂	|NU₁₁.IR|	𒉢𒅕
ŋištu	PI	𒉿
ŋištug	PI	𒉿
ŋištug₂	|GIŠ.TUG₂.PI|	𒄑𒌆𒉿
ŋištug₃	|GIŠ.PI.TUG₂|	𒄑𒉿𒌆
ŋištu₂	|GIŠ.TUG₂.PI|	𒄑𒌆𒉿
ŋištu₃	|GIŠ.PI.TUG₂|	𒄑𒉿𒌆
ŋiššir	|EN×GAN₂@t|	𒂙
ŋiš₂	1(GEŠ₂)	𒐕
ŋiš₃	UŠ	𒍑
ŋi₂₅	DUGUD	𒂂
ŋi₆	MI	𒈪
ŋi₇	EŠ₂	𒂠
ŋi₉	NE	𒉈
ŋulla	|TE.LAL|	𒋼𒇲
ŋurgu₂	MURGU₂	𒈱
ŋuruš	GURUŠ	𒄨
ŋur₂₄	MURGU₂	𒈱
ŋušur	|GA₂×(NUN&NUN)|	𒃡
ŋušur₂	|RAB.GAL|	𒊐𒃲
ŋušurₓ	LUGAL	𒈗
ŋu₁₀	MU	𒈬
ŋu₉	KUL	𒆰
ša	ŠA	𒊭
šab	|PA.IB|	𒉺𒅁
šaba	|PA.IB|	𒉺𒅁
šabalbal	KUL	𒆰
šabra	|PA.AL|	𒉺𒀠
šabra₂	|PA.E₂|	𒉺𒂍
šabu	|ŠE.NUN&NUN|	𒌁
šabuₓ	|GIŠ×TAK₄|	𒄔
šab₂	ŠA₃	𒊮
šab₄	ME	𒈨
šab₅	|PA.LU|	𒉺𒇻
šab₆	ŠAB₆	𒊸
šad	KUR	𒆳
šada	KUR	𒆳
šadi	KUR	𒆳
šadu	KUR	𒆳
šad₂	MU	𒈬
šag	SAG	𒊕
šaga	|LU₂×GAN₂@t|	𒈂
šagan	|U.GAN|	𒌋𒃶
šagan₂	ANŠE	𒀲
šaganₓ	|GA₂×AN|	𒂼
šagar	|KA×GAR|	𒅥
šaga₂	|ŠIM×LUL|	𒋏
šagaₓ	LU₂	𒇽
šagganₓ	|GA₂×AN|	𒂼
šaggin	|GIR₃.ARAD|	𒄊𒀴
šaggina	|GIR₃.ARAD|	𒄊𒀴
šagia	|SILA₃.ŠU.GABA|	𒋡𒋗𒃮
šagina	|GIR₃.ARAD|	𒄊𒀴
šag₃	PA	𒉺
šag₄	ŠA₃	𒊮
šag₅	ŠA₆	𒊷
šag₆	SIG	𒋝
šagₓ	|AB₂.ŠA₃|	𒀖𒊮
šah	ŠUBUR	𒋚
šaha	ŠUBUR	𒋚
šahab	|ŠU.DIŠ|	𒋗𒁹
šahab₂	|ŠU.DI.U.U.U|	𒋗𒁲𒌍
šahan	KUR	𒆳
šahan₂	MUŠ	𒈲
šahan₃	DUN	𒂄
šaha₂	DUN	𒂄
šah₂	DUN	𒂄
šah₃	KID	𒆤
šak	SAG	𒊕
šakaka	|KI.LAM|	𒆠𒇴
šakan	|U.GAN|	𒌋𒃶
šakanka	|KI.LAM|	𒆠𒇴
šakan₂	GIR₃	𒄊
šakan₃	ANŠE	𒀲
šakan₄	|ANŠE.AN|	𒀲𒀭
šakan₅	|NUNUZ.AB₂×AŠGAB|	𒉮
šakan₆	|GIR₃.ARAD|	𒄊𒀴
šakanₓ	|ANŠE.PA|	𒀲𒉺
šakar	SAR	𒊬
šakir	|URU×GU|	𒍀
šakira	|URU×GU|	𒍀
šakira₂	|KI.AN.UD|	𒆠𒀭𒌓
šakira₃	|URU×GA|	𒌼
šakiri	|URU×GU|	𒍀
šakir₃	|URU×GA|	𒌼
šakirₓ	|DUG×NI|	𒒥
šakkan	|U.GAN|	𒌋𒃶
šakkana	|GIR₃.ARAD|	𒄊𒀴
šakkan₂	GIR₃	𒄊
šakkan₆	|GIR₃.ARAD|	𒄊𒀴
šakkan₇	|GA₂×AN|	𒂼
šak₆	SIG	𒋝
šak₇	TUR	𒌉
šakₓ	|U.KID|	𒌋𒆤
šal	SAL	𒊩
šalambi	ŠA₃	𒊮
šalambiₓ	|ŠA₃.GIŠ.SAR|	𒊮𒄑𒊬
šalaš	|SAL.TUG₂.KU₃.GI|	𒎏𒆬𒄀
šallam	|NUN.LAGAR×SAL|	𒉦
šallur	|GIŠ%GIŠ|	𒄒
šal₂	SILA₃	𒋡
šal₃	NI	𒉌
šam	U₂	𒌑
šamagₓ	IGI@g	𒅊
šamanur	|IŠ.URUDA|	𒅖𒍏
šamanur⁺	|EŠ₂.SUD.NUN.EŠ₂.TU|	𒂠𒋤𒉣𒂠𒌅
šaman⁺	|EŠ₂.SUD.NUN.EŠ₂.TU|	𒂠𒋤𒉣𒂠𒌅
šaman₂	|U.GAN|	𒌋𒃶
šamanₓ	NI	𒉌
šamaš	UD	𒌓
šamaš₂	|U.U|	𒎙
šam₂	|NINDA₂×ŠE|	𒉚
šam₃	|NINDA₂×AN|	𒉓
šam₄	NAM	𒉆
šan	|NINDA₂×AN|	𒉓
šanaba	ŠANABI	𒑛
šanabaku₂	4(U)	𒐏
šanabi	ŠANABI	𒑛
šanabi₂	4(U)	𒐏
šanabiₓ	|ŠA.PI|	𒊭𒉿
šanapi	ŠANABI	𒑛
šandan	|GAL.NI|	𒃲𒉌
šandana	|GAL.NI|	𒃲𒉌
šandilimma	KU₇	𒆯
šanga	ŠID	𒋃
šanga₇	|PA.ŠA₆|	𒉺𒊷
šanna	|GAN₂.BU|	𒃷𒁍
šantag	DIŠ	𒁹
šantak	DIŠ	𒁹
šantak₂	GE₂₂	𒍻
šan₂	TAG	𒋳
šap	|PA.IB|	𒉺𒅁
šapra	|PA.AL|	𒉺𒀠
šapra₂	|PA.E₂|	𒉺𒂍
šap₅	|PA.LU|	𒉺𒇻
šap₆	ŠAB₆	𒊸
šaq	SAG	𒊕
šaqa	|BI.LUL|	𒁉𒈜
šaqa₂	|ŠIM×LUL|	𒋏
šaqu	|BI.LUL|	𒁉𒈜
šaqum	|BI.LUL|	𒁉𒈜
šaqu₂	|ŠIM×LUL|	𒋏
šaqu₃	GUM	𒄣
šar	SAR	𒊬
šara	BARA₂	𒁈
šarag	UD	𒌓
šaragₓ	|UD.SAR|	𒌓𒊬
šaran	|DAG.KISIM₅×BALAG|	𒁙
šaran₂	|DAG.KISIM₅×(U₂.GIR₂)|	𒁬
šarap	|KAL.EDIN|	𒆗𒂔
šara₂	|LAGAB×IGI@g|	𒇋
šara₃	|LAGAB×TAK₄|	𒇣
šara₄	|LAGAB×GUD|	𒇆
šara₅	IM	𒅎
šara₆	ŠAR₂	𒊹
šara₇	SAR	𒊬
šara₉	UD	𒌓
šaraₓ	LUGAL	𒈗
šardiš	|HI×DIŠ|	𒄱
šargad	|HI×GAD|	𒄲
šargadu	|HI×GAD|	𒄲
šargal	ŠAR₂	𒊹
šargaldiš	|ŠAR₂×(GAL.DIŠ)|	𒐲
šargalmin	|ŠAR₂×(GAL.MIN)|	𒐳
šargalₓ	|HI×DIŠ|	𒄱
šarin	|DAG.KISIM₅×(U₂.GIR₂)|	𒁬
šarnimin	|ŠAR₂×4(U)|	󰀿
šarninnu	|ŠAR₂×5(U)|	󰁀
šarniš	|ŠAR₂×(U.U)|	󰀽
šarra	LUGAL	𒈗
šarru	LUGAL	𒈗
šarrum	LUGAL	𒈗
šarru₂	|U.U|	𒎙
šaru	1(ŠARU)	𒐬
šaruminₓ	|ŠAR₂×(U.U)|	󰀽
šarušu	|ŠAR₂×(U.U.U)|	󰀾
šarŋeš	|HI×DIŠ|	𒄱
šarʾu	1(ŠARU)	𒐬
šar₂	ŠAR₂	𒊹
šar₃	LUGAL	𒈗
šar₄	|U.U|	𒎙
šar₅	IM	𒅎
šar₆	BARA₂	𒁈
šar₇	TAR	𒋻
šar₈	NI	𒉌
šar₉	NE	𒉈
šarₓ	SUR	𒋩
šas	ŠEŠ	𒋀
šasuk	|SAG.DUN₃|	𒊕𒂅
šat	KUR	𒆳
šata	KUR	𒆳
šatam	LUL	𒈜
šattam	LUL	𒈜
šatₓ	PAD	𒉻
šaz	ŠEŠ	𒋀
šaŋa	|LU₂×GAN₂@t|	𒈂
šaŋan	|U.GAN|	𒌋𒃶
šaŋanₓ	GIR₃	𒄊
šaŋar	|KA×GAR|	𒅥
šaŋaₓ	LU₂	𒇽
šaš	ŠEŠ	𒋀
šašamanur	|IŠ.URUDA|	𒅖𒍏
šaški	BU	𒁍
šašku	BU	𒁍
šaṣ	ŠEŠ	𒋀
šaṭ	KUR	𒆳
šaṭam	LUL	𒈜
ša₁₀	SA	𒊓
ša₁₁	LU₂	𒇽
ša₁₂	SAL	𒊩
ša₁₃	GA₂	𒂷
ša₁₅	|IGI.ERIN₂|	𒅆𒂟
ša₁₆	EŠ₂	𒂠
ša₁₇	|IGI.DIB|	𒅇
ša₁₈	DI	𒁲
ša₂	GAR	𒃻
ša₂₁	BI	𒁉
ša₂₂	|HU.NA₂|	𒄷𒈿
ša₂₃	BARA₂	𒁈
ša₂₄	SAG	𒊕
ša₂₆	|ŠA₃×ŠU₂|	𒊳
ša₃	ŠA₃	𒊮
ša₄	DU	𒁺
ša₅	AK	𒀝
ša₆	ŠA₆	𒊷
ša₈	SAR	𒊬
ša₉	GUM	𒄣
šaₓ	LIL	𒇸
še	ŠE	𒊺
šeb	ME	𒈨
šeb₄	SIG₄	𒋞
šed	ŠID	𒋃
šedu	KAL	𒆗
šedur	|LAGAB×(TE.A.SU.NA)|	𒇤
šedu₂	UDUG	𒌜
šedu₃	|A×LAGAR@g|	𒀆
šedšedₓ	|KAD₅.KAD₅|	𒆓𒆓
šed₁₀	|MUŠ₃.DI|	𒈹𒁲
šed₁₂	MUŠ₃	𒈹
šed₁₃	MUŠ₃@g	𒈽
šed₁₄	|KA×ŠID|	𒆂
šed₁₅	|KA×BALAG|	𒅝
šed₁₆	SIG₄	𒋞
šed₁₇	KA	𒅗
šed₃	|NUN%NUN|	𒉫
šed₄	KAD₃	𒆑
šed₅	KAD₄	𒆒
šed₆	KU	𒆪
šedₓ	|KA×ŠU|	𒆃
šeganₓ	AN	𒀭
šega₉	ŠEG₉	𒊾
šegbarₓ	ŠEG₉	𒊾
šegga	ŠEG₉	𒊾
šeggeₓ	|KA×ŠID|	𒆂
šeg₁₀	|KA×ŠID|	𒆂
šeg₁₁	|KA×BALAG|	𒅝
šeg₁₂	SIG₄	𒋞
šeg₁₃	KA	𒅗
šeg₁₄	|IM.A.AN|	𒅎𒀀𒀭
šeg₃	|A.AN|	𒀀𒀭
šeg₄	|A.ŠU₂.NAGA|	𒀀𒋙𒉀
šeg₅	|URU×TU|	𒍋
šeg₆	NE	𒉈
šeg₇	IM	𒅎
šeg₈	|ŠU₂.NAGA|	𒋙𒉀
šeg₉	ŠEG₉	𒊾
šegₓ	A	𒀀
šeh	ŠUBUR	𒋚
šek	SIG	𒋝
šeknu	|IŠ.URUDA|	𒅖𒍏
šek₂	SIK₂	𒋠
šel	TAR	𒋻
šel₄	SAL	𒊩
šem	ŠIM	𒋆
šembi	|ŠIM×IGI@g|	𒋍
šembirida	|U₂.KUR.RA|	𒌑𒆳𒊏
šembizi	ŠIM	𒋆
šembizid	ŠIM	𒋆
šembi₂	ŠIM	𒋆
šembi₃	|BI×IGI@g|	𒁌
šembulug	|BULUG&BULUG|	𒁒
šembulug₃	|ŠIM×IGI|	𒋌
šembulug₄	|ŠIM×BAL|	𒋈
šembulug₅	|ŠIM×BULUG|	𒋉
šembulugₓ	ŠIM	𒋆
šemešal	|ŠIM×SAL|	𒋑
šemmišla	|ŠIM×SAL|	𒋑
šemmug	|ŠIM×BULUG|	𒋉
šemuš	|ŠE.ŠEŠ|	𒊺𒋀
šemšala	|ŠIM×SAL|	𒋑
šem₃	|AB₂×ŠA₃|	𒀚
šem₄	|AB₂×(ME.EN)|	𒀙
šem₅	|AB₂×GAN₂@t|	𒀘
šem₆	|AB₂×TAK₄|	𒀛
šem₇	|IŠ.URUDA|	𒅖𒍏
šemₓ	|A.AN|	𒀀𒀭
šen	ŠEN	𒊿
šenbar	ŠEG₉	𒊾
šendilima	KU₇	𒆯
šeneg	ŠINIG	𒋒
šennu	|EN.ME.AD.KU₃|	𒂗𒈨𒀜𒆬
šennur	|GIŠ%GIŠ|	𒄒
šennurₓ	|U.GIŠ%GIŠ|	𒌋𒄒
šennuₓ	|ME.AD.KU₃|	𒈨𒀜𒆬
šen₂	URUDA	𒍏
šen₃	NAM	𒉆
šen₄	DUB	𒁾
šen₅	|IŠ.URUDA|	𒅖𒍏
šen₆	IŠ	𒅖
šenₓ	|IŠ.UD.KA.BAR|	𒅖𒌓𒅗𒁇
šep	ME	𒈨
šeq₂	SIK₂	𒋠
šer	ŠIR	𒋓
šerah	MUŠ	𒈲
šeraₓ	|TAG.TUG₂|	𒋳𒌆
šerba	|LAGAB×(GUD&GUD)|	𒇇
šeri	ŠIR	𒋓
šerid	TAG	𒋳
šerim	TAG	𒋳
šerimsur	|LAGAB×(ŠE.SUM)|	𒇜
šerim₂	|LAGAB×SUM|	𒇡
šerimₓ	|TAG.TUG₂|	𒋳𒌆
šerinsur	|LAGAB×(ŠE.SUM)|	𒇜
šerkan	|IM.DUB₂|	𒅎𒂀
šerrida	|UD.AN.UD|	𒌓𒀭𒌓
šeru	UZU	𒍜
šer₁₀	MUŠ	𒈲
šer₁₁	|GIR₃.BAR|	𒄊𒁇
šer₂	BU	𒁍
šer₃	EZEN	𒂡
šer₄	UZU	𒍜
šer₇	|NUN&NUN|	𒉪
šer₉	SAR	𒊬
šes	ŠEŠ	𒋀
šesag	|ŠE.LUGAL|	𒊺𒈗
šet	ŠID	𒋃
šeŋ	SIG	𒋝
šeŋbar	ŠEG₉	𒊾
šeŋ₁₄	|IM.A.AN|	𒅎𒀀𒀭
šeŋ₃	|A.AN|	𒀀𒀭
šeŋ₆	NE	𒉈
šeŋ₇	IM	𒅎
šeŋ₉	ŠEG₉	𒊾
šeŋₓ	|IM.A|	𒅎𒀀
šeš	ŠEŠ	𒋀
šešlam	ŠEŠLAM	𒋂
šešlam₂	|EN.ME.LI|	𒂗𒈨𒇷
šeššed	|NUN%NUN|	𒉫
šeššed₂	|KAD₃.KAD₃|	𒆑𒆑
šeššed₃	|KAD₄.KAD₄.KAD₅|	𒆒𒆒𒆓
šeššeg	|URU×TU.URU×TU|	𒍋𒍋
šeš₂	ŠEŠ₂	𒋁
šeš₃	|A×IGI|	𒀅
šeš₄	EREN	𒂞
šešₓ	|A.IGI|	𒀀𒅆
šeṣ	ŠEŠ	𒋀
še₁₀	KU	𒆪
še₁₁	LUL	𒈜
še₁₃	DU	𒁺
še₁₄	ŠID	𒋃
še₁₅	|ŠE.NUN&NUN|	𒌁
še₁₆	ŠEŠ	𒋀
še₁₇	|MUŠ₃.DI|	𒈹𒁲
še₁₉	SUM	𒋧
še₂	SI	𒋛
še₂₀	IGI	𒅆
še₂₁	|HU.NA₂|	𒄷𒈿
še₂₂	EREN	𒂞
še₂₃	MUŠ₃	𒈹
še₂₄	MUŠ₃@g	𒈽
še₂₅	|KA×ŠID|	𒆂
še₂₆	|KA×BALAG|	𒅝
še₂₇	SIG₄	𒋞
še₂₈	KA	𒅗
še₂₉	|LU₂×GAN₂@t|	𒈂
še₃	EŠ₂	𒂠
še₃-munu₄	|EŠ₂.PAP.PAP|	𒂠𒉽𒉽
še₃@t	EŠ₂@t	󰁤
še₆	NE	𒉈
še₇	|A.AN|	𒀀𒀭
še₈	ŠEŠ₂	𒋁
še₉	|ŠU₂.AN|	𒋙𒀭
šeₓ	|A.IGI|	𒀀𒅆
ši	IGI	𒅆
šib	ME	𒈨
šibir	|U.EN×GAN₂@t|	𒌋𒂙
šibir₂	|EN×GAN₂@t|	𒂙
šibirₓ	|EN×GAN₂|	𒂘
šib₀	|U.U.U|	𒌍
šib₂	RU	𒊒
šib₃	|PA.IB|	𒉺𒅁
šib₄	ZIB	𒍦
šid	ŠID	𒋃
šidaₓ	SUD₂	𒋥
šidi	DIM₂	𒁶
šidim	DIM₂	𒁶
šidimgalₓ	|GAL.DIM₂|	𒃲𒁶
šid₂	KAD₂	𒆐
šid₃	|NUN%NUN|	𒉫
šidₓ	|KA×BALAG|	𒅝
šig	SIG	𒋝
šigagu	AŠGAB	𒀿
šig₅	|URU×TU|	𒍋
šigₓ	|KA×BALAG|	𒅝
ših	ŠUBUR	𒋚
ših₂	KID	𒆤
šik	SIG	𒋝
šika	LA	𒆷
šikahara	|SIG₄&SIG₄.ŠU₂|	𒋟
šikangu	AŠGAB	𒀿
šikin	GAR	𒃻
šikin₂	DUG	𒂁
šikin₃	|SIK₂.LAM|	𒋠𒇴
šikinₓ	AŠGAB	𒀿
šikira₃	|URU×GA|	𒌼
šik₂	SIK₂	𒋠
šikₓ	LA	𒆷
šil	TAR	𒋻
šilam	|NUN.LAGAR×SAL|	𒉦
šilamₓ	DIM₂	𒁶
šilaₓ	|NUN.LAGAR×SAL|	𒉦
šilig	|URU×IGI|	𒍂
šilig₅	|URU×URUDA|	𒍎
šilig₆	|KA×ŠID|	𒆂
šillatₓ	|NUN.LAGAR×SAL|	𒉦
šil₃	U	𒌋
šil₄	LIŠ	𒇺
šim	ŠIM	𒋆
šimašgi	|LU₂.SU|	𒇽𒋢
šimašgi₂	|LU₂.SU.A|	𒇽𒋢𒀀
šimaški	|LU₂.SU|	𒇽𒋢
šimaški₂	|LU₂.SU.A|	𒇽𒋢𒀀
šimbi	|ŠIM×IGI@g|	𒋍
šimbirida	|U₂.KUR.RA|	𒌑𒆳𒊏
šimbizi	ŠIM	𒋆
šimbi₂	ŠIM	𒋆
šimbi₃	|BI×IGI@g|	𒁌
šimbulug	|BULUG&BULUG|	𒁒
šimbulug₂	|ŠIM×MUG|	𒋐
šimbulug₃	|ŠIM×IGI|	𒋌
šimbulug₄	|ŠIM×BAL|	𒋈
šimbulug₅	|ŠIM×BULUG|	𒋉
šimbulugₓ	|ŠIM.GA|	𒋆𒂵
šimešal	|ŠIM×SAL|	𒋑
šimeššal	|ŠIM×SAL|	𒋑
šimmešla	|ŠIM×SAL|	𒋑
šimmug	|ŠIM×BULUG|	𒋉
šim₂	NAM	𒉆
šin	ŠEN	𒊿
šina	MIN	𒈫
šindilib	KU₇	𒆯
šindilimma	KU₇	𒆯
šinig	ŠINIG	𒋒
šin₂	MIN	𒈫
šinₓ	|ŠIM×GAR|	𒋋
šip	ME	𒈨
šip₀	|U.U.U|	𒌍
šip₃	|PA.IB|	𒉺𒅁
šiq	SIG	𒋝
šiq₂	SIK₂	𒋠
šiq₄	|KA×ŠID|	𒆂
šir	ŠIR	𒋓
širam	UZU	𒍜
širim	UZU	𒍜
širi₄	UZU	𒍜
širu	UZU	𒍜
širum	UZU	𒍜
šir₁₀	MUŠ	𒈲
šir₂	BU	𒁍
šir₃	EZEN	𒂡
šir₄	UZU	𒍜
šir₅	NU	𒉡
šir₆	TUR	𒌉
šir₈	SUD	𒋤
šir₉	SAR	𒊬
širₓ	|MA@g×TAK₄|	𒈡
šit	ŠID	𒋃
šita	ŠITA	𒋖
šitalamₓ	DIM₂	𒁶
šitan	SUD₂	𒋥
šita₂	|ŠITA.GIŠ|	𒋖𒄑
šita₃	SUD₂	𒋥
šita₄	|U.KID|	𒌋𒆤
šita₅	ŠID	𒋃
šitaₓ	|GA₂.SILA₃|	𒂷𒋡
šiten	|KI.DU.KAK|	𒆠𒁺𒆕
šitenₓ	|KI.LUGAL|	𒆠𒈗
šiti	ŠID	𒋃
šitim	DIM₂	𒁶
šitim₂	ŠID	𒋃
šiz	ŠEŠ	𒋀
šizbu	GA	𒂵
šiš	ŠEŠ	𒋀
šiššalₓ	|LAK636.LAK636|	𒔌𒔌
šiš₂	ŠEŠ₂	𒋁
šiṣ	ŠEŠ	𒋀
šiṭ	ŠID	𒋃
ši₂	SI	𒋛
ši₃	SIG	𒋝
ši₄	EŠ₂	𒂠
ši₅	KU	𒆪
ši₆	ŠIM	𒋆
ši₇	IGI@g	𒅊
šiₓ	|IGI.ERIN₂|	𒅆𒂟
šu	ŠU	𒋗
šu-gi	|ŠU.GI|	𒋗𒄀
šu-u	|ŠU.U|	𒋗𒌋
šuaₓ	|GAD+DIŠ×A|	𒃰X
šub	RU	𒊒
šuba	|ZA.MUŠ₃@g|	𒍝𒈽
šubar	ŠUBUR	𒋚
šubartin	ŠU₂	𒋙
šuba₂	|ZA.MUŠ₃|	𒍝𒈹
šuba₃	|MUŠ₃.ZA|	𒈹𒍝
šuba₄	MUŠ₃	𒈹
šuba₅	RU	𒊒
šubaₓ	|LAM.SAG|	𒇴𒊕
šubtum₃	|KASKAL.LAGAB|	𒆜𒆸
šubtum₄	|KASKAL&KASKAL.LAGAB&LAGAB|	XX
šubtum₅	|KASKAL.LAGAB×U|	𒆜𒇥
šubtum₆	|KASKAL.(LAGAB×U)&(LAGAB×U)|	𒆝
šubtum₇	|(KASKAL.LAGAB×U)&(KASKAL.LAGAB×U)|	𒆞
šubtumₓ	KASKAL	𒆜
šubtu₃	|KASKAL.LAGAB|	𒆜𒆸
šubtu₄	|KASKAL&KASKAL.LAGAB&LAGAB|	XX
šubtu₅	|KASKAL.LAGAB×U|	𒆜𒇥
šubtu₆	|KASKAL.(LAGAB×U)&(LAGAB×U)|	𒆝
šubtu₇	|(KASKAL.LAGAB×U)&(KASKAL.LAGAB×U)|	𒆞
šubul	AN	𒀭
šubun	|KI.BI.GAR|	𒆠𒁉𒃻
šubur	ŠUBUR	𒋚
šubura	ŠUBUR	𒋚
šubur₂	ARAD	𒀴
šubuₓ	|U₂.ZA.MUŠ₃|	𒌑𒍝𒈹
šub₃	|PA.IB|	𒉺𒅁
šub₄	MUNSUB	𒈰
šub₅	|ZI&ZI.EŠ₂|	𒍤𒂠
šub₆	ŠID	𒋃
šub₇	|ZA.MUŠ₃@g|	𒍝𒈽
šub₈	|ZA.MUŠ₃|	𒍝𒈹
šubₓ	|A.ZI&ZI|	𒀀𒍤
šud	SUD	𒋤
šudaminₓ	ŠANABI	𒑛
šudaₓ	ŠUŠANA	𒑚
šude₃	|KA×ŠU|	𒆃
šuduggaₓ	|LAGAB×DAR|	𒇂
šudul	|ŠU₂.DUN₄|	𒋙𒂈
šudulu	|ŠU₂.DUN₄|	𒋙𒂈
šudul₂	|U.TUG₂|	𒌋𒌆
šudul₃	|ŠU₂.UR@s|	𒋙𒌪
šudul₄	DUN₄	𒂈
šudul₅	UR@s	𒌪
šudul₆	|U.KID|	𒌋𒆤
šudulₓ	|GAR.TUG₂|	𒃻𒌆
šudum	ŠID	𒋃
šudun	|ŠU₂.DUN₄|	𒋙𒂈
šudun₂	|U.TUG₂|	𒌋𒌆
šudun₃	|ŠU₂.UR@s|	𒋙𒌪
šudun₄	DUN₄	𒂈
šudun₅	UR@s	𒌪
šuduyuₓ	MUNSUB	𒈰
šudu₃	|KA×ŠU|	𒆃
šuduₓ	|KA.ŠU|	𒅗𒋗
šud₂	BU	𒁍
šud₃	|KA×ŠU|	𒆃
šud₄	ŠID	𒋃
šudₓ	KA	𒅗
šug	PAD	𒉻
šugalanzuₓ	|EN.GA₂×SAL.DIM₂|	𒂗𒃣𒁶
šugbar	|ŠU.KAL|	𒋗𒆗
šugi	|ŠU.GI%GI|	𒋗𒄃
šugmaš	|ŠU.KAL|	𒋗𒆗
šugur	LUGAL	𒈗
šugurₓ	|DUG×NI|	𒒥
šuh	MUŠ₃@g	𒈽
šuhub	|ŠU₂.3×AN|	𒋙𒀯
šuhub₂	|3×AN|	𒀯
šuhub₄	|ŠU.DI.U.U.U|	𒋗𒁲𒌍
šuhubₓ	|AN.3×AN|	𒀭𒀯
šuhuš	DU@g	𒁼
šuhuš₂	|UR₂×AL|	𒌮
šuh₂	ŠUBUR	𒋚
šuk	PAD	𒉻
šukal	LUH	𒈛
šukbar	|ŠU.KAL|	𒋗𒆗
šukkal	LUH	𒈛
šukra	|ŠU.GAN₂@t|	𒋗𒃸
šuku	PAD	𒉻
šukud₂	|ŠU.HA|	𒋗𒄩
šukumₓ	|LAGAB×KUL|	𒇒
šukun₃	PAD	𒉻
šukur	|IGI.KAK|	𒅆𒆕
šukur₂	PAD	𒉻
šukurₓ	|DUG×NI|	𒒥
šuku₂	|ŠU.HA|	𒋗𒄩
šuk₂	MUG	𒈮
šuk₃	|LAGAB×A|	𒆹
šukₓ	MUŠ₃@g	𒈽
šul	DUN	𒂄
šullat	IDIM	𒅂
šullat₂	PA	𒉺
šullatₓ	|PA.PA|	𒉺𒉺
šuluₓ	DUN	𒂄
šul₃	DI	𒁲
šum	TAG	𒋳
šumati	|MU.ME.U.U.U|	𒈬𒎌
šumgamme	|TAG.GAM.ME|	𒋳𒃵𒈨
šumu	MU	𒈬
šumugₓ	UM	𒌝
šumun	TIL	𒌀
šumunda	|LAGAR@g&LAGAR@g.ŠE|	𒇰
šumunₓ	|LAGAR@g&LAGAR@g.ŠE|	𒇰
šumu₂	SUM	𒋧
šumu₃	TAG	𒋳
šumuₓ	BAD	𒁁
šum₂	SUM	𒋧
šum₃	MU	𒈬
šum₄	TIL	𒌀
šum₅	BUR₂	𒁔
šun	ŠEN	𒊿
šunigin	|ŠU.GAN₂@t|	𒋗𒃸
šuniŋin	|ŠU.GAN₂@t|	𒋗𒃸
šun₂	|3×AN|	𒀯
šun₃	GUL	𒄢
šun₄	SUM	𒋧
šup	RU	𒊒
šup₂	AŠ	𒀸
šup₃	|PA.IB|	𒉺𒅁
šuq	PAD	𒉻
šuquₓ	|ŠIM×LUL|	𒋏
šur	SUR	𒋩
šurim	|LAGAB×(GUD&GUD)|	𒇇
šurim₃	|LAGAB×GUD|	𒇆
šurin₄	|DAG.KISIM₅×NE|	𒁨
šurin₅	|DAG.KISIM₅×(U₂.GIR₂)|	𒁬
šuripak	|SU.KUR.RU|	𒋢𒆳𒊒
šuripak₂	|LAM×(KUR.RU)|	𒇶
šurippak	|SU.KUR.RU|	𒋢𒆳𒊒
šurippak₂	|LAM×(KUR.RU)|	𒇶
šurmen	|ŠU.ME.EREN|	𒋗𒈨𒂞
šurmenₓ	EREN	𒂞
šurmin	|ŠU.ME.EREN|	𒋗𒈨𒂞
šuru	|LAGAB×(GUD&GUD)|	𒇇
šurum	|LAGAB×(GUD&GUD)|	𒇇
šurum₃	|LAGAB×GUD|	𒇆
šurum₆	TAK₄	𒋺
šurum₇	|NINDA₂×AŠ|	𒉔
šurumₓ	|URU×GU|	𒍀
šurun	|LAGAB×(GUD&GUD)|	𒇇
šurun₂	|LAGAB×TAK₄|	𒇣
šurun₃	|LAGAB×GUD|	𒇆
šurun₄	|DAG.KISIM₅×NE|	𒁨
šurun₅	|DAG.KISIM₅×(U₂.GIR₂)|	𒁬
šurupak	|SU.KUR.RU|	𒋢𒆳𒊒
šurupak₂	|LAM×(KUR.RU)|	𒇶
šuruppag	|SU.KUR.RU|	𒋢𒆳𒊒
šuruppak	|SU.KUR.RU|	𒋢𒆳𒊒
šuruppak₂	|LAM×(KUR.RU)|	𒇶
šuruppakₓ	|SU.RU×KUR|	𒋢X
šuru₂	|LAGAB×TAK₄|	𒇣
šuru₃	|LAGAB×GUD|	𒇆
šuru₆	TAK₄	𒋺
šuruₓ	E	𒂊
šur₂	SAG@g	𒊨
šur₃	ŠIR	𒋓
šur₄	|LAL₂.SAR|	𒇳𒊬
šur₅	|LAL.LAGAB|	𒇲𒆸
šur₆	|LAL₂.LAGAB|	𒇳𒆸
šurₓ	LAL	𒇲
šusbu	MUŠ₃@g	𒈽
šut	SUD	𒋤
šutug	PAD	𒉻
šutug₂	|HI×NUN.ME|	𒄴𒈨
šutul	|ŠU₂.DUN₄|	𒋙𒂈
šutul₂	|U.TUG₂|	𒌋𒌆
šutul₃	|ŠU₂.UR@s|	𒋙𒌪
šutul₄	DUN₄	𒂈
šutul₅	UR@s	𒌪
šutul₆	|U.KID|	𒌋𒆤
šutulₓ	|U.UR@s|	𒌋𒌪
šutum	|GI.NA.AB.U.GUD|	𒄀𒈾𒀊𒌌
šutum₃	ŠID	𒋃
šutumₓ	|GI₄.NA.AB.TUM|	𒄄𒈾𒀊𒌈
šutun₄	DUN₄	𒂈
šutun₅	UR@s	𒌪
šutur	MAH	𒈤
šuwati	|MU.ME.U.U.U|	𒈬𒎌
šuz	SUD	𒋤
šuzi	UR	𒌨
šuš	U	𒌋
šušana	ŠUŠANA	𒑚
šušanaku	|U.U|	𒎙
šušana₂	|U.U|	𒎙
šušbar	|AL×UŠ|	𒀨
šušgim	GUD	𒄞
šušin	|MUŠ₃.EREN|	𒈹𒂞
šušina	|MUŠ₃.EREN|	𒈹𒂞
šušinak	|MUŠ₃.EREN|	𒈹𒂞
šušinakₓ	MUŠ₃@g	𒈽
šušinₓ	|ŠE.NAM₂|	𒊺𒉇
šušmaš	|AL×UŠ|	𒀨
šušru	|PAP.PAP.4×IDIM|	𒉽𒉽X
šušu	SUD₂	𒋥
šušudi	|KA×ŠU|	𒆃
šušum	|MUŠ₃.EREN|	𒈹𒂞
šušun	|MUŠ₃.EREN|	𒈹𒂞
šušur	|AŠ&AŠ&AŠ|	𒀼
šušurum	|NINDA₂×(AŠ.AŠ)|	𒉕
šušur₂	|(AŠ&AŠ&AŠ)%(AŠ&AŠ&AŠ)|	𒀽
šušuₓ	|MUŠ₃.SIK₂.LAM|	𒈹𒋠𒇴
šuššanₓ	ŠUŠANA	𒑚
šuš₂	ŠU₂	𒋙
šuš₃	IŠ	𒅖
šuš₄	TAG	𒋳
šuš₅	|LAGAB×ŠU₂|	𒇟
šuš₆	|LAGAB×(ŠU₂.ŠU₂)|	𒇠
šušₓ	|ŠE.NAM₂|	𒊺𒉇
šuṭ	SUD	𒋤
šu₁₀	MU	𒈬
šu₁₁	SU	𒋢
šu₁₂	|KA×ŠU|	𒆃
šu₁₃	BI	𒁉
šu₁₄	TAG	𒋳
šu₁₅	ZUM	𒍮
šu₁₆	|U.UD|	𒌋𒌓
šu₁₇	|IM.ŠU₂|	𒅎𒋙
šu₂	ŠU₂	𒋙
šu₃	EŠ₂	𒂠
šu₄	U	𒌋
šu₅	|LAGAB×ŠU₂|	𒇟
šu₆	|LAGAB×(ŠU₂.ŠU₂)|	𒇠
šu₇	GAR	𒃻
šuₓ	|DU.DU|	𒁺𒁺
ʾ	ALEPH	𒀪
ʾa	ALEPH	𒀪
ʾa₃	E₂	𒂍
ʾa₄	HA	𒄩
ʾa₅	NI	𒉌
ʾe	ALEPH	𒀪
ʾeₓ	EN	𒂗
ʾi	ALEPH	𒀪
ʾi₃	HI	𒄭
ʾu	ALEPH	𒀪
ʾu₃	|LAGAB×GUD|	𒇆
ʾu₄	A	𒀀
ʾu₅	HU	𒄷
ʾuₓ	EN	𒂗
ṣa	ZA	𒍝
ṣab	ERIN₂	𒂟
ṣah	NE	𒉈
ṣah₂	KID	𒆤
ṣak	ZAG	𒍠
ṣal	NI	𒉌
ṣalam	SAG@g	𒊨
ṣalₓ	SAL	𒊩
ṣap	ERIN₂	𒂟
ṣapa	ERIN₂	𒂟
ṣar	|LAGAB×SUM|	𒇡
ṣara	|LAGAB×SUM|	𒇡
ṣar₂	AMAR	𒀫
ṣar₃	MUŠ	𒈲
ṣa₃	AN	𒀭
ṣe	ZE₂	𒍢
ṣeh	ŠUBUR	𒋚
ṣeh₂	NE	𒉈
ṣep	ZIB	𒍦
ṣer	MUŠ	𒈲
ṣe₂	ZI	𒍣
ṣi	ZE₂	𒍢
ṣib	ZIB	𒍦
ṣibi	ZIB	𒍦
ṣib₂	ZIG	𒍨
ṣil	NUN	𒉣
ṣil₂	MI	𒈪
ṣil₃	|AN.SAG@g|	𒀭𒊨
ṣil₄	|GIŠ.MI|	𒄑𒈪
ṣim	ZUM	𒍮
ṣin	|U.U.U|	𒌍
ṣip	ZIB	𒍦
ṣir	MUŠ	𒈲
ṣiṣ	BAD	𒁁
ṣi₂	ZI	𒍣
ṣi₃	SI	𒋛
ṣi₉	EŠ₂	𒂠
ṣu	ZUM	𒍮
ṣum	ZUM	𒍮
ṣur	AMAR	𒀫
ṣuru	AMAR	𒀫
ṣurṣub	DUG	𒂁
ṣurṣub₂	KAL	𒆗
ṣur₂	MUŠ	𒈲
ṣu₂	ZU	𒍪
ṭa	DA	𒁕
ṭab	TAB	𒋰
ṭab₃	DIB	𒁳
ṭab₆	HI	𒄭
ṭah	|MU&MU|	𒈭
ṭah₂	GABA	𒃮
ṭak	DAG	𒁖
ṭal	RI	𒊑
ṭam	DAM	𒁮
ṭam₂	UD	𒌓
ṭan	KAL	𒆗
ṭap	TAB	𒋰
ṭap₃	DIB	𒁳
ṭar	TAR	𒋻
ṭar₂	DAR	𒁯
ṭar₃	DARA₃	𒁰
ṭat	TAK₄	𒋺
ṭaš	UR	𒌨
ṭa₂	TA	𒋫
ṭa₃	HI	𒄭
ṭa₄	DAM	𒁮
ṭe	DI	𒁲
ṭeb	DIB	𒁳
ṭel	BAD	𒁁
ṭem	DIM	𒁴
ṭem₂	DIM₂	𒁶
ṭen	DIN	𒁷
ṭep	DIB	𒁳
ṭer	|SI.A|	𒋛𒀀
ṭer₅	|ŠE.NUN&NUN|	𒌁
ṭe₂	TI₂	𒎗
ṭe₃	NE	𒉈
ṭe₄	TE	𒋼
ṭe₅	DE₂	𒌤
ṭe₆	TI	𒋾
ṭi	DI	𒁲
ṭib	DIB	𒁳
ṭibₓ	HI	𒄭
ṭil	AŠ	𒀸
ṭil₂	BAD	𒁁
ṭim	DIM	𒁴
ṭim₂	DIM₂	𒁶
ṭin	DIN	𒁷
ṭip	DIB	𒁳
ṭir	|SI.A|	𒋛𒀀
ṭir₂	TAR	𒋻
ṭir₃	SUR	𒋩
ṭir₄	DAR	𒁯
ṭir₅	|ŠE.NUN&NUN|	𒌁
ṭiš	DIŠ	𒁹
ṭi₂	TI₂	𒎗
ṭi₃	TI	𒋾
ṭi₄	TE	𒋼
ṭi₅	NE	𒉈
ṭiₓ	DE₂	𒌤
ṭu	DUN₃	𒂅
ṭub	DUB	𒁾
ṭub₂	DUB₂	𒂀
ṭuh	GABA	𒃮
ṭul	|LAGAB×U|	𒇥
ṭul₃	LAGAR@g	𒇯
ṭul₄	UR@s	𒌪
ṭum	TUM	𒌈
ṭup	DUB	𒁾
ṭur	|GU₂×KAK|	𒄙
ṭuru	|GU₂×KAK|	𒄙
ṭur₂	DUR₂	𒂉
ṭur₃	TUR	𒌉
ṭur₄	|GIŠ%GIŠ|	𒄒
ṭur₅	A	𒀀
ṭuš	KU	𒆪
ṭu₂	TU	𒌅
ṭu₃	DU	𒁺
ṭu₄	TUM	𒌈
ṭu₅	GABA	𒃮
ṭu₆	|KA×LI|	𒅲
₁(aš)	AŠ	𒀸
₁(aš@t)	AŠ@t	𒀹
₁(ban₂)	1(BAN₂)	𒑏
₁(barig)	DIŠ	𒁹
₁(barig@v)	1/4(GUR)	𒑣
₁(bariga)	DIŠ	𒁹
₁(bariga)@v	1/4(GUR)	𒑣
₁(burʾu)	U@g	𒐴
₁(bur₃)	U	𒌋
₁(diš)	DIŠ	𒁹
₁(diš@t)	AŠ@t	𒀹
₁(eše₃)	1(EŠE₃)	𒑘
₁(gešmin@c)	GEŠMIN@c	𒖚
₁(gešminʾu@c)	GEŠMINU@c	𒖣
₁(gešu)	1(GEŠU)	𒐞
₁(gešʾu)	1(GEŠU)	𒐞
₁(gešʾu@v)	|GEŠU@c×KASKAL|	󰀫
₁(geš₂)	1(GEŠ₂)	𒐕
₁(iku)	AŠ	𒀸
₁(iku@t)	AŠ@t	𒀹
₁(u)	U	𒌋
₁(ŋešmin@c)	GEŠMIN@c	𒖚
₁(ŋešminʾu@c)	GEŠMINU@c	𒖣
₁(ŋešʾu)	1(GEŠU)	𒐞
₁(ŋešʾu@v)	|GEŠU@c×KASKAL|	󰀫
₁(ŋeš₂)	1(GEŠ₂)	𒐕
₁(šargal)	ŠAR₂	𒊹
₁(šargal~a)	|HI×DIŠ|	𒄱
₁(šaru)	1(ŠARU)	𒐬
₁(šarʾu)	1(ŠARU)	𒐬
₁(šarʾu@v)	|ŠAR₂×KASKAL|	󰁄
₁(šar₂)	ŠAR₂	𒊹
₁(šu)	ŠU	𒋗
₁/₂(aš)	1(BAN₂)	𒑏
₁/₂(barig@c)	F₈	𒖋
₁/₂(bariga@c)	F₈	𒖋
₁/₂(diš)	MAŠ	𒈦
₁/₂(diš)@v	BAR	𒁇
₁/₂(gur)	1/2(GUR)	𒑤
₁/₂(iku)	AŠ@t	𒀹
₁/₂(iku@c@v)	F₈	𒖋
₁/₂(iku@t)	1/4(GUR)	𒑣
₁/₃(aš)	ŠUŠANA	𒑚
₁/₃(aš@c)	F₁	𒑝
₁/₃(aš@c@₉₀)	F₁	𒑝
₁/₃(aš@v)	|NINDA₂×(ŠE.AŠ)|	𒉜
₁/₃(diš)	ŠUŠANA	𒑚
₁/₃(diš@c)	F₁	𒑝
₁/₃(iku)	ŠUŠANA	𒑚
₁/₃(|ninda₂×(še.aš)|)	|NINDA₂×(ŠE.AŠ)|	𒉜
₁/₃(|ninda₂×(še.₁(aš))|)	|NINDA₂×(ŠE.AŠ)|	𒉜
₁/₄(diš)	F₆	𒑢
₁/₄(iku)	F₄	𒑠
₁/₄(iku@t)	F₉	󰀕
₁/₆(diš)	F₅	𒑡
₁/₆(diš)@v	1/4(GUR)	𒑣
₁/₈(iku)	F₃	𒑟
₁₀(bur₃@c)	10(U@c)	󰀓
₂(aš)	2(AŠ)	𒐀
₂(aš@t)	2(AŠ@t)	𒑊
₂(ban₂)	2(BAN₂)	𒑐
₂(barig)	NIGIDAMIN	𒑖
₂(barig@v)	1/2(GUR)	𒑤
₂(bariga)	NIGIDAMIN	𒑖
₂(bariga)@v	1/2(GUR)	𒑤
₂(burʾu)	2(BURU)	𒐵
₂(bur₃)	|U.U|	𒎙
₂(diš)	MIN	𒈫
₂(diš@t)	2(AŠ@t)	𒑊
₂(eše₃)	2(EŠE₃)	𒑙
₂(gešmin@c)	2(GEŠMIN@c)	𒖛
₂(gešminʾu@c)	2(GEŠMINU@c)	𒖤
₂(gešu)	2(GEŠU)	𒐟
₂(gešʾu)	2(GEŠU)	𒐟
₂(gešʾu@v)	2(|GEŠU@c×KASKAL|)	󰀬
₂(geš₂)	2(GEŠ₂)	𒐖
₂(iku)	2(AŠ)	𒐀
₂(iku@t)	2(AŠ@t)	𒑊
₂(u)	|U.U|	𒎙
₂(ŋešmin@c)	2(GEŠMIN@c)	𒖛
₂(ŋešminʾu@c)	2(GEŠMINU@c)	𒖤
₂(ŋešʾu)	2(GEŠU)	𒐟
₂(ŋešʾu@v)	2(|GEŠU@c×KASKAL|)	󰀬
₂(ŋeš₂)	2(GEŠ₂)	𒐖
₂(šargal)	2(ŠAR₂)	𒐣
₂(šaru)	2(ŠARU)	𒐭
₂(šaru)~a	|ŠAR₂×(U.U)|	󰀽
₂(šarʾu)	2(ŠARU)	𒐭
₂(šar₂)	2(ŠAR₂)	𒐣
₂/₃(aš)	ŠANABI	𒑛
₂/₃(aš@c)	F₂	𒑞
₂/₃(aš@c@₉₀)	F₂	𒑞
₂/₃(aš@v)	|NINDA₂×(ŠE.AŠ.AŠ)|	𒉝
₂/₃(diš)	ŠANABI	𒑛
₂/₃(diš@c)	F₂	𒑞
₂/₃(|ninda₂×(še.aš.aš)|)	|NINDA₂×(ŠE.AŠ.AŠ)|	𒉝
₂/₃(|ninda₂×(še.₂(aš))|)	|NINDA₂×(ŠE.AŠ.AŠ)|	𒉝
₃(aš)	3(AŠ)	𒐁
₃(aš)@v	3(AŠ~b)	𒐻
₃(aš@t)	3(AŠ@t)	𒑋
₃(aš@v)	|AŠ&AŠ&AŠ|	𒀼
₃(aš~a)	|AŠ&AŠ&AŠ|	𒀼
₃(ban₂)	3(BAN₂)	𒑑
₃(barig)	NIGIDAEŠ	𒑗
₃(barig@v)	3/4(GUR)	𒑤𒑣
₃(bariga)	NIGIDAEŠ	𒑗
₃(bariga)@v	3/4(GUR)	𒑤𒑣
₃(burʾu)	3(BURU)	𒐶
₃(burʾu)@v	3(BURU@v)	𒐷
₃(bur₃)	|U.U.U|	𒌍
₃(diš)	3(DIŠ)	𒐈
₃(diš@t)	3(AŠ@t)	𒑋
₃(eše₃)	3(EŠE₃)	󰀘
₃(gešmin@c)	3(GEŠMIN@c)	𒖜
₃(gešminʾu@c)	3(GEŠMINU@c)	𒖥
₃(gešu)	3(GEŠU)	𒐠
₃(gešʾu)	3(GEŠU)	𒐠
₃(gešʾu@v)	3(|GEŠU@c×KASKAL|)	󰀭
₃(geš₂)	3(GEŠ₂)	𒐗
₃(iku)	3(AŠ)	𒐁
₃(iku@t)	3(AŠ@t)	𒑋
₃(u)	|U.U.U|	𒌍
₃(ŋešmin@c)	3(GEŠMIN@c)	𒖜
₃(ŋešminʾu@c)	3(GEŠMINU@c)	𒖥
₃(ŋešʾu)	3(GEŠU)	𒐠
₃(ŋešʾu@v)	3(|GEŠU@c×KASKAL|)	󰀭
₃(ŋeš₂)	3(GEŠ₂)	𒐗
₃(šargal)	3(ŠAR₂)	𒐤
₃(šaru)	3(ŠARU)	𒐮
₃(šaru)@v	3(ŠARU)@v	𒐯
₃(šaru)~a	|ŠAR₂×(U.U.U)|	󰀾
₃(šarʾu)	3(ŠARU)	𒐮
₃(šarʾu)@v	3(ŠARU)@v	𒐯
₃(šar₂)	3(ŠAR₂)	𒐤
₃(šar₂)@v	3(ŠAR₂)@v	𒐥
₃/₄(iku)	GE₂₂	𒍻
₄(aš)	4(AŠ)	𒐂
₄(aš@t)	4(AŠ@t)	𒑌
₄(aš@v)	4(AŠ~a)	𒐽
₄(ban₂)	4(BAN₂)	𒑒
₄(ban₂)@v	4(BAN₂@v)	𒑓
₄(barig)	4(DIŠ)	𒐉
₄(bariga)	4(DIŠ)	𒐉
₄(burʾu)	4(BURU)	𒐸
₄(bur₃)	4(U)	𒐏
₄(diš)	4(DIŠ)	𒐉
₄(diš)@v	LIMMU	𒐼
₄(diš)~a	LIMMU~a	𒐾
₄(diš)~b	LIMMU~b	𒐿
₄(diš@t)	4(AŠ@t)	𒑌
₄(diš@v)	LIMMU~a	𒐾
₄(diš@v)~b	LIMMU~b	𒐿
₄(eše₃@c)	4(EŠE₃@c)	󰀙
₄(gešmin@c)	4(GEŠMIN@c)	𒖝
₄(gešminʾu@c)	4(GEŠMINU@c)	𒖦
₄(gešu)	4(GEŠU)	𒐡
₄(gešʾu)	4(GEŠU)	𒐡
₄(gešʾu@v)	4(|GEŠU@c×KASKAL|)	󰀮
₄(geš₂)	4(GEŠ₂)	𒐘
₄(iku)	4(AŠ)	𒐂
₄(iku@t)	4(AŠ@t)	𒑌
₄(u)	4(U)	𒐏
₄(u)@v	4(U)@v	𒑧
₄(ŋešmin@c)	4(GEŠMIN@c)	𒖝
₄(ŋešminʾu@c)	4(GEŠMINU@c)	𒖦
₄(ŋešʾu)	4(GEŠU)	𒐡
₄(ŋešʾu@v)	4(|GEŠU@c×KASKAL|)	󰀮
₄(ŋeš₂)	4(GEŠ₂)	𒐘
₄(šargal)	4(ŠAR₂)	𒐦
₄(šaru)	4(ŠARU)	𒐰
₄(šaru)~a	|ŠAR₂×4(U)|	󰀿
₄(šarʾu)	4(ŠARU)	𒐰
₄(šar₂)	4(ŠAR₂)	𒐦
₅(aš)	5(AŠ)	𒐃
₅(aš@t)	5(AŠ@t)	𒑍
₅(aš@v)	I	𒄿
₅(aš~a)	I	𒄿
₅(ban₂)	5(BAN₂)	𒑔
₅(ban₂)@v	5(BAN₂@v)	𒑕
₅(burʾu)	5(BURU)	𒐹
₅(bur₃)	5(U)	𒐐
₅(diš)	5(DIŠ)	𒐊
₅(diš@t)	5(AŠ@t)	𒑍
₅(gešmin@c)	5(GEŠMIN@c)	𒖞
₅(gešminʾu@c)	5(GEŠMINU@c)	𒖧
₅(gešu)	5(GEŠU)	𒐢
₅(gešʾu)	5(GEŠU)	𒐢
₅(gešʾu@v)	5(|GEŠU@c×KASKAL|)	󰀯
₅(geš₂)	5(GEŠ₂)	𒐙
₅(iku)	5(AŠ)	𒐃
₅(iku@t)	5(AŠ@t)	𒑍
₅(u)	5(U)	𒐐
₅(u)@v	5(U)@v	𒑨
₅(ŋešmin@c)	5(GEŠMIN@c)	𒖞
₅(ŋešminʾu@c)	5(GEŠMINU@c)	𒖧
₅(ŋešʾu)	5(GEŠU)	𒐢
₅(ŋešʾu@v)	5(|GEŠU@c×KASKAL|)	󰀯
₅(ŋeš₂)	5(GEŠ₂)	𒐙
₅(šargal)	5(ŠAR₂)	𒐧
₅(šaru)	5(ŠARU)	𒐱
₅(šaru)~a	|ŠAR₂×5(U)|	󰁀
₅(šarʾu)	5(ŠARU)	𒐱
₅(šar₂)	5(ŠAR₂)	𒐧
₅/₆(aš)	KINGUSILI	𒑜
₅/₆(diš)	KINGUSILI	𒑜
₆(aš)	6(AŠ)	𒐄
₆(aš@t)	6(AŠ@t)	𒑎
₆(aš@v)	6(AŠ~a)	𒑀
₆(ban₂)	DIŠ	𒁹
₆(bur₃)	6(U)	𒐑
₆(diš)	6(DIŠ)	𒐋
₆(diš@t)	6(AŠ@t)	𒑎
₆(gešmin@c)	6(GEŠMIN@c)	𒖟
₆(gešʾu@c)	6(GEŠU@c)	󰀩
₆(gešʾu@v)	6(|GEŠU@c×KASKAL|)	󰀰
₆(geš₂)	6(GEŠ₂)	𒐚
₆(iku)	6(AŠ)	𒐄
₆(u)	6(U)	𒐑
₆(ŋešmin@c)	6(GEŠMIN@c)	𒖟
₆(ŋešʾu@c)	6(GEŠU@c)	󰀩
₆(ŋešʾu@v)	6(|GEŠU@c×KASKAL|)	󰀰
₆(ŋeš₂)	6(GEŠ₂)	𒐚
₆(šargal)	6(ŠAR₂)	𒐨
₆(šaru)~a	|HI×DIŠ|	𒄱
₆(šaru@v)	6(ŠARU@v)	󰀺
₆(šarʾu@v)	6(ŠARU@v)	󰀺
₆(šar₂)	6(ŠAR₂)	𒐨
₇(aš)	7(AŠ)	𒐅
₇(aš@v)	7(AŠ~a)	𒑁
₇(ban₂)	|1(DIŠ).1(BAN₂)|	𒁹𒑏
₇(bur₃)	7(U)	𒐒
₇(diš)	7(DIŠ)	𒐌
₇(diš)@v	7(DIŠ)~a	𒑂
₇(diš)@v~b	7(DIŠ)~b	𒑃
₇(gešmin@c)	7(GEŠMIN@c)	𒖠
₇(gešʾu)	7(GEŠU)	󰀦
₇(gešʾu@v)	7(|GEŠU@c×KASKAL|)	󰀱
₇(geš₂)	7(GEŠ₂)	𒐛
₇(iku)	7(AŠ)	𒐅
₇(u)	7(U)	𒐒
₇(ŋešmin@c)	7(GEŠMIN@c)	𒖠
₇(ŋešʾu)	7(GEŠU)	󰀦
₇(ŋešʾu@v)	7(|GEŠU@c×KASKAL|)	󰀱
₇(ŋeš₂)	7(GEŠ₂)	𒐛
₇(šargal)	7(ŠAR₂)	𒐩
₇(šar₂)	7(ŠAR₂)	𒐩
₈(aš)	8(AŠ)	𒐆
₈(aš@v)	USSU₃	𒑅
₈(aš~a)	USSU₃	𒑅
₈(ban₂)	|1(DIŠ).2(BAN₂)|	𒁹𒑐
₈(bur₃)	8(U)	𒐓
₈(diš)	8(DIŠ)	𒐍
₈(gešmin@c)	8(GEŠMIN@c)	𒖡
₈(geš₂)	8(GEŠ₂)	𒐜
₈(u)	8(U)	𒐓
₈(ŋešmin@c)	8(GEŠMIN@c)	𒖡
₈(ŋeš₂)	8(GEŠ₂)	𒐜
₈(šargal)	8(ŠAR₂)	𒐪
₈(šar₂)	8(ŠAR₂)	𒐪
₉(aš)	9(AŠ)	𒐇
₉(aš~a)	ILIMMU₃	𒑇
₉(ban₂)	|1(DIŠ).3(BAN₂)|	𒁹𒑑
₉(bur₃)	9(U)	𒐔
₉(diš)	9(DIŠ)	𒐎
₉(diš)@v	9(DIŠ~b)	𒑈
₉(diš)~a	ILIMMU	𒑆
₉(diš@v)	9(DIŠ~c)	𒑉
₉(gešmin@c)	9(GEŠMIN@c)	𒖢
₉(geš₂)	9(GEŠ₂)	𒐝
₉(u)	9(U)	𒐔
₉(ŋešmin@c)	9(GEŠMIN@c)	𒖢
₉(ŋeš₂)	9(GEŠ₂)	𒐝
₉(šargal)	9(ŠAR₂)	𒐫
₉(šar₂)	9(ŠAR₂)	𒐫
